road_id,accident_id,road_type,lighting,road_condition,response_time
R1,1,Expressway,Dim Light,Wet,<10 min
R2,2,City Road,Daylight,Under Construction,<10 min
R3,3,Expressway,No Light,Under Construction,10-20 min
R4,4,City Road,Dim Light,Dry,<10 min
R5,5,Expressway,Dim Light,Under Construction,<10 min
R6,6,Rural Road,Daylight,Under Construction,<10 min
R7,7,Rural Road,Street Light,Under Construction,>30 min
R8,8,Expressway,Street Light,Damaged,<10 min
R9,9,Expressway,Daylight,Wet,<10 min
R10,10,City Road,Daylight,Under Construction,10-20 min
R11,11,Rural Road,Daylight,Dry,>30 min
R12,12,Rural Road,Street Light,Damaged,10-20 min
R13,13,Expressway,Street Light,Damaged,<10 min
R14,14,City Road,No Light,Damaged,10-20 min
R15,15,Highway,No Light,Wet,20-30 min
R16,16,Rural Road,Dim Light,Dry,<10 min
R17,17,Expressway,Street Light,Under Construction,<10 min
R18,18,Expressway,Dim Light,Dry,20-30 min
R19,19,Expressway,Dim Light,Wet,20-30 min
R20,20,City Road,Dim Light,Damaged,20-30 min
R21,21,Rural Road,Street Light,Dry,>30 min
R22,22,Highway,Dim Light,Wet,>30 min
R23,23,Highway,Street Light,Wet,10-20 min
R24,24,Highway,No Light,Damaged,20-30 min
R25,25,Highway,Street Light,Dry,10-20 min
R26,26,Rural Road,Dim Light,Damaged,20-30 min
R27,27,Highway,Dim Light,Dry,>30 min
R28,28,Highway,Dim Light,Damaged,>30 min
R29,29,Expressway,Daylight,Wet,20-30 min
R30,30,Rural Road,No Light,Wet,20-30 min
R31,31,Expressway,Dim Light,Damaged,>30 min
R32,32,Rural Road,Daylight,Dry,20-30 min
R33,33,City Road,No Light,Under Construction,<10 min
R34,34,Highway,No Light,Damaged,>30 min
R35,35,Highway,No Light,Dry,<10 min
R36,36,Rural Road,Daylight,Damaged,10-20 min
R37,37,Expressway,Street Light,Dry,>30 min
R38,38,Rural Road,Daylight,Damaged,10-20 min
R39,39,City Road,Street Light,Damaged,<10 min
R40,40,Highway,Daylight,Dry,<10 min
R41,41,Expressway,Street Light,Under Construction,>30 min
R42,42,Rural Road,No Light,Under Construction,20-30 min
R43,43,Expressway,Daylight,Wet,<10 min
R44,44,Expressway,Dim Light,Dry,>30 min
R45,45,Highway,Street Light,Under Construction,<10 min
R46,46,City Road,Daylight,Under Construction,>30 min
R47,47,Rural Road,No Light,Under Construction,>30 min
R48,48,Expressway,Dim Light,Wet,<10 min
R49,49,Expressway,Street Light,Wet,20-30 min
R50,50,Highway,Dim Light,Wet,>30 min
R51,51,Expressway,Street Light,Wet,20-30 min
R52,52,Highway,Dim Light,Dry,<10 min
R53,53,Rural Road,Daylight,Damaged,10-20 min
R54,54,Rural Road,Daylight,Dry,10-20 min
R55,55,Rural Road,Dim Light,Wet,<10 min
R56,56,Rural Road,No Light,Under Construction,20-30 min
R57,57,City Road,Daylight,Under Construction,>30 min
R58,58,City Road,Street Light,Damaged,>30 min
R59,59,Expressway,Daylight,Under Construction,>30 min
R60,60,Rural Road,No Light,Dry,<10 min
R61,61,Expressway,No Light,Wet,<10 min
R62,62,Highway,No Light,Wet,20-30 min
R63,63,City Road,Daylight,Damaged,20-30 min
R64,64,City Road,Daylight,Wet,10-20 min
R65,65,Highway,Daylight,Dry,<10 min
R66,66,Expressway,No Light,Under Construction,20-30 min
R67,67,Rural Road,Daylight,Wet,<10 min
R68,68,City Road,No Light,Damaged,10-20 min
R69,69,Rural Road,Daylight,Wet,20-30 min
R70,70,Rural Road,Dim Light,Damaged,20-30 min
R71,71,Rural Road,Street Light,Damaged,10-20 min
R72,72,Expressway,No Light,Wet,>30 min
R73,73,City Road,Street Light,Damaged,20-30 min
R74,74,Rural Road,Street Light,Under Construction,20-30 min
R75,75,Rural Road,Dim Light,Dry,>30 min
R76,76,Highway,No Light,Wet,>30 min
R77,77,City Road,No Light,Wet,20-30 min
R78,78,Highway,Street Light,Damaged,10-20 min
R79,79,Rural Road,Dim Light,Wet,>30 min
R80,80,Expressway,Street Light,Wet,10-20 min
R81,81,Expressway,No Light,Under Construction,20-30 min
R82,82,Highway,No Light,Under Construction,20-30 min
R83,83,Expressway,Dim Light,Under Construction,20-30 min
R84,84,Highway,Daylight,Damaged,<10 min
R85,85,Rural Road,No Light,Wet,<10 min
R86,86,Rural Road,No Light,Dry,>30 min
R87,87,City Road,No Light,Under Construction,20-30 min
R88,88,City Road,Street Light,Under Construction,10-20 min
R89,89,City Road,No Light,Damaged,20-30 min
R90,90,City Road,No Light,Wet,20-30 min
R91,91,Expressway,No Light,Under Construction,10-20 min
R92,92,City Road,Street Light,Dry,<10 min
R93,93,Highway,Daylight,Dry,<10 min
R94,94,Rural Road,Daylight,Damaged,10-20 min
R95,95,City Road,Daylight,Dry,20-30 min
R96,96,Expressway,Daylight,Under Construction,>30 min
R97,97,Expressway,Street Light,Damaged,20-30 min
R98,98,Expressway,Dim Light,Dry,>30 min
R99,99,Expressway,Dim Light,Damaged,>30 min
R100,100,Expressway,No Light,Dry,20-30 min
R101,101,Highway,Dim Light,Damaged,<10 min
R102,102,Highway,Daylight,Dry,>30 min
R103,103,Expressway,Street Light,Wet,<10 min
R104,104,City Road,Street Light,Under Construction,<10 min
R105,105,City Road,Daylight,Dry,<10 min
R106,106,Expressway,No Light,Dry,<10 min
R107,107,Rural Road,No Light,Dry,<10 min
R108,108,City Road,Daylight,Under Construction,<10 min
R109,109,Highway,No Light,Under Construction,10-20 min
R110,110,Highway,Street Light,Dry,10-20 min
R111,111,City Road,No Light,Dry,10-20 min
R112,112,Highway,Dim Light,Wet,<10 min
R113,113,City Road,No Light,Dry,<10 min
R114,114,Highway,Street Light,Dry,10-20 min
R115,115,Rural Road,Dim Light,Wet,<10 min
R116,116,Expressway,Street Light,Dry,10-20 min
R117,117,Rural Road,No Light,Wet,<10 min
R118,118,Expressway,Daylight,Wet,>30 min
R119,119,Highway,Daylight,Dry,>30 min
R120,120,Highway,Dim Light,Dry,<10 min
R121,121,Rural Road,Street Light,Damaged,>30 min
R122,122,Expressway,Street Light,Damaged,>30 min
R123,123,City Road,Daylight,Damaged,20-30 min
R124,124,City Road,No Light,Damaged,10-20 min
R125,125,City Road,Daylight,Dry,>30 min
R126,126,Rural Road,Daylight,Under Construction,>30 min
R127,127,City Road,Daylight,Dry,20-30 min
R128,128,Highway,Dim Light,Damaged,20-30 min
R129,129,Expressway,No Light,Wet,<10 min
R130,130,Expressway,Street Light,Dry,>30 min
R131,131,Expressway,Street Light,Wet,10-20 min
R132,132,Expressway,Dim Light,Damaged,10-20 min
R133,133,Highway,Street Light,Under Construction,<10 min
R134,134,Rural Road,Dim Light,Damaged,>30 min
R135,135,Highway,Street Light,Wet,10-20 min
R136,136,Rural Road,Daylight,Wet,<10 min
R137,137,Highway,No Light,Damaged,20-30 min
R138,138,Rural Road,Daylight,Under Construction,10-20 min
R139,139,Highway,Dim Light,Wet,10-20 min
R140,140,Expressway,No Light,Under Construction,20-30 min
R141,141,Highway,Street Light,Under Construction,10-20 min
R142,142,Highway,No Light,Under Construction,>30 min
R143,143,Highway,No Light,Under Construction,10-20 min
R144,144,Highway,No Light,Damaged,10-20 min
R145,145,City Road,Daylight,Under Construction,>30 min
R146,146,Rural Road,Daylight,Dry,>30 min
R147,147,Highway,Daylight,Damaged,20-30 min
R148,148,Rural Road,Dim Light,Under Construction,20-30 min
R149,149,Rural Road,Dim Light,Damaged,10-20 min
R150,150,Expressway,No Light,Wet,10-20 min
R151,151,Rural Road,No Light,Damaged,<10 min
R152,152,Expressway,No Light,Dry,20-30 min
R153,153,City Road,No Light,Damaged,>30 min
R154,154,Rural Road,Daylight,Wet,20-30 min
R155,155,Expressway,Dim Light,Wet,10-20 min
R156,156,Expressway,Dim Light,Under Construction,<10 min
R157,157,City Road,Dim Light,Under Construction,<10 min
R158,158,Expressway,Daylight,Wet,>30 min
R159,159,Rural Road,No Light,Under Construction,<10 min
R160,160,Rural Road,Daylight,Under Construction,10-20 min
R161,161,Rural Road,No Light,Wet,<10 min
R162,162,Rural Road,No Light,Wet,20-30 min
R163,163,Expressway,Street Light,Dry,>30 min
R164,164,Expressway,Daylight,Dry,10-20 min
R165,165,Expressway,No Light,Dry,>30 min
R166,166,City Road,Street Light,Damaged,10-20 min
R167,167,Rural Road,Dim Light,Damaged,<10 min
R168,168,Rural Road,Dim Light,Damaged,<10 min
R169,169,Rural Road,No Light,Damaged,20-30 min
R170,170,Highway,Street Light,Wet,20-30 min
R171,171,Expressway,No Light,Under Construction,>30 min
R172,172,Rural Road,Street Light,Damaged,20-30 min
R173,173,Expressway,Dim Light,Dry,>30 min
R174,174,Expressway,Daylight,Dry,10-20 min
R175,175,Highway,Dim Light,Wet,>30 min
R176,176,Rural Road,No Light,Under Construction,<10 min
R177,177,City Road,No Light,Under Construction,<10 min
R178,178,Rural Road,Daylight,Damaged,<10 min
R179,179,City Road,Dim Light,Under Construction,<10 min
R180,180,City Road,Dim Light,Dry,20-30 min
R181,181,Rural Road,Dim Light,Damaged,<10 min
R182,182,Highway,Street Light,Damaged,20-30 min
R183,183,Highway,Dim Light,Damaged,20-30 min
R184,184,Highway,Dim Light,Dry,20-30 min
R185,185,Highway,Daylight,Wet,10-20 min
R186,186,Expressway,Street Light,Wet,20-30 min
R187,187,Expressway,Street Light,Dry,<10 min
R188,188,City Road,Daylight,Damaged,>30 min
R189,189,Highway,Dim Light,Dry,20-30 min
R190,190,Rural Road,Daylight,Wet,>30 min
R191,191,City Road,Dim Light,Under Construction,<10 min
R192,192,Highway,Dim Light,Under Construction,<10 min
R193,193,Highway,Daylight,Damaged,>30 min
R194,194,Highway,No Light,Dry,<10 min
R195,195,Expressway,Dim Light,Under Construction,<10 min
R196,196,Expressway,Street Light,Damaged,<10 min
R197,197,City Road,Daylight,Under Construction,<10 min
R198,198,Expressway,No Light,Damaged,<10 min
R199,199,Highway,Daylight,Wet,20-30 min
R200,200,Rural Road,Daylight,Under Construction,>30 min
R201,201,City Road,Daylight,Wet,20-30 min
R202,202,Expressway,Street Light,Under Construction,<10 min
R203,203,City Road,Dim Light,Dry,<10 min
R204,204,Highway,Dim Light,Damaged,>30 min
R205,205,City Road,Street Light,Under Construction,10-20 min
R206,206,City Road,Daylight,Dry,20-30 min
R207,207,Highway,Dim Light,Wet,10-20 min
R208,208,City Road,Dim Light,Under Construction,>30 min
R209,209,Expressway,Dim Light,Damaged,<10 min
R210,210,Rural Road,No Light,Damaged,10-20 min
R211,211,Highway,Daylight,Under Construction,<10 min
R212,212,Rural Road,Street Light,Under Construction,20-30 min
R213,213,Highway,Daylight,Dry,10-20 min
R214,214,City Road,Dim Light,Wet,10-20 min
R215,215,Highway,Dim Light,Wet,10-20 min
R216,216,Rural Road,Daylight,Damaged,<10 min
R217,217,Highway,Dim Light,Under Construction,>30 min
R218,218,City Road,Daylight,Under Construction,<10 min
R219,219,Rural Road,Daylight,Dry,<10 min
R220,220,City Road,Daylight,Dry,<10 min
R221,221,Rural Road,Dim Light,Damaged,20-30 min
R222,222,Rural Road,Street Light,Damaged,10-20 min
R223,223,Expressway,Daylight,Damaged,<10 min
R224,224,Rural Road,No Light,Wet,<10 min
R225,225,Expressway,No Light,Wet,<10 min
R226,226,Rural Road,Daylight,Wet,10-20 min
R227,227,Expressway,Dim Light,Dry,>30 min
R228,228,Highway,Street Light,Dry,20-30 min
R229,229,Highway,No Light,Under Construction,>30 min
R230,230,Expressway,Dim Light,Wet,10-20 min
R231,231,Rural Road,No Light,Damaged,<10 min
R232,232,Highway,Daylight,Wet,10-20 min
R233,233,Highway,No Light,Dry,10-20 min
R234,234,City Road,Dim Light,Damaged,>30 min
R235,235,Rural Road,No Light,Dry,10-20 min
R236,236,Rural Road,No Light,Dry,20-30 min
R237,237,Rural Road,Dim Light,Under Construction,10-20 min
R238,238,Rural Road,Daylight,Under Construction,<10 min
R239,239,City Road,Dim Light,Under Construction,>30 min
R240,240,Highway,Daylight,Dry,<10 min
R241,241,Rural Road,No Light,Dry,>30 min
R242,242,City Road,Street Light,Wet,20-30 min
R243,243,Rural Road,Street Light,Dry,>30 min
R244,244,City Road,Dim Light,Under Construction,10-20 min
R245,245,Rural Road,Dim Light,Dry,>30 min
R246,246,Rural Road,Daylight,Damaged,20-30 min
R247,247,Rural Road,No Light,Dry,<10 min
R248,248,City Road,Street Light,Wet,<10 min
R249,249,Rural Road,Daylight,Under Construction,>30 min
R250,250,Expressway,Street Light,Wet,<10 min
R251,251,City Road,No Light,Under Construction,20-30 min
R252,252,Highway,Dim Light,Under Construction,10-20 min
R253,253,Expressway,No Light,Damaged,10-20 min
R254,254,Highway,Daylight,Damaged,>30 min
R255,255,Rural Road,Daylight,Dry,>30 min
R256,256,City Road,Daylight,Under Construction,>30 min
R257,257,Rural Road,Daylight,Under Construction,>30 min
R258,258,Rural Road,Daylight,Under Construction,>30 min
R259,259,Expressway,Street Light,Wet,10-20 min
R260,260,Highway,No Light,Wet,<10 min
R261,261,City Road,No Light,Wet,>30 min
R262,262,City Road,Dim Light,Under Construction,10-20 min
R263,263,Highway,Street Light,Under Construction,>30 min
R264,264,Rural Road,Daylight,Wet,20-30 min
R265,265,Highway,Daylight,Wet,>30 min
R266,266,City Road,Daylight,Under Construction,10-20 min
R267,267,City Road,Street Light,Wet,>30 min
R268,268,Highway,No Light,Under Construction,>30 min
R269,269,City Road,No Light,Damaged,10-20 min
R270,270,Rural Road,Daylight,Damaged,10-20 min
R271,271,Expressway,Street Light,Damaged,10-20 min
R272,272,Expressway,Street Light,Wet,10-20 min
R273,273,Highway,Dim Light,Dry,20-30 min
R274,274,Rural Road,No Light,Damaged,10-20 min
R275,275,Highway,Street Light,Damaged,>30 min
R276,276,Highway,Dim Light,Damaged,20-30 min
R277,277,Highway,Daylight,Dry,10-20 min
R278,278,Expressway,Dim Light,Damaged,10-20 min
R279,279,Expressway,Dim Light,Dry,>30 min
R280,280,City Road,Daylight,Wet,>30 min
R281,281,Expressway,Daylight,Dry,20-30 min
R282,282,Highway,No Light,Dry,<10 min
R283,283,Rural Road,Daylight,Under Construction,10-20 min
R284,284,City Road,Dim Light,Wet,10-20 min
R285,285,Rural Road,Daylight,Wet,>30 min
R286,286,City Road,Street Light,Damaged,20-30 min
R287,287,Expressway,No Light,Under Construction,20-30 min
R288,288,Expressway,Daylight,Dry,10-20 min
R289,289,Highway,No Light,Dry,20-30 min
R290,290,Highway,Street Light,Dry,<10 min
R291,291,Highway,Daylight,Wet,20-30 min
R292,292,Expressway,No Light,Dry,10-20 min
R293,293,City Road,No Light,Under Construction,<10 min
R294,294,City Road,Street Light,Under Construction,20-30 min
R295,295,Rural Road,Dim Light,Dry,20-30 min
R296,296,Highway,Daylight,Under Construction,<10 min
R297,297,Rural Road,No Light,Dry,20-30 min
R298,298,Rural Road,Daylight,Dry,<10 min
R299,299,Highway,Daylight,Wet,20-30 min
R300,300,Expressway,No Light,Under Construction,<10 min
R301,301,Highway,Daylight,Dry,>30 min
R302,302,Highway,No Light,Wet,<10 min
R303,303,City Road,Street Light,Under Construction,>30 min
R304,304,Highway,Street Light,Damaged,10-20 min
R305,305,Expressway,Dim Light,Under Construction,10-20 min
R306,306,Highway,Street Light,Damaged,>30 min
R307,307,Highway,Dim Light,Dry,20-30 min
R308,308,Expressway,Daylight,Dry,>30 min
R309,309,City Road,Street Light,Wet,10-20 min
R310,310,Expressway,Street Light,Damaged,10-20 min
R311,311,City Road,Street Light,Damaged,10-20 min
R312,312,City Road,No Light,Damaged,10-20 min
R313,313,Rural Road,Daylight,Dry,10-20 min
R314,314,Expressway,Dim Light,Under Construction,>30 min
R315,315,City Road,Dim Light,Dry,10-20 min
R316,316,Rural Road,Dim Light,Dry,10-20 min
R317,317,Expressway,Dim Light,Dry,10-20 min
R318,318,Highway,Daylight,Dry,20-30 min
R319,319,City Road,Street Light,Dry,<10 min
R320,320,Rural Road,Dim Light,Damaged,20-30 min
R321,321,Rural Road,Street Light,Wet,>30 min
R322,322,Highway,Street Light,Wet,<10 min
R323,323,Rural Road,Daylight,Damaged,10-20 min
R324,324,Highway,Daylight,Dry,<10 min
R325,325,Expressway,Street Light,Damaged,10-20 min
R326,326,Rural Road,Daylight,Dry,>30 min
R327,327,City Road,Dim Light,Wet,20-30 min
R328,328,City Road,Street Light,Damaged,20-30 min
R329,329,Highway,Street Light,Under Construction,20-30 min
R330,330,City Road,Daylight,Damaged,<10 min
R331,331,City Road,Dim Light,Wet,>30 min
R332,332,City Road,Dim Light,Wet,>30 min
R333,333,City Road,No Light,Under Construction,<10 min
R334,334,Rural Road,No Light,Wet,<10 min
R335,335,Highway,Street Light,Under Construction,10-20 min
R336,336,Rural Road,Street Light,Damaged,20-30 min
R337,337,Rural Road,No Light,Dry,20-30 min
R338,338,City Road,No Light,Under Construction,<10 min
R339,339,Expressway,Street Light,Wet,<10 min
R340,340,Rural Road,Street Light,Dry,10-20 min
R341,341,City Road,Daylight,Under Construction,20-30 min
R342,342,Rural Road,Daylight,Damaged,20-30 min
R343,343,Highway,No Light,Damaged,<10 min
R344,344,City Road,Street Light,Under Construction,10-20 min
R345,345,Expressway,Street Light,Dry,<10 min
R346,346,Expressway,Street Light,Wet,<10 min
R347,347,City Road,Dim Light,Dry,10-20 min
R348,348,Rural Road,No Light,Dry,<10 min
R349,349,City Road,Street Light,Wet,10-20 min
R350,350,Highway,Street Light,Dry,<10 min
R351,351,Highway,Daylight,Damaged,<10 min
R352,352,Highway,Daylight,Damaged,20-30 min
R353,353,Rural Road,Daylight,Damaged,>30 min
R354,354,Expressway,No Light,Wet,<10 min
R355,355,Rural Road,Street Light,Wet,10-20 min
R356,356,Rural Road,No Light,Damaged,>30 min
R357,357,Rural Road,Daylight,Under Construction,>30 min
R358,358,City Road,Street Light,Wet,>30 min
R359,359,Highway,No Light,Wet,>30 min
R360,360,Highway,Daylight,Wet,20-30 min
R361,361,Rural Road,No Light,Damaged,10-20 min
R362,362,Highway,Street Light,Wet,10-20 min
R363,363,City Road,Street Light,Dry,20-30 min
R364,364,Expressway,Street Light,Dry,>30 min
R365,365,City Road,Daylight,Damaged,>30 min
R366,366,Rural Road,Daylight,Dry,>30 min
R367,367,City Road,Daylight,Damaged,>30 min
R368,368,City Road,Daylight,Under Construction,20-30 min
R369,369,Rural Road,Dim Light,Dry,10-20 min
R370,370,Expressway,No Light,Damaged,<10 min
R371,371,City Road,Street Light,Wet,20-30 min
R372,372,City Road,Dim Light,Wet,>30 min
R373,373,City Road,Street Light,Damaged,10-20 min
R374,374,Expressway,Street Light,Wet,10-20 min
R375,375,City Road,Daylight,Wet,10-20 min
R376,376,Rural Road,Street Light,Wet,<10 min
R377,377,City Road,Daylight,Wet,<10 min
R378,378,Highway,Street Light,Damaged,10-20 min
R379,379,Expressway,No Light,Damaged,>30 min
R380,380,Rural Road,Daylight,Under Construction,<10 min
R381,381,Rural Road,No Light,Dry,<10 min
R382,382,Rural Road,Street Light,Wet,20-30 min
R383,383,City Road,No Light,Dry,>30 min
R384,384,City Road,No Light,Wet,10-20 min
R385,385,City Road,No Light,Dry,20-30 min
R386,386,Rural Road,No Light,Damaged,20-30 min
R387,387,Highway,Dim Light,Damaged,10-20 min
R388,388,Highway,Dim Light,Under Construction,<10 min
R389,389,Rural Road,Street Light,Wet,10-20 min
R390,390,Highway,Street Light,Wet,>30 min
R391,391,Highway,Street Light,Dry,<10 min
R392,392,City Road,Dim Light,Under Construction,10-20 min
R393,393,Expressway,Dim Light,Wet,>30 min
R394,394,Rural Road,Daylight,Dry,<10 min
R395,395,Rural Road,No Light,Under Construction,<10 min
R396,396,Highway,Daylight,Dry,<10 min
R397,397,City Road,Dim Light,Under Construction,10-20 min
R398,398,City Road,Daylight,Dry,10-20 min
R399,399,Rural Road,Street Light,Dry,<10 min
R400,400,Highway,No Light,Wet,>30 min
R401,401,Rural Road,Dim Light,Damaged,20-30 min
R402,402,Highway,Street Light,Dry,>30 min
R403,403,Highway,Street Light,Dry,>30 min
R404,404,Rural Road,Street Light,Wet,>30 min
R405,405,Highway,Dim Light,Damaged,10-20 min
R406,406,City Road,Daylight,Damaged,>30 min
R407,407,Highway,Dim Light,Wet,10-20 min
R408,408,City Road,Daylight,Damaged,>30 min
R409,409,Highway,Daylight,Wet,>30 min
R410,410,Highway,Dim Light,Dry,10-20 min
R411,411,Expressway,Daylight,Wet,10-20 min
R412,412,City Road,No Light,Wet,>30 min
R413,413,City Road,Daylight,Dry,<10 min
R414,414,City Road,Dim Light,Wet,<10 min
R415,415,Rural Road,Street Light,Under Construction,20-30 min
R416,416,Highway,No Light,Under Construction,10-20 min
R417,417,Highway,Street Light,Dry,>30 min
R418,418,Highway,Dim Light,Dry,>30 min
R419,419,Expressway,Daylight,Damaged,<10 min
R420,420,Highway,Street Light,Under Construction,10-20 min
R421,421,Expressway,Street Light,Damaged,<10 min
R422,422,Expressway,Daylight,Under Construction,10-20 min
R423,423,Rural Road,Street Light,Dry,<10 min
R424,424,City Road,Daylight,Dry,20-30 min
R425,425,Rural Road,Daylight,Under Construction,10-20 min
R426,426,Rural Road,Daylight,Dry,<10 min
R427,427,Expressway,Daylight,Damaged,>30 min
R428,428,Highway,Dim Light,Dry,10-20 min
R429,429,City Road,Street Light,Damaged,10-20 min
R430,430,Expressway,Street Light,Wet,>30 min
R431,431,City Road,Dim Light,Wet,>30 min
R432,432,City Road,Street Light,Dry,>30 min
R433,433,Rural Road,Dim Light,Damaged,10-20 min
R434,434,City Road,Daylight,Damaged,<10 min
R435,435,Expressway,Daylight,Damaged,>30 min
R436,436,Highway,No Light,Under Construction,<10 min
R437,437,Rural Road,Street Light,Damaged,>30 min
R438,438,Rural Road,Daylight,Dry,20-30 min
R439,439,Expressway,No Light,Under Construction,>30 min
R440,440,Highway,Dim Light,Under Construction,20-30 min
R441,441,Highway,Street Light,Wet,10-20 min
R442,442,City Road,No Light,Dry,>30 min
R443,443,Rural Road,Daylight,Wet,>30 min
R444,444,Highway,Daylight,Dry,>30 min
R445,445,Expressway,No Light,Wet,<10 min
R446,446,Expressway,Dim Light,Dry,<10 min
R447,447,Expressway,Dim Light,Under Construction,>30 min
R448,448,City Road,Daylight,Damaged,<10 min
R449,449,Rural Road,No Light,Dry,10-20 min
R450,450,Expressway,Street Light,Under Construction,10-20 min
R451,451,City Road,Daylight,Damaged,10-20 min
R452,452,Expressway,Dim Light,Under Construction,10-20 min
R453,453,City Road,Dim Light,Damaged,<10 min
R454,454,Rural Road,No Light,Dry,>30 min
R455,455,Highway,No Light,Damaged,<10 min
R456,456,Highway,Daylight,Damaged,<10 min
R457,457,Highway,Dim Light,Wet,>30 min
R458,458,Highway,Dim Light,Damaged,>30 min
R459,459,Rural Road,Daylight,Wet,20-30 min
R460,460,Highway,Dim Light,Dry,10-20 min
R461,461,City Road,No Light,Under Construction,10-20 min
R462,462,Rural Road,Street Light,Wet,>30 min
R463,463,Highway,Street Light,Dry,>30 min
R464,464,City Road,No Light,Wet,20-30 min
R465,465,City Road,No Light,Dry,20-30 min
R466,466,Highway,Daylight,Under Construction,20-30 min
R467,467,City Road,Daylight,Damaged,10-20 min
R468,468,Rural Road,No Light,Damaged,>30 min
R469,469,City Road,No Light,Damaged,>30 min
R470,470,Expressway,No Light,Under Construction,>30 min
R471,471,Highway,Street Light,Dry,>30 min
R472,472,Highway,No Light,Wet,<10 min
R473,473,Rural Road,No Light,Under Construction,<10 min
R474,474,City Road,Dim Light,Wet,10-20 min
R475,475,Rural Road,Dim Light,Wet,20-30 min
R476,476,Expressway,Street Light,Damaged,>30 min
R477,477,City Road,Street Light,Under Construction,20-30 min
R478,478,Expressway,No Light,Wet,>30 min
R479,479,Rural Road,Daylight,Under Construction,20-30 min
R480,480,Highway,No Light,Dry,<10 min
R481,481,Highway,Daylight,Dry,<10 min
R482,482,City Road,Daylight,Wet,20-30 min
R483,483,Rural Road,Dim Light,Damaged,>30 min
R484,484,Expressway,Street Light,Under Construction,<10 min
R485,485,City Road,Daylight,Dry,20-30 min
R486,486,Rural Road,Street Light,Dry,20-30 min
R487,487,Rural Road,No Light,Wet,20-30 min
R488,488,City Road,Street Light,Damaged,<10 min
R489,489,Highway,No Light,Damaged,<10 min
R490,490,Highway,Dim Light,Wet,10-20 min
R491,491,Expressway,Street Light,Damaged,>30 min
R492,492,Highway,Daylight,Wet,20-30 min
R493,493,Highway,Street Light,Dry,<10 min
R494,494,City Road,No Light,Under Construction,20-30 min
R495,495,Expressway,No Light,Under Construction,10-20 min
R496,496,Rural Road,No Light,Wet,<10 min
R497,497,City Road,Dim Light,Under Construction,10-20 min
R498,498,Rural Road,Street Light,Damaged,10-20 min
R499,499,Expressway,Daylight,Under Construction,10-20 min
R500,500,Expressway,Street Light,Damaged,>30 min
R501,501,Rural Road,Daylight,Dry,>30 min
R502,502,City Road,No Light,Damaged,<10 min
R503,503,City Road,Daylight,Damaged,20-30 min
R504,504,Expressway,Daylight,Dry,10-20 min
R505,505,Expressway,Daylight,Damaged,20-30 min
R506,506,Expressway,Street Light,Damaged,>30 min
R507,507,City Road,Dim Light,Under Construction,<10 min
R508,508,Highway,Dim Light,Under Construction,>30 min
R509,509,Expressway,Dim Light,Under Construction,20-30 min
R510,510,Rural Road,Street Light,Wet,10-20 min
R511,511,Rural Road,Dim Light,Under Construction,<10 min
R512,512,City Road,Daylight,Wet,>30 min
R513,513,City Road,Street Light,Damaged,<10 min
R514,514,Rural Road,Dim Light,Under Construction,10-20 min
R515,515,Expressway,No Light,Dry,10-20 min
R516,516,Highway,Dim Light,Dry,20-30 min
R517,517,Expressway,Daylight,Dry,10-20 min
R518,518,Highway,Street Light,Wet,<10 min
R519,519,Highway,Street Light,Under Construction,<10 min
R520,520,Expressway,Daylight,Wet,10-20 min
R521,521,Expressway,Daylight,Dry,<10 min
R522,522,Rural Road,No Light,Damaged,>30 min
R523,523,Highway,No Light,Dry,20-30 min
R524,524,Highway,Dim Light,Dry,<10 min
R525,525,Rural Road,Daylight,Damaged,>30 min
R526,526,Rural Road,Dim Light,Dry,>30 min
R527,527,Rural Road,Street Light,Under Construction,10-20 min
R528,528,City Road,Dim Light,Under Construction,>30 min
R529,529,City Road,Daylight,Wet,10-20 min
R530,530,Expressway,Dim Light,Wet,<10 min
R531,531,City Road,Dim Light,Dry,10-20 min
R532,532,City Road,No Light,Under Construction,20-30 min
R533,533,Rural Road,Dim Light,Dry,20-30 min
R534,534,Expressway,Street Light,Damaged,10-20 min
R535,535,Rural Road,Daylight,Dry,>30 min
R536,536,Expressway,Street Light,Under Construction,<10 min
R537,537,Highway,Daylight,Under Construction,10-20 min
R538,538,Highway,Dim Light,Under Construction,>30 min
R539,539,Rural Road,No Light,Damaged,>30 min
R540,540,Rural Road,No Light,Wet,>30 min
R541,541,Expressway,No Light,Damaged,10-20 min
R542,542,Highway,Street Light,Wet,<10 min
R543,543,Expressway,Dim Light,Under Construction,>30 min
R544,544,City Road,Street Light,Dry,20-30 min
R545,545,Highway,Daylight,Under Construction,20-30 min
R546,546,City Road,Dim Light,Under Construction,<10 min
R547,547,Rural Road,Dim Light,Under Construction,<10 min
R548,548,Rural Road,No Light,Under Construction,20-30 min
R549,549,Rural Road,Daylight,Dry,10-20 min
R550,550,City Road,No Light,Wet,20-30 min
R551,551,Expressway,Street Light,Under Construction,<10 min
R552,552,City Road,No Light,Dry,<10 min
R553,553,Highway,No Light,Under Construction,20-30 min
R554,554,Rural Road,Daylight,Wet,<10 min
R555,555,City Road,Street Light,Under Construction,<10 min
R556,556,Highway,Street Light,Under Construction,>30 min
R557,557,Rural Road,No Light,Dry,>30 min
R558,558,Expressway,Daylight,Damaged,<10 min
R559,559,Rural Road,Daylight,Dry,<10 min
R560,560,Rural Road,Daylight,Damaged,<10 min
R561,561,Expressway,Dim Light,Under Construction,10-20 min
R562,562,City Road,Dim Light,Dry,20-30 min
R563,563,City Road,Street Light,Damaged,20-30 min
R564,564,City Road,Daylight,Dry,>30 min
R565,565,Expressway,Dim Light,Wet,<10 min
R566,566,City Road,Street Light,Damaged,>30 min
R567,567,Highway,Street Light,Under Construction,>30 min
R568,568,City Road,Daylight,Under Construction,20-30 min
R569,569,Expressway,No Light,Damaged,<10 min
R570,570,Rural Road,No Light,Dry,10-20 min
R571,571,Expressway,No Light,Damaged,<10 min
R572,572,Expressway,No Light,Dry,20-30 min
R573,573,City Road,Street Light,Under Construction,10-20 min
R574,574,Highway,No Light,Damaged,>30 min
R575,575,Expressway,Street Light,Damaged,10-20 min
R576,576,Rural Road,No Light,Wet,20-30 min
R577,577,Rural Road,Daylight,Under Construction,>30 min
R578,578,Rural Road,Daylight,Wet,<10 min
R579,579,Rural Road,Dim Light,Dry,10-20 min
R580,580,Highway,No Light,Damaged,>30 min
R581,581,City Road,Street Light,Wet,>30 min
R582,582,Highway,Dim Light,Under Construction,20-30 min
R583,583,Rural Road,Dim Light,Under Construction,<10 min
R584,584,Highway,No Light,Wet,20-30 min
R585,585,Highway,Street Light,Under Construction,10-20 min
R586,586,Rural Road,Dim Light,Dry,<10 min
R587,587,City Road,Street Light,Under Construction,>30 min
R588,588,Expressway,Street Light,Wet,20-30 min
R589,589,Rural Road,Dim Light,Wet,20-30 min
R590,590,Rural Road,No Light,Damaged,20-30 min
R591,591,Highway,Dim Light,Damaged,20-30 min
R592,592,Expressway,Street Light,Dry,20-30 min
R593,593,City Road,Dim Light,Dry,20-30 min
R594,594,Highway,Daylight,Wet,20-30 min
R595,595,Highway,Street Light,Dry,10-20 min
R596,596,Highway,Dim Light,Wet,>30 min
R597,597,Highway,Daylight,Wet,>30 min
R598,598,Highway,No Light,Dry,>30 min
R599,599,Highway,Dim Light,Damaged,10-20 min
R600,600,Expressway,Daylight,Wet,20-30 min
R601,601,Highway,Dim Light,Dry,>30 min
R602,602,Expressway,No Light,Wet,20-30 min
R603,603,Expressway,Street Light,Under Construction,>30 min
R604,604,City Road,Street Light,Wet,>30 min
R605,605,Expressway,Street Light,Damaged,20-30 min
R606,606,Rural Road,Dim Light,Dry,20-30 min
R607,607,Expressway,No Light,Damaged,20-30 min
R608,608,Highway,No Light,Damaged,<10 min
R609,609,City Road,No Light,Dry,>30 min
R610,610,Expressway,No Light,Dry,<10 min
R611,611,Expressway,Dim Light,Wet,>30 min
R612,612,City Road,No Light,Damaged,>30 min
R613,613,Rural Road,Street Light,Under Construction,<10 min
R614,614,City Road,Street Light,Under Construction,>30 min
R615,615,Expressway,Daylight,Damaged,10-20 min
R616,616,Rural Road,Daylight,Damaged,10-20 min
R617,617,City Road,No Light,Damaged,20-30 min
R618,618,Expressway,Street Light,Under Construction,>30 min
R619,619,Highway,No Light,Under Construction,>30 min
R620,620,Highway,Dim Light,Under Construction,<10 min
R621,621,City Road,No Light,Under Construction,>30 min
R622,622,Highway,Daylight,Under Construction,10-20 min
R623,623,Highway,Street Light,Under Construction,>30 min
R624,624,Rural Road,No Light,Under Construction,<10 min
R625,625,Expressway,Dim Light,Dry,<10 min
R626,626,City Road,Daylight,Dry,20-30 min
R627,627,Rural Road,Dim Light,Under Construction,20-30 min
R628,628,Expressway,Street Light,Dry,20-30 min
R629,629,Rural Road,Daylight,Damaged,20-30 min
R630,630,City Road,Daylight,Wet,<10 min
R631,631,City Road,Street Light,Damaged,>30 min
R632,632,Rural Road,Daylight,Damaged,>30 min
R633,633,Rural Road,Street Light,Under Construction,>30 min
R634,634,Highway,Dim Light,Wet,20-30 min
R635,635,Highway,Daylight,Dry,<10 min
R636,636,City Road,Street Light,Under Construction,<10 min
R637,637,Rural Road,Daylight,Damaged,10-20 min
R638,638,City Road,Daylight,Dry,10-20 min
R639,639,City Road,Dim Light,Damaged,10-20 min
R640,640,Expressway,Street Light,Under Construction,<10 min
R641,641,City Road,Dim Light,Dry,20-30 min
R642,642,Rural Road,Daylight,Damaged,<10 min
R643,643,Expressway,No Light,Wet,<10 min
R644,644,Expressway,Daylight,Damaged,>30 min
R645,645,Rural Road,Dim Light,Wet,>30 min
R646,646,Rural Road,Street Light,Dry,20-30 min
R647,647,Rural Road,No Light,Dry,>30 min
R648,648,Highway,Street Light,Under Construction,>30 min
R649,649,Highway,Dim Light,Dry,20-30 min
R650,650,City Road,Daylight,Damaged,>30 min
R651,651,Expressway,Street Light,Dry,>30 min
R652,652,Rural Road,Street Light,Damaged,<10 min
R653,653,City Road,Street Light,Dry,>30 min
R654,654,Expressway,Street Light,Dry,10-20 min
R655,655,Rural Road,Street Light,Under Construction,10-20 min
R656,656,Expressway,Daylight,Dry,10-20 min
R657,657,Expressway,Daylight,Damaged,20-30 min
R658,658,Rural Road,Daylight,Dry,<10 min
R659,659,Highway,No Light,Under Construction,10-20 min
R660,660,City Road,Dim Light,Damaged,>30 min
R661,661,City Road,No Light,Damaged,>30 min
R662,662,Expressway,No Light,Wet,20-30 min
R663,663,Expressway,Dim Light,Damaged,<10 min
R664,664,Highway,Daylight,Wet,20-30 min
R665,665,Rural Road,Dim Light,Wet,20-30 min
R666,666,Rural Road,Dim Light,Dry,20-30 min
R667,667,City Road,Daylight,Dry,10-20 min
R668,668,Highway,Street Light,Under Construction,20-30 min
R669,669,Expressway,No Light,Under Construction,10-20 min
R670,670,Highway,Street Light,Wet,>30 min
R671,671,City Road,No Light,Wet,>30 min
R672,672,Highway,No Light,Under Construction,>30 min
R673,673,Rural Road,Dim Light,Dry,20-30 min
R674,674,City Road,No Light,Dry,<10 min
R675,675,City Road,No Light,Under Construction,20-30 min
R676,676,Highway,No Light,Under Construction,20-30 min
R677,677,City Road,Daylight,Dry,10-20 min
R678,678,Rural Road,No Light,Wet,>30 min
R679,679,Expressway,Daylight,Under Construction,20-30 min
R680,680,City Road,Daylight,Under Construction,10-20 min
R681,681,Expressway,No Light,Wet,10-20 min
R682,682,Rural Road,Dim Light,Damaged,<10 min
R683,683,City Road,Street Light,Damaged,<10 min
R684,684,Rural Road,No Light,Under Construction,<10 min
R685,685,City Road,Street Light,Damaged,20-30 min
R686,686,Expressway,Daylight,Dry,<10 min
R687,687,Rural Road,Street Light,Under Construction,<10 min
R688,688,City Road,Street Light,Wet,<10 min
R689,689,Expressway,Dim Light,Wet,<10 min
R690,690,City Road,No Light,Wet,<10 min
R691,691,Expressway,No Light,Under Construction,20-30 min
R692,692,Expressway,No Light,Under Construction,10-20 min
R693,693,City Road,Daylight,Wet,10-20 min
R694,694,Rural Road,Dim Light,Wet,20-30 min
R695,695,Highway,No Light,Under Construction,10-20 min
R696,696,Rural Road,No Light,Damaged,<10 min
R697,697,City Road,Street Light,Dry,<10 min
R698,698,Rural Road,Daylight,Damaged,10-20 min
R699,699,Rural Road,No Light,Wet,<10 min
R700,700,Rural Road,Dim Light,Dry,10-20 min
R701,701,Highway,Daylight,Under Construction,10-20 min
R702,702,City Road,No Light,Damaged,10-20 min
R703,703,Expressway,Street Light,Dry,10-20 min
R704,704,Highway,Daylight,Under Construction,10-20 min
R705,705,City Road,Street Light,Dry,10-20 min
R706,706,Highway,Dim Light,Under Construction,>30 min
R707,707,Expressway,Street Light,Under Construction,>30 min
R708,708,Expressway,No Light,Dry,20-30 min
R709,709,Highway,Street Light,Wet,20-30 min
R710,710,Rural Road,Street Light,Wet,10-20 min
R711,711,City Road,Daylight,Wet,10-20 min
R712,712,Highway,Daylight,Dry,>30 min
R713,713,Highway,Daylight,Damaged,<10 min
R714,714,Highway,Dim Light,Wet,10-20 min
R715,715,City Road,Dim Light,Under Construction,<10 min
R716,716,City Road,Daylight,Dry,10-20 min
R717,717,Expressway,Daylight,Under Construction,10-20 min
R718,718,Highway,No Light,Dry,10-20 min
R719,719,Expressway,No Light,Under Construction,10-20 min
R720,720,Highway,Dim Light,Dry,20-30 min
R721,721,Highway,Daylight,Under Construction,10-20 min
R722,722,Highway,Daylight,Wet,<10 min
R723,723,Highway,Street Light,Under Construction,<10 min
R724,724,Rural Road,Street Light,Dry,10-20 min
R725,725,City Road,Street Light,Wet,10-20 min
R726,726,Rural Road,No Light,Wet,10-20 min
R727,727,Rural Road,Dim Light,Under Construction,>30 min
R728,728,Expressway,Dim Light,Wet,<10 min
R729,729,Rural Road,Street Light,Dry,20-30 min
R730,730,Rural Road,No Light,Dry,10-20 min
R731,731,City Road,Dim Light,Damaged,<10 min
R732,732,Expressway,No Light,Under Construction,<10 min
R733,733,Rural Road,Dim Light,Dry,10-20 min
R734,734,Rural Road,Street Light,Under Construction,20-30 min
R735,735,Rural Road,Dim Light,Under Construction,10-20 min
R736,736,Rural Road,No Light,Under Construction,>30 min
R737,737,Expressway,Dim Light,Under Construction,10-20 min
R738,738,Highway,No Light,Damaged,<10 min
R739,739,Highway,Daylight,Wet,<10 min
R740,740,Rural Road,No Light,Damaged,<10 min
R741,741,Expressway,No Light,Under Construction,<10 min
R742,742,Rural Road,Street Light,Under Construction,>30 min
R743,743,Rural Road,Street Light,Dry,<10 min
R744,744,Expressway,Dim Light,Damaged,<10 min
R745,745,City Road,No Light,Under Construction,10-20 min
R746,746,Expressway,No Light,Dry,<10 min
R747,747,Expressway,No Light,Wet,10-20 min
R748,748,City Road,Dim Light,Damaged,>30 min
R749,749,City Road,Daylight,Under Construction,10-20 min
R750,750,City Road,Dim Light,Under Construction,10-20 min
R751,751,City Road,Daylight,Dry,<10 min
R752,752,City Road,Daylight,Dry,>30 min
R753,753,Rural Road,Street Light,Wet,20-30 min
R754,754,Expressway,No Light,Damaged,20-30 min
R755,755,City Road,No Light,Wet,20-30 min
R756,756,Rural Road,Daylight,Under Construction,20-30 min
R757,757,Highway,Dim Light,Under Construction,<10 min
R758,758,Expressway,Street Light,Dry,10-20 min
R759,759,Highway,Street Light,Under Construction,<10 min
R760,760,Highway,Street Light,Damaged,20-30 min
R761,761,Expressway,Dim Light,Damaged,<10 min
R762,762,Highway,No Light,Damaged,>30 min
R763,763,Rural Road,Dim Light,Damaged,>30 min
R764,764,Highway,Street Light,Under Construction,<10 min
R765,765,Highway,Dim Light,Damaged,20-30 min
R766,766,Highway,No Light,Dry,10-20 min
R767,767,Rural Road,Daylight,Wet,20-30 min
R768,768,Expressway,Daylight,Under Construction,20-30 min
R769,769,City Road,Street Light,Damaged,10-20 min
R770,770,Expressway,No Light,Damaged,20-30 min
R771,771,Rural Road,Daylight,Damaged,>30 min
R772,772,Rural Road,Street Light,Dry,20-30 min
R773,773,Expressway,Dim Light,Under Construction,10-20 min
R774,774,Expressway,Daylight,Dry,20-30 min
R775,775,Highway,Street Light,Under Construction,20-30 min
R776,776,Highway,Daylight,Damaged,<10 min
R777,777,Highway,No Light,Dry,20-30 min
R778,778,City Road,No Light,Under Construction,>30 min
R779,779,Expressway,Street Light,Damaged,10-20 min
R780,780,Highway,Daylight,Under Construction,>30 min
R781,781,Rural Road,Dim Light,Under Construction,20-30 min
R782,782,Rural Road,Daylight,Wet,<10 min
R783,783,Expressway,No Light,Wet,<10 min
R784,784,Highway,Street Light,Dry,10-20 min
R785,785,Highway,No Light,Damaged,20-30 min
R786,786,Highway,Daylight,Damaged,>30 min
R787,787,City Road,No Light,Wet,<10 min
R788,788,Highway,Street Light,Under Construction,20-30 min
R789,789,Highway,No Light,Damaged,>30 min
R790,790,Expressway,No Light,Damaged,10-20 min
R791,791,City Road,Street Light,Dry,>30 min
R792,792,City Road,Dim Light,Under Construction,>30 min
R793,793,Rural Road,Street Light,Under Construction,<10 min
R794,794,Highway,Dim Light,Under Construction,10-20 min
R795,795,City Road,Street Light,Under Construction,<10 min
R796,796,Highway,Dim Light,Under Construction,>30 min
R797,797,Rural Road,Daylight,Under Construction,20-30 min
R798,798,Highway,Street Light,Wet,<10 min
R799,799,Rural Road,Street Light,Dry,20-30 min
R800,800,Rural Road,No Light,Dry,>30 min
R801,801,Expressway,Dim Light,Dry,>30 min
R802,802,Rural Road,Street Light,Wet,10-20 min
R803,803,Rural Road,Street Light,Damaged,>30 min
R804,804,Rural Road,Daylight,Dry,20-30 min
R805,805,Expressway,Daylight,Under Construction,>30 min
R806,806,City Road,Street Light,Dry,10-20 min
R807,807,City Road,Street Light,Wet,>30 min
R808,808,Expressway,Dim Light,Damaged,20-30 min
R809,809,City Road,Daylight,Wet,<10 min
R810,810,Expressway,Street Light,Wet,<10 min
R811,811,Expressway,No Light,Damaged,10-20 min
R812,812,City Road,Daylight,Under Construction,10-20 min
R813,813,Rural Road,Dim Light,Under Construction,20-30 min
R814,814,Rural Road,Daylight,Damaged,20-30 min
R815,815,Rural Road,Dim Light,Under Construction,<10 min
R816,816,City Road,Daylight,Under Construction,10-20 min
R817,817,Rural Road,Daylight,Wet,10-20 min
R818,818,Rural Road,Street Light,Dry,20-30 min
R819,819,Expressway,Street Light,Damaged,<10 min
R820,820,Rural Road,No Light,Damaged,<10 min
R821,821,Highway,Street Light,Wet,>30 min
R822,822,Expressway,Daylight,Damaged,>30 min
R823,823,Expressway,Dim Light,Wet,<10 min
R824,824,Rural Road,Daylight,Under Construction,>30 min
R825,825,Rural Road,Street Light,Damaged,10-20 min
R826,826,City Road,Dim Light,Under Construction,10-20 min
R827,827,Highway,No Light,Damaged,<10 min
R828,828,Expressway,No Light,Damaged,<10 min
R829,829,Highway,Dim Light,Dry,>30 min
R830,830,Rural Road,No Light,Wet,20-30 min
R831,831,Highway,Daylight,Damaged,10-20 min
R832,832,Highway,Street Light,Wet,10-20 min
R833,833,Highway,Daylight,Wet,<10 min
R834,834,Rural Road,No Light,Wet,<10 min
R835,835,Expressway,Street Light,Dry,<10 min
R836,836,Expressway,Daylight,Dry,>30 min
R837,837,City Road,Daylight,Damaged,>30 min
R838,838,City Road,Daylight,Under Construction,20-30 min
R839,839,Highway,Dim Light,Under Construction,<10 min
R840,840,Expressway,Daylight,Under Construction,<10 min
R841,841,City Road,No Light,Under Construction,<10 min
R842,842,City Road,Daylight,Damaged,20-30 min
R843,843,Highway,Dim Light,Under Construction,>30 min
R844,844,Rural Road,No Light,Under Construction,10-20 min
R845,845,City Road,Dim Light,Dry,20-30 min
R846,846,Highway,Street Light,Under Construction,>30 min
R847,847,Expressway,Daylight,Damaged,10-20 min
R848,848,City Road,No Light,Damaged,20-30 min
R849,849,Expressway,Dim Light,Under Construction,>30 min
R850,850,Expressway,Street Light,Under Construction,>30 min
R851,851,City Road,Dim Light,Under Construction,<10 min
R852,852,Highway,Daylight,Wet,<10 min
R853,853,Expressway,Street Light,Under Construction,<10 min
R854,854,Expressway,Dim Light,Damaged,<10 min
R855,855,Expressway,No Light,Under Construction,20-30 min
R856,856,City Road,No Light,Dry,>30 min
R857,857,Rural Road,Daylight,Damaged,10-20 min
R858,858,Highway,No Light,Dry,>30 min
R859,859,Expressway,Dim Light,Wet,10-20 min
R860,860,Highway,Daylight,Dry,10-20 min
R861,861,City Road,Street Light,Under Construction,20-30 min
R862,862,Expressway,Street Light,Wet,>30 min
R863,863,Expressway,Dim Light,Wet,10-20 min
R864,864,Rural Road,Dim Light,Dry,<10 min
R865,865,Highway,Street Light,Wet,>30 min
R866,866,Highway,Street Light,Damaged,<10 min
R867,867,Expressway,Street Light,Dry,>30 min
R868,868,City Road,Daylight,Under Construction,<10 min
R869,869,City Road,No Light,Wet,10-20 min
R870,870,Highway,No Light,Damaged,10-20 min
R871,871,Rural Road,Daylight,Under Construction,>30 min
R872,872,Highway,Dim Light,Damaged,>30 min
R873,873,Highway,Daylight,Wet,>30 min
R874,874,Rural Road,Dim Light,Dry,20-30 min
R875,875,Highway,Dim Light,Dry,>30 min
R876,876,Rural Road,No Light,Wet,20-30 min
R877,877,City Road,Daylight,Damaged,<10 min
R878,878,Highway,Daylight,Damaged,10-20 min
R879,879,Rural Road,Street Light,Dry,10-20 min
R880,880,Expressway,Daylight,Damaged,20-30 min
R881,881,Rural Road,Dim Light,Under Construction,10-20 min
R882,882,Expressway,Street Light,Wet,>30 min
R883,883,City Road,Dim Light,Under Construction,>30 min
R884,884,Expressway,No Light,Dry,20-30 min
R885,885,Expressway,No Light,Under Construction,10-20 min
R886,886,Expressway,No Light,Damaged,10-20 min
R887,887,Highway,Dim Light,Damaged,>30 min
R888,888,City Road,No Light,Dry,10-20 min
R889,889,Expressway,Dim Light,Wet,10-20 min
R890,890,Rural Road,Dim Light,Under Construction,<10 min
R891,891,Rural Road,No Light,Dry,10-20 min
R892,892,Highway,No Light,Wet,10-20 min
R893,893,Highway,Daylight,Damaged,>30 min
R894,894,City Road,No Light,Wet,20-30 min
R895,895,City Road,Dim Light,Damaged,>30 min
R896,896,Rural Road,Daylight,Damaged,<10 min
R897,897,City Road,Street Light,Dry,20-30 min
R898,898,City Road,No Light,Dry,20-30 min
R899,899,Highway,No Light,Damaged,10-20 min
R900,900,City Road,No Light,Wet,10-20 min
R901,901,Highway,Daylight,Under Construction,>30 min
R902,902,City Road,No Light,Dry,<10 min
R903,903,Highway,Dim Light,Under Construction,>30 min
R904,904,City Road,Daylight,Wet,10-20 min
R905,905,City Road,Street Light,Wet,10-20 min
R906,906,City Road,No Light,Damaged,20-30 min
R907,907,City Road,No Light,Under Construction,20-30 min
R908,908,Expressway,Daylight,Dry,>30 min
R909,909,Expressway,Street Light,Damaged,<10 min
R910,910,City Road,Dim Light,Damaged,>30 min
R911,911,City Road,No Light,Wet,10-20 min
R912,912,Rural Road,Daylight,Dry,>30 min
R913,913,Rural Road,Dim Light,Dry,<10 min
R914,914,Expressway,Street Light,Under Construction,<10 min
R915,915,City Road,Daylight,Dry,>30 min
R916,916,Highway,No Light,Under Construction,<10 min
R917,917,City Road,Daylight,Dry,>30 min
R918,918,City Road,Dim Light,Wet,>30 min
R919,919,City Road,No Light,Wet,20-30 min
R920,920,Rural Road,Daylight,Wet,<10 min
R921,921,Expressway,Street Light,Dry,20-30 min
R922,922,City Road,Street Light,Under Construction,10-20 min
R923,923,City Road,Daylight,Damaged,20-30 min
R924,924,Highway,Dim Light,Under Construction,20-30 min
R925,925,Highway,Dim Light,Dry,20-30 min
R926,926,City Road,Daylight,Dry,<10 min
R927,927,Expressway,No Light,Under Construction,>30 min
R928,928,Expressway,No Light,Under Construction,20-30 min
R929,929,Rural Road,No Light,Dry,20-30 min
R930,930,Rural Road,Street Light,Wet,10-20 min
R931,931,Rural Road,Dim Light,Under Construction,20-30 min
R932,932,Expressway,No Light,Dry,<10 min
R933,933,Rural Road,Dim Light,Dry,>30 min
R934,934,City Road,Daylight,Dry,20-30 min
R935,935,City Road,No Light,Dry,<10 min
R936,936,Expressway,No Light,Damaged,<10 min
R937,937,Rural Road,Dim Light,Wet,<10 min
R938,938,Expressway,Street Light,Damaged,>30 min
R939,939,Highway,Street Light,Wet,>30 min
R940,940,Highway,No Light,Dry,10-20 min
R941,941,Expressway,Dim Light,Dry,20-30 min
R942,942,Rural Road,Dim Light,Wet,20-30 min
R943,943,Highway,Daylight,Dry,>30 min
R944,944,Rural Road,Daylight,Wet,<10 min
R945,945,Rural Road,Street Light,Under Construction,10-20 min
R946,946,Rural Road,Street Light,Under Construction,>30 min
R947,947,City Road,No Light,Wet,<10 min
R948,948,Highway,No Light,Wet,20-30 min
R949,949,Highway,No Light,Wet,<10 min
R950,950,Expressway,Daylight,Dry,<10 min
R951,951,Expressway,Daylight,Under Construction,20-30 min
R952,952,Highway,Street Light,Under Construction,20-30 min
R953,953,City Road,Street Light,Damaged,>30 min
R954,954,Expressway,Daylight,Wet,>30 min
R955,955,Rural Road,No Light,Wet,>30 min
R956,956,Expressway,Daylight,Under Construction,<10 min
R957,957,Rural Road,No Light,Under Construction,<10 min
R958,958,Highway,Street Light,Damaged,<10 min
R959,959,Highway,Street Light,Damaged,>30 min
R960,960,Rural Road,No Light,Damaged,>30 min
R961,961,Expressway,Dim Light,Dry,20-30 min
R962,962,Highway,Street Light,Wet,<10 min
R963,963,City Road,No Light,Damaged,>30 min
R964,964,City Road,No Light,Damaged,20-30 min
R965,965,City Road,Dim Light,Wet,10-20 min
R966,966,Rural Road,Daylight,Wet,>30 min
R967,967,Expressway,Daylight,Under Construction,10-20 min
R968,968,Expressway,Daylight,Wet,10-20 min
R969,969,Highway,Dim Light,Wet,>30 min
R970,970,City Road,No Light,Wet,10-20 min
R971,971,City Road,Street Light,Damaged,10-20 min
R972,972,Expressway,Daylight,Under Construction,20-30 min
R973,973,Expressway,Street Light,Dry,>30 min
R974,974,City Road,Street Light,Wet,20-30 min
R975,975,Expressway,Street Light,Damaged,>30 min
R976,976,Highway,Dim Light,Dry,<10 min
R977,977,Highway,No Light,Damaged,20-30 min
R978,978,Rural Road,Dim Light,Damaged,10-20 min
R979,979,Rural Road,No Light,Damaged,20-30 min
R980,980,Highway,No Light,Wet,10-20 min
R981,981,Expressway,Street Light,Wet,10-20 min
R982,982,Expressway,Dim Light,Wet,20-30 min
R983,983,Highway,No Light,Damaged,10-20 min
R984,984,Highway,No Light,Wet,20-30 min
R985,985,City Road,No Light,Wet,10-20 min
R986,986,Highway,Dim Light,Wet,>30 min
R987,987,Highway,No Light,Dry,20-30 min
R988,988,Highway,No Light,Wet,>30 min
R989,989,Expressway,No Light,Dry,<10 min
R990,990,Highway,Street Light,Under Construction,10-20 min
R991,991,Rural Road,Daylight,Dry,>30 min
R992,992,City Road,Dim Light,Damaged,10-20 min
R993,993,Rural Road,Daylight,Under Construction,>30 min
R994,994,Highway,Dim Light,Wet,20-30 min
R995,995,Rural Road,Dim Light,Dry,20-30 min
R996,996,Highway,Daylight,Dry,<10 min
R997,997,Highway,Dim Light,Dry,>30 min
R998,998,Rural Road,Dim Light,Damaged,>30 min
R999,999,Highway,No Light,Under Construction,<10 min
R1000,1000,City Road,Daylight,Damaged,20-30 min
R1001,1001,City Road,Street Light,Dry,<10 min
R1002,1002,City Road,Street Light,Wet,20-30 min
R1003,1003,Highway,Dim Light,Dry,20-30 min
R1004,1004,City Road,No Light,Under Construction,20-30 min
R1005,1005,Highway,Street Light,Wet,10-20 min
R1006,1006,City Road,No Light,Dry,20-30 min
R1007,1007,Expressway,No Light,Damaged,20-30 min
R1008,1008,Rural Road,Dim Light,Wet,<10 min
R1009,1009,Rural Road,Street Light,Dry,20-30 min
R1010,1010,City Road,Dim Light,Wet,>30 min
R1011,1011,Rural Road,No Light,Dry,10-20 min
R1012,1012,Highway,Street Light,Dry,10-20 min
R1013,1013,City Road,No Light,Wet,<10 min
R1014,1014,City Road,Dim Light,Damaged,>30 min
R1015,1015,Highway,Dim Light,Dry,<10 min
R1016,1016,Expressway,Dim Light,Wet,<10 min
R1017,1017,Highway,Dim Light,Damaged,>30 min
R1018,1018,Expressway,Street Light,Dry,20-30 min
R1019,1019,Rural Road,Street Light,Damaged,10-20 min
R1020,1020,Rural Road,No Light,Dry,20-30 min
R1021,1021,Highway,Daylight,Under Construction,>30 min
R1022,1022,City Road,Dim Light,Wet,10-20 min
R1023,1023,Highway,Street Light,Dry,20-30 min
R1024,1024,City Road,Dim Light,Wet,>30 min
R1025,1025,Expressway,Street Light,Under Construction,>30 min
R1026,1026,Highway,Daylight,Dry,10-20 min
R1027,1027,Expressway,Daylight,Under Construction,>30 min
R1028,1028,City Road,Street Light,Wet,>30 min
R1029,1029,Highway,Street Light,Under Construction,20-30 min
R1030,1030,City Road,No Light,Dry,>30 min
R1031,1031,Rural Road,Daylight,Wet,<10 min
R1032,1032,Expressway,No Light,Damaged,10-20 min
R1033,1033,Rural Road,Street Light,Under Construction,>30 min
R1034,1034,Expressway,No Light,Dry,>30 min
R1035,1035,Expressway,Daylight,Damaged,10-20 min
R1036,1036,Expressway,Street Light,Damaged,<10 min
R1037,1037,Highway,Daylight,Damaged,>30 min
R1038,1038,City Road,Dim Light,Damaged,>30 min
R1039,1039,Rural Road,Dim Light,Under Construction,20-30 min
R1040,1040,Highway,Dim Light,Under Construction,>30 min
R1041,1041,Highway,Dim Light,Wet,<10 min
R1042,1042,Expressway,No Light,Wet,10-20 min
R1043,1043,City Road,Dim Light,Wet,20-30 min
R1044,1044,City Road,Street Light,Dry,10-20 min
R1045,1045,Expressway,No Light,Damaged,>30 min
R1046,1046,Highway,Street Light,Wet,20-30 min
R1047,1047,Highway,Street Light,Wet,20-30 min
R1048,1048,Rural Road,No Light,Wet,10-20 min
R1049,1049,City Road,Daylight,Under Construction,10-20 min
R1050,1050,Expressway,Daylight,Damaged,10-20 min
R1051,1051,City Road,Daylight,Dry,20-30 min
R1052,1052,Rural Road,Street Light,Damaged,<10 min
R1053,1053,Expressway,No Light,Under Construction,<10 min
R1054,1054,City Road,Street Light,Dry,>30 min
R1055,1055,Rural Road,Street Light,Dry,<10 min
R1056,1056,Expressway,Dim Light,Dry,>30 min
R1057,1057,Expressway,Daylight,Dry,<10 min
R1058,1058,Rural Road,Daylight,Under Construction,20-30 min
R1059,1059,City Road,Street Light,Under Construction,>30 min
R1060,1060,City Road,Dim Light,Dry,20-30 min
R1061,1061,Rural Road,Street Light,Under Construction,10-20 min
R1062,1062,Highway,No Light,Wet,20-30 min
R1063,1063,Rural Road,No Light,Damaged,>30 min
R1064,1064,Expressway,Daylight,Wet,20-30 min
R1065,1065,City Road,Dim Light,Under Construction,20-30 min
R1066,1066,City Road,Daylight,Under Construction,<10 min
R1067,1067,Expressway,Dim Light,Damaged,<10 min
R1068,1068,Expressway,No Light,Under Construction,>30 min
R1069,1069,City Road,Daylight,Dry,<10 min
R1070,1070,Expressway,No Light,Damaged,10-20 min
R1071,1071,City Road,Daylight,Wet,<10 min
R1072,1072,City Road,No Light,Wet,>30 min
R1073,1073,City Road,Street Light,Damaged,10-20 min
R1074,1074,Expressway,No Light,Dry,>30 min
R1075,1075,Highway,Street Light,Under Construction,<10 min
R1076,1076,Highway,No Light,Wet,10-20 min
R1077,1077,Rural Road,Street Light,Under Construction,10-20 min
R1078,1078,Highway,Street Light,Under Construction,20-30 min
R1079,1079,Highway,Dim Light,Wet,10-20 min
R1080,1080,Highway,Dim Light,Under Construction,10-20 min
R1081,1081,Highway,Daylight,Under Construction,20-30 min
R1082,1082,City Road,Street Light,Damaged,10-20 min
R1083,1083,Highway,Dim Light,Wet,<10 min
R1084,1084,City Road,Street Light,Dry,20-30 min
R1085,1085,Highway,Street Light,Under Construction,<10 min
R1086,1086,Expressway,Daylight,Dry,<10 min
R1087,1087,Expressway,Dim Light,Wet,10-20 min
R1088,1088,Highway,Dim Light,Wet,20-30 min
R1089,1089,Rural Road,Dim Light,Wet,>30 min
R1090,1090,Expressway,No Light,Wet,20-30 min
R1091,1091,Expressway,Daylight,Wet,>30 min
R1092,1092,Expressway,Street Light,Damaged,10-20 min
R1093,1093,Rural Road,Daylight,Under Construction,20-30 min
R1094,1094,Expressway,Dim Light,Damaged,<10 min
R1095,1095,Rural Road,No Light,Dry,10-20 min
R1096,1096,Rural Road,Daylight,Dry,<10 min
R1097,1097,Expressway,No Light,Wet,20-30 min
R1098,1098,Rural Road,Daylight,Under Construction,20-30 min
R1099,1099,Rural Road,Daylight,Under Construction,20-30 min
R1100,1100,Highway,Street Light,Under Construction,20-30 min
R1101,1101,City Road,Daylight,Wet,10-20 min
R1102,1102,Expressway,No Light,Damaged,10-20 min
R1103,1103,Rural Road,Street Light,Under Construction,10-20 min
R1104,1104,City Road,No Light,Damaged,10-20 min
R1105,1105,City Road,Daylight,Dry,>30 min
R1106,1106,Expressway,No Light,Under Construction,20-30 min
R1107,1107,City Road,Dim Light,Damaged,>30 min
R1108,1108,City Road,Dim Light,Under Construction,10-20 min
R1109,1109,Expressway,Street Light,Wet,10-20 min
R1110,1110,City Road,Dim Light,Dry,<10 min
R1111,1111,City Road,Street Light,Wet,>30 min
R1112,1112,City Road,Dim Light,Dry,20-30 min
R1113,1113,City Road,Street Light,Damaged,10-20 min
R1114,1114,Highway,Street Light,Wet,20-30 min
R1115,1115,Expressway,No Light,Wet,20-30 min
R1116,1116,Expressway,No Light,Damaged,20-30 min
R1117,1117,Highway,Street Light,Dry,>30 min
R1118,1118,City Road,Dim Light,Damaged,>30 min
R1119,1119,Expressway,No Light,Wet,<10 min
R1120,1120,Rural Road,No Light,Damaged,20-30 min
R1121,1121,Highway,Street Light,Wet,10-20 min
R1122,1122,Expressway,No Light,Under Construction,10-20 min
R1123,1123,Highway,Daylight,Under Construction,>30 min
R1124,1124,Expressway,No Light,Damaged,20-30 min
R1125,1125,Rural Road,No Light,Dry,20-30 min
R1126,1126,Highway,No Light,Wet,<10 min
R1127,1127,City Road,No Light,Wet,20-30 min
R1128,1128,Highway,Dim Light,Under Construction,10-20 min
R1129,1129,Highway,Daylight,Dry,<10 min
R1130,1130,Highway,Daylight,Damaged,20-30 min
R1131,1131,City Road,Street Light,Damaged,10-20 min
R1132,1132,Expressway,Street Light,Wet,>30 min
R1133,1133,Expressway,Street Light,Dry,>30 min
R1134,1134,Highway,Daylight,Under Construction,20-30 min
R1135,1135,Expressway,Dim Light,Wet,10-20 min
R1136,1136,Expressway,No Light,Dry,>30 min
R1137,1137,Highway,Dim Light,Wet,20-30 min
R1138,1138,Expressway,Street Light,Under Construction,20-30 min
R1139,1139,Rural Road,Dim Light,Under Construction,>30 min
R1140,1140,Highway,Street Light,Under Construction,20-30 min
R1141,1141,Highway,No Light,Dry,20-30 min
R1142,1142,City Road,Street Light,Under Construction,>30 min
R1143,1143,Highway,No Light,Wet,<10 min
R1144,1144,Expressway,Dim Light,Dry,>30 min
R1145,1145,Rural Road,Street Light,Under Construction,20-30 min
R1146,1146,Rural Road,No Light,Wet,<10 min
R1147,1147,Rural Road,Dim Light,Damaged,>30 min
R1148,1148,Highway,No Light,Wet,>30 min
R1149,1149,Expressway,No Light,Dry,>30 min
R1150,1150,Highway,No Light,Under Construction,10-20 min
R1151,1151,Rural Road,Dim Light,Wet,>30 min
R1152,1152,Expressway,Street Light,Under Construction,<10 min
R1153,1153,Highway,Daylight,Under Construction,<10 min
R1154,1154,Rural Road,Street Light,Wet,10-20 min
R1155,1155,Highway,Dim Light,Wet,10-20 min
R1156,1156,Expressway,Daylight,Wet,<10 min
R1157,1157,Rural Road,No Light,Under Construction,10-20 min
R1158,1158,Rural Road,Street Light,Damaged,<10 min
R1159,1159,Rural Road,Street Light,Dry,20-30 min
R1160,1160,Expressway,No Light,Under Construction,20-30 min
R1161,1161,Rural Road,Dim Light,Dry,10-20 min
R1162,1162,City Road,No Light,Damaged,20-30 min
R1163,1163,Expressway,Dim Light,Under Construction,<10 min
R1164,1164,City Road,Dim Light,Under Construction,>30 min
R1165,1165,Rural Road,No Light,Dry,<10 min
R1166,1166,Expressway,Street Light,Wet,10-20 min
R1167,1167,Rural Road,Dim Light,Under Construction,10-20 min
R1168,1168,Highway,Street Light,Under Construction,10-20 min
R1169,1169,Expressway,Dim Light,Under Construction,20-30 min
R1170,1170,Highway,No Light,Under Construction,>30 min
R1171,1171,Rural Road,Daylight,Damaged,>30 min
R1172,1172,City Road,Daylight,Damaged,10-20 min
R1173,1173,Expressway,Dim Light,Dry,10-20 min
R1174,1174,Rural Road,No Light,Damaged,20-30 min
R1175,1175,Expressway,Daylight,Wet,20-30 min
R1176,1176,Expressway,No Light,Damaged,>30 min
R1177,1177,Rural Road,Daylight,Under Construction,<10 min
R1178,1178,City Road,Daylight,Dry,<10 min
R1179,1179,Rural Road,Street Light,Damaged,20-30 min
R1180,1180,City Road,Daylight,Wet,20-30 min
R1181,1181,Expressway,No Light,Dry,<10 min
R1182,1182,Highway,Dim Light,Under Construction,<10 min
R1183,1183,Expressway,Daylight,Under Construction,>30 min
R1184,1184,Highway,Street Light,Wet,20-30 min
R1185,1185,Expressway,Street Light,Damaged,>30 min
R1186,1186,City Road,Dim Light,Wet,10-20 min
R1187,1187,Rural Road,Daylight,Under Construction,10-20 min
R1188,1188,Expressway,Dim Light,Wet,>30 min
R1189,1189,City Road,No Light,Dry,10-20 min
R1190,1190,Expressway,No Light,Dry,>30 min
R1191,1191,Expressway,Dim Light,Wet,10-20 min
R1192,1192,City Road,Dim Light,Dry,10-20 min
R1193,1193,Highway,Street Light,Damaged,>30 min
R1194,1194,Highway,Dim Light,Under Construction,20-30 min
R1195,1195,City Road,Street Light,Wet,<10 min
R1196,1196,Rural Road,Dim Light,Damaged,20-30 min
R1197,1197,Rural Road,No Light,Damaged,<10 min
R1198,1198,Highway,Street Light,Under Construction,10-20 min
R1199,1199,Expressway,No Light,Wet,10-20 min
R1200,1200,Highway,No Light,Wet,>30 min
R1201,1201,Highway,Daylight,Dry,10-20 min
R1202,1202,City Road,Street Light,Under Construction,<10 min
R1203,1203,Rural Road,Street Light,Under Construction,10-20 min
R1204,1204,City Road,Daylight,Wet,10-20 min
R1205,1205,Highway,Daylight,Dry,<10 min
R1206,1206,City Road,Dim Light,Wet,20-30 min
R1207,1207,Expressway,Street Light,Wet,<10 min
R1208,1208,Highway,Daylight,Damaged,10-20 min
R1209,1209,City Road,Dim Light,Wet,20-30 min
R1210,1210,Highway,Street Light,Damaged,>30 min
R1211,1211,Highway,No Light,Damaged,20-30 min
R1212,1212,Rural Road,No Light,Under Construction,20-30 min
R1213,1213,City Road,No Light,Under Construction,<10 min
R1214,1214,Highway,No Light,Damaged,20-30 min
R1215,1215,Expressway,Daylight,Under Construction,<10 min
R1216,1216,City Road,No Light,Wet,20-30 min
R1217,1217,Expressway,Street Light,Under Construction,10-20 min
R1218,1218,Highway,No Light,Under Construction,20-30 min
R1219,1219,Highway,No Light,Wet,<10 min
R1220,1220,City Road,No Light,Dry,>30 min
R1221,1221,Highway,Dim Light,Wet,<10 min
R1222,1222,Expressway,Dim Light,Under Construction,10-20 min
R1223,1223,Expressway,Dim Light,Wet,>30 min
R1224,1224,Expressway,Dim Light,Dry,<10 min
R1225,1225,Highway,No Light,Damaged,<10 min
R1226,1226,City Road,Daylight,Under Construction,<10 min
R1227,1227,City Road,Dim Light,Wet,>30 min
R1228,1228,City Road,Dim Light,Under Construction,>30 min
R1229,1229,City Road,Daylight,Wet,20-30 min
R1230,1230,Expressway,Dim Light,Wet,<10 min
R1231,1231,Expressway,Daylight,Dry,10-20 min
R1232,1232,Highway,No Light,Damaged,10-20 min
R1233,1233,Highway,Street Light,Dry,20-30 min
R1234,1234,Rural Road,Dim Light,Under Construction,10-20 min
R1235,1235,Highway,Daylight,Wet,<10 min
R1236,1236,Highway,Daylight,Damaged,<10 min
R1237,1237,Rural Road,Dim Light,Wet,<10 min
R1238,1238,City Road,Daylight,Damaged,<10 min
R1239,1239,Expressway,Street Light,Wet,20-30 min
R1240,1240,Rural Road,Daylight,Dry,<10 min
R1241,1241,Rural Road,Street Light,Dry,10-20 min
R1242,1242,Highway,Street Light,Wet,20-30 min
R1243,1243,City Road,Dim Light,Damaged,10-20 min
R1244,1244,City Road,Daylight,Wet,<10 min
R1245,1245,Expressway,Daylight,Dry,>30 min
R1246,1246,Highway,Daylight,Under Construction,<10 min
R1247,1247,Rural Road,No Light,Wet,10-20 min
R1248,1248,Highway,Daylight,Under Construction,20-30 min
R1249,1249,Highway,Daylight,Damaged,<10 min
R1250,1250,Rural Road,No Light,Under Construction,>30 min
R1251,1251,Rural Road,Daylight,Damaged,<10 min
R1252,1252,City Road,Street Light,Dry,<10 min
R1253,1253,City Road,No Light,Under Construction,>30 min
R1254,1254,Expressway,Street Light,Damaged,20-30 min
R1255,1255,City Road,Dim Light,Wet,>30 min
R1256,1256,Rural Road,Daylight,Under Construction,<10 min
R1257,1257,Expressway,No Light,Under Construction,>30 min
R1258,1258,City Road,No Light,Dry,20-30 min
R1259,1259,Expressway,Dim Light,Damaged,20-30 min
R1260,1260,City Road,Street Light,Damaged,>30 min
R1261,1261,Expressway,No Light,Damaged,20-30 min
R1262,1262,Expressway,Dim Light,Under Construction,<10 min
R1263,1263,Highway,No Light,Under Construction,<10 min
R1264,1264,Expressway,Dim Light,Under Construction,<10 min
R1265,1265,City Road,Daylight,Dry,>30 min
R1266,1266,Expressway,Dim Light,Under Construction,10-20 min
R1267,1267,Rural Road,Street Light,Dry,>30 min
R1268,1268,Expressway,Dim Light,Damaged,>30 min
R1269,1269,Rural Road,No Light,Dry,>30 min
R1270,1270,Rural Road,Street Light,Under Construction,10-20 min
R1271,1271,Rural Road,Daylight,Dry,<10 min
R1272,1272,Highway,No Light,Damaged,20-30 min
R1273,1273,Expressway,Daylight,Under Construction,10-20 min
R1274,1274,Expressway,Dim Light,Wet,>30 min
R1275,1275,Expressway,Daylight,Dry,20-30 min
R1276,1276,Highway,No Light,Damaged,10-20 min
R1277,1277,City Road,Street Light,Damaged,>30 min
R1278,1278,Highway,Street Light,Damaged,20-30 min
R1279,1279,Highway,No Light,Wet,>30 min
R1280,1280,Highway,No Light,Under Construction,20-30 min
R1281,1281,City Road,Street Light,Dry,20-30 min
R1282,1282,Highway,Street Light,Wet,20-30 min
R1283,1283,City Road,Street Light,Damaged,20-30 min
R1284,1284,Expressway,No Light,Dry,10-20 min
R1285,1285,City Road,Daylight,Damaged,<10 min
R1286,1286,Highway,Daylight,Damaged,<10 min
R1287,1287,City Road,No Light,Wet,20-30 min
R1288,1288,Expressway,Daylight,Dry,20-30 min
R1289,1289,City Road,Daylight,Wet,<10 min
R1290,1290,City Road,Street Light,Dry,>30 min
R1291,1291,Rural Road,Daylight,Dry,20-30 min
R1292,1292,Rural Road,Dim Light,Damaged,10-20 min
R1293,1293,Highway,Dim Light,Under Construction,<10 min
R1294,1294,Highway,Street Light,Wet,>30 min
R1295,1295,Rural Road,Dim Light,Wet,20-30 min
R1296,1296,Expressway,No Light,Under Construction,<10 min
R1297,1297,Expressway,Street Light,Dry,>30 min
R1298,1298,City Road,Dim Light,Under Construction,10-20 min
R1299,1299,Highway,Street Light,Damaged,>30 min
R1300,1300,Rural Road,Dim Light,Under Construction,>30 min
R1301,1301,Rural Road,Daylight,Under Construction,20-30 min
R1302,1302,Highway,Street Light,Under Construction,>30 min
R1303,1303,Expressway,Dim Light,Damaged,<10 min
R1304,1304,City Road,Daylight,Under Construction,>30 min
R1305,1305,Highway,Street Light,Under Construction,20-30 min
R1306,1306,Rural Road,Daylight,Damaged,20-30 min
R1307,1307,Expressway,Daylight,Under Construction,>30 min
R1308,1308,Expressway,Street Light,Under Construction,10-20 min
R1309,1309,Rural Road,Street Light,Wet,10-20 min
R1310,1310,Expressway,Dim Light,Wet,<10 min
R1311,1311,Highway,No Light,Under Construction,<10 min
R1312,1312,Rural Road,Dim Light,Damaged,<10 min
R1313,1313,Highway,Daylight,Wet,>30 min
R1314,1314,City Road,Daylight,Dry,10-20 min
R1315,1315,Highway,Street Light,Damaged,>30 min
R1316,1316,City Road,Dim Light,Wet,20-30 min
R1317,1317,Expressway,Street Light,Under Construction,20-30 min
R1318,1318,Highway,Daylight,Dry,>30 min
R1319,1319,Rural Road,Street Light,Under Construction,>30 min
R1320,1320,Expressway,Street Light,Dry,<10 min
R1321,1321,Rural Road,No Light,Damaged,>30 min
R1322,1322,Rural Road,Dim Light,Dry,10-20 min
R1323,1323,Expressway,Street Light,Dry,<10 min
R1324,1324,Highway,No Light,Damaged,>30 min
R1325,1325,Highway,No Light,Damaged,10-20 min
R1326,1326,City Road,No Light,Dry,<10 min
R1327,1327,Rural Road,Dim Light,Damaged,>30 min
R1328,1328,City Road,Street Light,Dry,20-30 min
R1329,1329,Expressway,Street Light,Damaged,<10 min
R1330,1330,Highway,Daylight,Dry,20-30 min
R1331,1331,Expressway,No Light,Damaged,>30 min
R1332,1332,City Road,Street Light,Wet,>30 min
R1333,1333,Highway,Dim Light,Under Construction,<10 min
R1334,1334,Rural Road,Daylight,Under Construction,<10 min
R1335,1335,City Road,Street Light,Dry,10-20 min
R1336,1336,Expressway,No Light,Under Construction,>30 min
R1337,1337,Highway,Dim Light,Dry,20-30 min
R1338,1338,Expressway,No Light,Wet,20-30 min
R1339,1339,Expressway,Street Light,Dry,>30 min
R1340,1340,Highway,Daylight,Under Construction,10-20 min
R1341,1341,Expressway,Street Light,Dry,>30 min
R1342,1342,Rural Road,Daylight,Damaged,>30 min
R1343,1343,City Road,No Light,Under Construction,10-20 min
R1344,1344,City Road,Daylight,Wet,10-20 min
R1345,1345,Rural Road,Dim Light,Dry,<10 min
R1346,1346,Rural Road,Street Light,Damaged,10-20 min
R1347,1347,Rural Road,No Light,Damaged,>30 min
R1348,1348,Expressway,Daylight,Damaged,<10 min
R1349,1349,City Road,Dim Light,Dry,20-30 min
R1350,1350,Highway,Dim Light,Wet,<10 min
R1351,1351,Expressway,Daylight,Wet,20-30 min
R1352,1352,Expressway,Street Light,Dry,<10 min
R1353,1353,Highway,No Light,Damaged,20-30 min
R1354,1354,Highway,Dim Light,Damaged,20-30 min
R1355,1355,Highway,Street Light,Damaged,>30 min
R1356,1356,Highway,No Light,Under Construction,>30 min
R1357,1357,City Road,No Light,Wet,<10 min
R1358,1358,Rural Road,Street Light,Dry,10-20 min
R1359,1359,Expressway,No Light,Damaged,10-20 min
R1360,1360,Expressway,Street Light,Under Construction,20-30 min
R1361,1361,Highway,Street Light,Dry,>30 min
R1362,1362,Highway,Dim Light,Dry,<10 min
R1363,1363,Rural Road,No Light,Dry,>30 min
R1364,1364,City Road,Street Light,Under Construction,20-30 min
R1365,1365,City Road,Street Light,Dry,20-30 min
R1366,1366,Rural Road,Street Light,Wet,20-30 min
R1367,1367,Expressway,Street Light,Under Construction,<10 min
R1368,1368,Highway,Daylight,Dry,>30 min
R1369,1369,Expressway,No Light,Wet,>30 min
R1370,1370,Rural Road,Daylight,Damaged,>30 min
R1371,1371,Rural Road,No Light,Damaged,10-20 min
R1372,1372,Expressway,Dim Light,Wet,10-20 min
R1373,1373,City Road,No Light,Dry,10-20 min
R1374,1374,City Road,Daylight,Wet,>30 min
R1375,1375,Highway,No Light,Damaged,20-30 min
R1376,1376,Highway,Dim Light,Wet,>30 min
R1377,1377,City Road,Dim Light,Wet,>30 min
R1378,1378,City Road,No Light,Damaged,10-20 min
R1379,1379,Rural Road,Daylight,Under Construction,>30 min
R1380,1380,Highway,Dim Light,Dry,<10 min
R1381,1381,Rural Road,Dim Light,Under Construction,20-30 min
R1382,1382,City Road,Dim Light,Damaged,10-20 min
R1383,1383,City Road,Street Light,Under Construction,10-20 min
R1384,1384,Highway,Daylight,Dry,>30 min
R1385,1385,City Road,Daylight,Damaged,10-20 min
R1386,1386,Rural Road,Street Light,Dry,>30 min
R1387,1387,City Road,Daylight,Wet,<10 min
R1388,1388,Expressway,Dim Light,Wet,<10 min
R1389,1389,Rural Road,No Light,Wet,<10 min
R1390,1390,Expressway,Daylight,Under Construction,10-20 min
R1391,1391,Expressway,Dim Light,Dry,10-20 min
R1392,1392,Expressway,Daylight,Damaged,<10 min
R1393,1393,Highway,Dim Light,Damaged,<10 min
R1394,1394,Rural Road,Dim Light,Wet,>30 min
R1395,1395,Rural Road,No Light,Dry,10-20 min
R1396,1396,Expressway,Daylight,Damaged,<10 min
R1397,1397,Expressway,Daylight,Damaged,>30 min
R1398,1398,Expressway,No Light,Dry,10-20 min
R1399,1399,Rural Road,Daylight,Dry,20-30 min
R1400,1400,Highway,Daylight,Under Construction,10-20 min
R1401,1401,City Road,Daylight,Wet,>30 min
R1402,1402,Rural Road,No Light,Damaged,10-20 min
R1403,1403,Rural Road,No Light,Wet,20-30 min
R1404,1404,Highway,Daylight,Damaged,>30 min
R1405,1405,Highway,No Light,Dry,10-20 min
R1406,1406,City Road,Daylight,Dry,10-20 min
R1407,1407,City Road,Daylight,Damaged,20-30 min
R1408,1408,Highway,Dim Light,Dry,10-20 min
R1409,1409,Expressway,No Light,Damaged,>30 min
R1410,1410,Highway,No Light,Wet,<10 min
R1411,1411,City Road,Daylight,Dry,20-30 min
R1412,1412,Expressway,Street Light,Damaged,10-20 min
R1413,1413,Expressway,Daylight,Wet,<10 min
R1414,1414,Expressway,Dim Light,Wet,10-20 min
R1415,1415,Expressway,Street Light,Damaged,10-20 min
R1416,1416,City Road,Daylight,Dry,>30 min
R1417,1417,City Road,Street Light,Damaged,<10 min
R1418,1418,Highway,No Light,Dry,20-30 min
R1419,1419,Expressway,No Light,Under Construction,>30 min
R1420,1420,City Road,Dim Light,Wet,<10 min
R1421,1421,Rural Road,Dim Light,Dry,>30 min
R1422,1422,Expressway,Daylight,Dry,20-30 min
R1423,1423,City Road,No Light,Wet,20-30 min
R1424,1424,Highway,No Light,Wet,>30 min
R1425,1425,Rural Road,Dim Light,Wet,>30 min
R1426,1426,Rural Road,No Light,Dry,>30 min
R1427,1427,Expressway,No Light,Damaged,>30 min
R1428,1428,Highway,Street Light,Dry,<10 min
R1429,1429,City Road,Daylight,Dry,>30 min
R1430,1430,Expressway,Daylight,Damaged,<10 min
R1431,1431,Expressway,Dim Light,Wet,20-30 min
R1432,1432,Expressway,Dim Light,Damaged,<10 min
R1433,1433,Rural Road,No Light,Under Construction,10-20 min
R1434,1434,Rural Road,Street Light,Damaged,20-30 min
R1435,1435,Highway,Daylight,Dry,>30 min
R1436,1436,Rural Road,No Light,Under Construction,<10 min
R1437,1437,Expressway,Dim Light,Dry,>30 min
R1438,1438,Rural Road,Street Light,Dry,<10 min
R1439,1439,Expressway,No Light,Damaged,>30 min
R1440,1440,Rural Road,Dim Light,Under Construction,10-20 min
R1441,1441,Highway,No Light,Wet,20-30 min
R1442,1442,Expressway,Dim Light,Damaged,10-20 min
R1443,1443,Rural Road,Dim Light,Under Construction,<10 min
R1444,1444,City Road,Daylight,Wet,20-30 min
R1445,1445,Expressway,No Light,Under Construction,20-30 min
R1446,1446,Highway,No Light,Under Construction,10-20 min
R1447,1447,Rural Road,No Light,Damaged,<10 min
R1448,1448,Highway,Daylight,Wet,20-30 min
R1449,1449,City Road,No Light,Under Construction,10-20 min
R1450,1450,Highway,Daylight,Under Construction,<10 min
R1451,1451,Expressway,Daylight,Dry,<10 min
R1452,1452,Expressway,Daylight,Wet,20-30 min
R1453,1453,City Road,Daylight,Under Construction,>30 min
R1454,1454,Expressway,Dim Light,Dry,20-30 min
R1455,1455,Rural Road,Dim Light,Dry,20-30 min
R1456,1456,Rural Road,No Light,Dry,10-20 min
R1457,1457,City Road,No Light,Damaged,>30 min
R1458,1458,Rural Road,Dim Light,Wet,<10 min
R1459,1459,City Road,Daylight,Wet,>30 min
R1460,1460,Expressway,Dim Light,Dry,20-30 min
R1461,1461,Expressway,Dim Light,Damaged,20-30 min
R1462,1462,City Road,Street Light,Under Construction,20-30 min
R1463,1463,City Road,No Light,Wet,20-30 min
R1464,1464,Rural Road,Daylight,Dry,10-20 min
R1465,1465,Highway,Street Light,Damaged,>30 min
R1466,1466,Expressway,Dim Light,Dry,>30 min
R1467,1467,Rural Road,Dim Light,Under Construction,>30 min
R1468,1468,Expressway,Daylight,Dry,>30 min
R1469,1469,City Road,Daylight,Dry,10-20 min
R1470,1470,Rural Road,Dim Light,Under Construction,<10 min
R1471,1471,Highway,No Light,Dry,10-20 min
R1472,1472,Expressway,Street Light,Dry,<10 min
R1473,1473,City Road,Daylight,Damaged,10-20 min
R1474,1474,City Road,Dim Light,Under Construction,>30 min
R1475,1475,Expressway,Dim Light,Under Construction,<10 min
R1476,1476,City Road,Street Light,Dry,20-30 min
R1477,1477,Rural Road,Street Light,Under Construction,10-20 min
R1478,1478,City Road,Street Light,Damaged,10-20 min
R1479,1479,Expressway,No Light,Under Construction,20-30 min
R1480,1480,Expressway,No Light,Under Construction,20-30 min
R1481,1481,City Road,Street Light,Damaged,>30 min
R1482,1482,Expressway,No Light,Wet,20-30 min
R1483,1483,Expressway,Daylight,Under Construction,10-20 min
R1484,1484,Rural Road,Dim Light,Under Construction,>30 min
R1485,1485,Expressway,Dim Light,Damaged,>30 min
R1486,1486,Highway,Dim Light,Dry,10-20 min
R1487,1487,Highway,Daylight,Wet,>30 min
R1488,1488,Expressway,Daylight,Damaged,10-20 min
R1489,1489,Expressway,Daylight,Under Construction,10-20 min
R1490,1490,City Road,No Light,Damaged,<10 min
R1491,1491,City Road,Daylight,Dry,<10 min
R1492,1492,City Road,Dim Light,Damaged,20-30 min
R1493,1493,Expressway,Dim Light,Under Construction,10-20 min
R1494,1494,City Road,Dim Light,Wet,20-30 min
R1495,1495,Expressway,Daylight,Dry,>30 min
R1496,1496,City Road,Daylight,Dry,10-20 min
R1497,1497,City Road,Street Light,Damaged,>30 min
R1498,1498,Expressway,Dim Light,Dry,10-20 min
R1499,1499,Expressway,Dim Light,Dry,20-30 min
R1500,1500,Expressway,Street Light,Under Construction,>30 min
R1501,1501,City Road,Dim Light,Wet,>30 min
R1502,1502,Rural Road,No Light,Dry,10-20 min
R1503,1503,City Road,Street Light,Wet,10-20 min
R1504,1504,Highway,Street Light,Wet,20-30 min
R1505,1505,Expressway,Street Light,Dry,20-30 min
R1506,1506,Highway,Daylight,Wet,>30 min
R1507,1507,Highway,Street Light,Wet,<10 min
R1508,1508,Rural Road,Street Light,Under Construction,<10 min
R1509,1509,Highway,Daylight,Wet,10-20 min
R1510,1510,Highway,No Light,Under Construction,10-20 min
R1511,1511,Highway,No Light,Damaged,<10 min
R1512,1512,City Road,Street Light,Under Construction,>30 min
R1513,1513,City Road,Street Light,Wet,10-20 min
R1514,1514,Expressway,No Light,Under Construction,10-20 min
R1515,1515,City Road,Dim Light,Damaged,10-20 min
R1516,1516,Expressway,Daylight,Under Construction,20-30 min
R1517,1517,City Road,Daylight,Wet,>30 min
R1518,1518,Rural Road,No Light,Damaged,>30 min
R1519,1519,Rural Road,Daylight,Dry,20-30 min
R1520,1520,Rural Road,Dim Light,Wet,<10 min
R1521,1521,Rural Road,Daylight,Dry,>30 min
R1522,1522,Rural Road,Daylight,Dry,<10 min
R1523,1523,Rural Road,Dim Light,Damaged,<10 min
R1524,1524,City Road,Daylight,Wet,10-20 min
R1525,1525,Expressway,No Light,Under Construction,>30 min
R1526,1526,Expressway,Street Light,Under Construction,>30 min
R1527,1527,Expressway,Street Light,Damaged,10-20 min
R1528,1528,Highway,No Light,Under Construction,10-20 min
R1529,1529,City Road,Street Light,Damaged,<10 min
R1530,1530,Highway,Daylight,Under Construction,>30 min
R1531,1531,Highway,Daylight,Damaged,>30 min
R1532,1532,Expressway,No Light,Wet,<10 min
R1533,1533,City Road,Daylight,Under Construction,<10 min
R1534,1534,City Road,Dim Light,Wet,10-20 min
R1535,1535,Rural Road,Street Light,Under Construction,<10 min
R1536,1536,Rural Road,No Light,Under Construction,<10 min
R1537,1537,Rural Road,Street Light,Wet,10-20 min
R1538,1538,Highway,Dim Light,Damaged,>30 min
R1539,1539,City Road,Dim Light,Wet,10-20 min
R1540,1540,City Road,Street Light,Under Construction,10-20 min
R1541,1541,Rural Road,No Light,Under Construction,20-30 min
R1542,1542,City Road,Street Light,Under Construction,<10 min
R1543,1543,Highway,No Light,Wet,>30 min
R1544,1544,Rural Road,Street Light,Under Construction,>30 min
R1545,1545,Highway,Dim Light,Damaged,<10 min
R1546,1546,City Road,No Light,Under Construction,>30 min
R1547,1547,Highway,Daylight,Wet,<10 min
R1548,1548,City Road,Daylight,Wet,<10 min
R1549,1549,Rural Road,Street Light,Dry,10-20 min
R1550,1550,City Road,Dim Light,Damaged,>30 min
R1551,1551,City Road,Dim Light,Damaged,10-20 min
R1552,1552,Expressway,Street Light,Dry,20-30 min
R1553,1553,City Road,Street Light,Dry,>30 min
R1554,1554,Rural Road,No Light,Damaged,<10 min
R1555,1555,Rural Road,Dim Light,Under Construction,>30 min
R1556,1556,Rural Road,Street Light,Wet,10-20 min
R1557,1557,City Road,Dim Light,Under Construction,<10 min
R1558,1558,Expressway,No Light,Wet,>30 min
R1559,1559,Expressway,Street Light,Wet,20-30 min
R1560,1560,Expressway,Daylight,Under Construction,20-30 min
R1561,1561,Expressway,Street Light,Damaged,20-30 min
R1562,1562,Expressway,Dim Light,Wet,>30 min
R1563,1563,Rural Road,Dim Light,Damaged,10-20 min
R1564,1564,Rural Road,Street Light,Dry,10-20 min
R1565,1565,Expressway,Street Light,Dry,10-20 min
R1566,1566,City Road,Street Light,Damaged,20-30 min
R1567,1567,Expressway,Street Light,Dry,20-30 min
R1568,1568,Expressway,Dim Light,Damaged,>30 min
R1569,1569,Highway,Daylight,Wet,20-30 min
R1570,1570,Expressway,Daylight,Under Construction,>30 min
R1571,1571,Expressway,Street Light,Under Construction,>30 min
R1572,1572,Expressway,Daylight,Damaged,20-30 min
R1573,1573,Highway,Dim Light,Under Construction,>30 min
R1574,1574,Highway,Dim Light,Dry,20-30 min
R1575,1575,Highway,Street Light,Damaged,10-20 min
R1576,1576,Highway,Street Light,Dry,10-20 min
R1577,1577,City Road,Street Light,Under Construction,10-20 min
R1578,1578,City Road,No Light,Dry,>30 min
R1579,1579,Highway,No Light,Under Construction,>30 min
R1580,1580,Expressway,Daylight,Under Construction,10-20 min
R1581,1581,Highway,Street Light,Damaged,10-20 min
R1582,1582,Rural Road,Dim Light,Under Construction,20-30 min
R1583,1583,Rural Road,Street Light,Wet,10-20 min
R1584,1584,Highway,No Light,Under Construction,<10 min
R1585,1585,Rural Road,No Light,Under Construction,<10 min
R1586,1586,Expressway,Dim Light,Dry,20-30 min
R1587,1587,City Road,Street Light,Dry,20-30 min
R1588,1588,Highway,Daylight,Under Construction,10-20 min
R1589,1589,City Road,Dim Light,Damaged,10-20 min
R1590,1590,Expressway,No Light,Wet,20-30 min
R1591,1591,Highway,Dim Light,Dry,10-20 min
R1592,1592,City Road,Dim Light,Dry,20-30 min
R1593,1593,Highway,Dim Light,Wet,>30 min
R1594,1594,Rural Road,Street Light,Under Construction,20-30 min
R1595,1595,Expressway,Dim Light,Wet,>30 min
R1596,1596,Rural Road,Street Light,Dry,<10 min
R1597,1597,Highway,No Light,Dry,20-30 min
R1598,1598,Highway,Street Light,Under Construction,<10 min
R1599,1599,Highway,Dim Light,Damaged,>30 min
R1600,1600,Rural Road,Dim Light,Under Construction,<10 min
R1601,1601,Highway,Daylight,Dry,>30 min
R1602,1602,Rural Road,No Light,Dry,>30 min
R1603,1603,City Road,Daylight,Dry,10-20 min
R1604,1604,City Road,Dim Light,Under Construction,10-20 min
R1605,1605,City Road,Street Light,Wet,<10 min
R1606,1606,City Road,Street Light,Under Construction,<10 min
R1607,1607,City Road,Daylight,Damaged,>30 min
R1608,1608,Highway,No Light,Wet,>30 min
R1609,1609,City Road,Daylight,Under Construction,10-20 min
R1610,1610,Rural Road,No Light,Dry,>30 min
R1611,1611,Expressway,Daylight,Wet,10-20 min
R1612,1612,City Road,No Light,Wet,20-30 min
R1613,1613,City Road,Street Light,Under Construction,>30 min
R1614,1614,City Road,No Light,Wet,10-20 min
R1615,1615,Rural Road,Daylight,Damaged,20-30 min
R1616,1616,Highway,No Light,Damaged,10-20 min
R1617,1617,Highway,Street Light,Dry,<10 min
R1618,1618,Expressway,Dim Light,Under Construction,10-20 min
R1619,1619,Rural Road,No Light,Dry,>30 min
R1620,1620,Expressway,Dim Light,Dry,<10 min
R1621,1621,Rural Road,Daylight,Under Construction,>30 min
R1622,1622,Expressway,Daylight,Damaged,>30 min
R1623,1623,City Road,Daylight,Wet,10-20 min
R1624,1624,City Road,Street Light,Dry,10-20 min
R1625,1625,Expressway,Daylight,Dry,10-20 min
R1626,1626,City Road,Daylight,Dry,10-20 min
R1627,1627,Expressway,Daylight,Dry,10-20 min
R1628,1628,Rural Road,Daylight,Wet,10-20 min
R1629,1629,Highway,No Light,Dry,>30 min
R1630,1630,Expressway,Street Light,Under Construction,10-20 min
R1631,1631,City Road,No Light,Under Construction,<10 min
R1632,1632,Highway,Dim Light,Wet,20-30 min
R1633,1633,Expressway,Street Light,Dry,20-30 min
R1634,1634,City Road,Daylight,Dry,>30 min
R1635,1635,Expressway,Daylight,Under Construction,<10 min
R1636,1636,Expressway,Daylight,Damaged,10-20 min
R1637,1637,Rural Road,Dim Light,Damaged,>30 min
R1638,1638,Expressway,Dim Light,Under Construction,20-30 min
R1639,1639,City Road,Street Light,Damaged,20-30 min
R1640,1640,Highway,Daylight,Dry,>30 min
R1641,1641,City Road,Street Light,Damaged,>30 min
R1642,1642,Rural Road,No Light,Damaged,>30 min
R1643,1643,City Road,Daylight,Dry,>30 min
R1644,1644,City Road,Dim Light,Dry,10-20 min
R1645,1645,Highway,Street Light,Damaged,>30 min
R1646,1646,Expressway,No Light,Dry,20-30 min
R1647,1647,City Road,Dim Light,Wet,>30 min
R1648,1648,Rural Road,No Light,Damaged,10-20 min
R1649,1649,Expressway,Dim Light,Under Construction,<10 min
R1650,1650,City Road,Daylight,Dry,<10 min
R1651,1651,Rural Road,Street Light,Wet,<10 min
R1652,1652,Highway,Dim Light,Wet,20-30 min
R1653,1653,Expressway,Daylight,Under Construction,<10 min
R1654,1654,Highway,Street Light,Damaged,<10 min
R1655,1655,Expressway,Dim Light,Dry,20-30 min
R1656,1656,City Road,Street Light,Dry,>30 min
R1657,1657,City Road,Street Light,Damaged,10-20 min
R1658,1658,City Road,Daylight,Damaged,10-20 min
R1659,1659,Expressway,Street Light,Damaged,>30 min
R1660,1660,Expressway,Dim Light,Wet,>30 min
R1661,1661,Highway,Street Light,Wet,>30 min
R1662,1662,City Road,Street Light,Damaged,<10 min
R1663,1663,City Road,Dim Light,Damaged,<10 min
R1664,1664,Rural Road,No Light,Dry,<10 min
R1665,1665,Highway,Dim Light,Dry,<10 min
R1666,1666,Rural Road,Daylight,Wet,20-30 min
R1667,1667,Expressway,Daylight,Under Construction,20-30 min
R1668,1668,Highway,Street Light,Dry,20-30 min
R1669,1669,Highway,Street Light,Damaged,20-30 min
R1670,1670,Highway,Street Light,Wet,20-30 min
R1671,1671,Expressway,Street Light,Wet,>30 min
R1672,1672,Expressway,Daylight,Damaged,10-20 min
R1673,1673,Highway,Daylight,Under Construction,20-30 min
R1674,1674,Highway,Dim Light,Damaged,>30 min
R1675,1675,City Road,No Light,Under Construction,>30 min
R1676,1676,Highway,Dim Light,Damaged,10-20 min
R1677,1677,City Road,Street Light,Damaged,10-20 min
R1678,1678,Rural Road,Street Light,Under Construction,10-20 min
R1679,1679,City Road,Daylight,Damaged,20-30 min
R1680,1680,Rural Road,Street Light,Damaged,>30 min
R1681,1681,Rural Road,Dim Light,Damaged,20-30 min
R1682,1682,City Road,Daylight,Dry,>30 min
R1683,1683,Highway,Street Light,Wet,10-20 min
R1684,1684,Highway,Street Light,Under Construction,<10 min
R1685,1685,Rural Road,Daylight,Damaged,<10 min
R1686,1686,Rural Road,Street Light,Wet,20-30 min
R1687,1687,Expressway,Daylight,Damaged,20-30 min
R1688,1688,Rural Road,Street Light,Under Construction,10-20 min
R1689,1689,City Road,Street Light,Wet,10-20 min
R1690,1690,City Road,No Light,Dry,>30 min
R1691,1691,Rural Road,Daylight,Under Construction,>30 min
R1692,1692,Expressway,No Light,Dry,<10 min
R1693,1693,Rural Road,No Light,Under Construction,<10 min
R1694,1694,Highway,No Light,Wet,<10 min
R1695,1695,Expressway,No Light,Under Construction,20-30 min
R1696,1696,City Road,Daylight,Damaged,<10 min
R1697,1697,Highway,Dim Light,Wet,20-30 min
R1698,1698,Highway,Street Light,Wet,10-20 min
R1699,1699,Expressway,Dim Light,Under Construction,10-20 min
R1700,1700,Rural Road,Street Light,Wet,20-30 min
R1701,1701,Highway,Dim Light,Under Construction,10-20 min
R1702,1702,Rural Road,No Light,Damaged,<10 min
R1703,1703,Expressway,Daylight,Wet,>30 min
R1704,1704,Highway,Street Light,Wet,10-20 min
R1705,1705,Highway,Dim Light,Under Construction,<10 min
R1706,1706,Rural Road,No Light,Wet,<10 min
R1707,1707,Highway,Dim Light,Wet,10-20 min
R1708,1708,Highway,No Light,Wet,>30 min
R1709,1709,City Road,Street Light,Under Construction,>30 min
R1710,1710,Rural Road,Daylight,Under Construction,<10 min
R1711,1711,Highway,Street Light,Wet,20-30 min
R1712,1712,City Road,Street Light,Under Construction,>30 min
R1713,1713,Expressway,Daylight,Damaged,<10 min
R1714,1714,Highway,Street Light,Dry,10-20 min
R1715,1715,Rural Road,Daylight,Wet,<10 min
R1716,1716,Rural Road,Dim Light,Under Construction,<10 min
R1717,1717,Expressway,No Light,Wet,20-30 min
R1718,1718,Highway,Daylight,Wet,<10 min
R1719,1719,City Road,Dim Light,Under Construction,>30 min
R1720,1720,Expressway,Street Light,Wet,<10 min
R1721,1721,Expressway,Street Light,Wet,<10 min
R1722,1722,Expressway,Dim Light,Wet,10-20 min
R1723,1723,City Road,No Light,Wet,10-20 min
R1724,1724,Expressway,No Light,Damaged,>30 min
R1725,1725,Highway,Daylight,Damaged,>30 min
R1726,1726,Expressway,Daylight,Under Construction,<10 min
R1727,1727,Highway,Dim Light,Under Construction,<10 min
R1728,1728,City Road,No Light,Under Construction,20-30 min
R1729,1729,Rural Road,Daylight,Wet,<10 min
R1730,1730,City Road,Daylight,Dry,<10 min
R1731,1731,City Road,Dim Light,Under Construction,>30 min
R1732,1732,Rural Road,Daylight,Under Construction,<10 min
R1733,1733,Expressway,Daylight,Wet,>30 min
R1734,1734,Rural Road,Street Light,Dry,20-30 min
R1735,1735,City Road,Daylight,Dry,20-30 min
R1736,1736,Rural Road,Daylight,Damaged,<10 min
R1737,1737,City Road,Dim Light,Under Construction,20-30 min
R1738,1738,Highway,No Light,Under Construction,20-30 min
R1739,1739,Highway,Street Light,Under Construction,10-20 min
R1740,1740,Rural Road,Dim Light,Dry,20-30 min
R1741,1741,Rural Road,No Light,Damaged,20-30 min
R1742,1742,Expressway,Street Light,Damaged,>30 min
R1743,1743,Highway,Dim Light,Under Construction,10-20 min
R1744,1744,City Road,No Light,Dry,20-30 min
R1745,1745,Expressway,Street Light,Wet,20-30 min
R1746,1746,Highway,No Light,Wet,<10 min
R1747,1747,Highway,Daylight,Damaged,10-20 min
R1748,1748,Rural Road,Dim Light,Under Construction,<10 min
R1749,1749,Expressway,Street Light,Wet,<10 min
R1750,1750,City Road,No Light,Under Construction,>30 min
R1751,1751,Highway,Dim Light,Dry,<10 min
R1752,1752,Expressway,No Light,Wet,<10 min
R1753,1753,Rural Road,Street Light,Dry,>30 min
R1754,1754,Expressway,Daylight,Under Construction,20-30 min
R1755,1755,City Road,Dim Light,Under Construction,<10 min
R1756,1756,Highway,Dim Light,Damaged,>30 min
R1757,1757,Expressway,Dim Light,Dry,10-20 min
R1758,1758,Expressway,Daylight,Dry,10-20 min
R1759,1759,Rural Road,Dim Light,Damaged,10-20 min
R1760,1760,Highway,Street Light,Dry,10-20 min
R1761,1761,Expressway,Street Light,Under Construction,>30 min
R1762,1762,Highway,No Light,Damaged,10-20 min
R1763,1763,Highway,Street Light,Damaged,>30 min
R1764,1764,Expressway,No Light,Wet,<10 min
R1765,1765,Rural Road,No Light,Under Construction,20-30 min
R1766,1766,City Road,Daylight,Damaged,<10 min
R1767,1767,Expressway,Street Light,Dry,20-30 min
R1768,1768,Expressway,No Light,Dry,>30 min
R1769,1769,City Road,Dim Light,Under Construction,<10 min
R1770,1770,Rural Road,No Light,Under Construction,<10 min
R1771,1771,Highway,Dim Light,Wet,10-20 min
R1772,1772,Rural Road,Dim Light,Wet,10-20 min
R1773,1773,Rural Road,Street Light,Dry,10-20 min
R1774,1774,Expressway,No Light,Wet,20-30 min
R1775,1775,Highway,Street Light,Wet,20-30 min
R1776,1776,Expressway,No Light,Damaged,20-30 min
R1777,1777,City Road,No Light,Under Construction,10-20 min
R1778,1778,Expressway,Street Light,Wet,>30 min
R1779,1779,Highway,Street Light,Dry,20-30 min
R1780,1780,Highway,Dim Light,Wet,20-30 min
R1781,1781,Highway,Dim Light,Damaged,>30 min
R1782,1782,City Road,Daylight,Wet,<10 min
R1783,1783,City Road,Dim Light,Under Construction,<10 min
R1784,1784,Expressway,No Light,Damaged,<10 min
R1785,1785,Rural Road,Daylight,Under Construction,20-30 min
R1786,1786,Expressway,No Light,Dry,10-20 min
R1787,1787,City Road,Street Light,Wet,>30 min
R1788,1788,Highway,Dim Light,Under Construction,>30 min
R1789,1789,Rural Road,Street Light,Wet,<10 min
R1790,1790,City Road,No Light,Damaged,<10 min
R1791,1791,Rural Road,Street Light,Under Construction,20-30 min
R1792,1792,City Road,Street Light,Damaged,>30 min
R1793,1793,Highway,Dim Light,Under Construction,>30 min
R1794,1794,Highway,Street Light,Under Construction,>30 min
R1795,1795,City Road,Daylight,Under Construction,10-20 min
R1796,1796,City Road,Dim Light,Under Construction,<10 min
R1797,1797,Rural Road,No Light,Wet,>30 min
R1798,1798,Rural Road,Dim Light,Under Construction,>30 min
R1799,1799,Highway,No Light,Damaged,>30 min
R1800,1800,City Road,Dim Light,Dry,>30 min
R1801,1801,Highway,Street Light,Damaged,10-20 min
R1802,1802,City Road,Dim Light,Dry,10-20 min
R1803,1803,Highway,No Light,Damaged,20-30 min
R1804,1804,Expressway,Street Light,Wet,<10 min
R1805,1805,City Road,Dim Light,Dry,10-20 min
R1806,1806,City Road,Daylight,Under Construction,10-20 min
R1807,1807,City Road,Dim Light,Under Construction,<10 min
R1808,1808,Expressway,No Light,Damaged,<10 min
R1809,1809,Expressway,Daylight,Wet,>30 min
R1810,1810,Highway,No Light,Dry,<10 min
R1811,1811,Highway,Dim Light,Dry,>30 min
R1812,1812,Highway,Street Light,Damaged,20-30 min
R1813,1813,Expressway,Street Light,Under Construction,>30 min
R1814,1814,Expressway,Street Light,Dry,10-20 min
R1815,1815,Rural Road,Street Light,Under Construction,20-30 min
R1816,1816,Rural Road,Daylight,Wet,20-30 min
R1817,1817,City Road,Dim Light,Wet,>30 min
R1818,1818,Expressway,Daylight,Under Construction,20-30 min
R1819,1819,City Road,Daylight,Wet,>30 min
R1820,1820,Expressway,Street Light,Wet,>30 min
R1821,1821,Expressway,No Light,Under Construction,10-20 min
R1822,1822,Expressway,No Light,Dry,<10 min
R1823,1823,Highway,Street Light,Dry,>30 min
R1824,1824,Highway,No Light,Wet,>30 min
R1825,1825,City Road,Daylight,Wet,<10 min
R1826,1826,City Road,Street Light,Wet,<10 min
R1827,1827,Rural Road,Street Light,Wet,>30 min
R1828,1828,City Road,Dim Light,Damaged,20-30 min
R1829,1829,Expressway,No Light,Under Construction,<10 min
R1830,1830,Highway,Daylight,Damaged,>30 min
R1831,1831,Expressway,Street Light,Damaged,10-20 min
R1832,1832,Rural Road,Dim Light,Wet,20-30 min
R1833,1833,City Road,Dim Light,Damaged,>30 min
R1834,1834,Expressway,No Light,Dry,>30 min
R1835,1835,Expressway,Dim Light,Dry,20-30 min
R1836,1836,Rural Road,No Light,Damaged,10-20 min
R1837,1837,Expressway,No Light,Wet,20-30 min
R1838,1838,City Road,Street Light,Under Construction,<10 min
R1839,1839,Expressway,Daylight,Damaged,20-30 min
R1840,1840,Highway,No Light,Damaged,10-20 min
R1841,1841,Expressway,No Light,Dry,<10 min
R1842,1842,Expressway,Dim Light,Under Construction,10-20 min
R1843,1843,Highway,Dim Light,Dry,20-30 min
R1844,1844,Rural Road,Dim Light,Dry,<10 min
R1845,1845,Highway,Dim Light,Wet,20-30 min
R1846,1846,City Road,Daylight,Damaged,<10 min
R1847,1847,Highway,Dim Light,Wet,<10 min
R1848,1848,Expressway,Street Light,Wet,<10 min
R1849,1849,Expressway,Street Light,Under Construction,<10 min
R1850,1850,City Road,Street Light,Wet,<10 min
R1851,1851,Highway,Daylight,Dry,20-30 min
R1852,1852,City Road,Dim Light,Under Construction,<10 min
R1853,1853,Expressway,Street Light,Damaged,20-30 min
R1854,1854,Rural Road,Daylight,Under Construction,>30 min
R1855,1855,Rural Road,No Light,Wet,>30 min
R1856,1856,Rural Road,No Light,Wet,20-30 min
R1857,1857,Highway,Daylight,Under Construction,<10 min
R1858,1858,City Road,No Light,Dry,<10 min
R1859,1859,City Road,Street Light,Under Construction,<10 min
R1860,1860,Expressway,No Light,Wet,20-30 min
R1861,1861,Rural Road,Street Light,Under Construction,20-30 min
R1862,1862,Highway,Daylight,Under Construction,20-30 min
R1863,1863,City Road,Street Light,Under Construction,20-30 min
R1864,1864,Expressway,Dim Light,Dry,10-20 min
R1865,1865,Rural Road,No Light,Dry,<10 min
R1866,1866,City Road,No Light,Wet,10-20 min
R1867,1867,Rural Road,No Light,Under Construction,<10 min
R1868,1868,City Road,Daylight,Under Construction,20-30 min
R1869,1869,Rural Road,No Light,Damaged,<10 min
R1870,1870,Rural Road,Street Light,Wet,10-20 min
R1871,1871,Highway,Street Light,Damaged,20-30 min
R1872,1872,Rural Road,Dim Light,Dry,20-30 min
R1873,1873,Highway,Daylight,Damaged,>30 min
R1874,1874,Highway,No Light,Under Construction,>30 min
R1875,1875,Rural Road,Daylight,Under Construction,20-30 min
R1876,1876,Rural Road,Dim Light,Wet,20-30 min
R1877,1877,Highway,Street Light,Wet,<10 min
R1878,1878,Highway,Daylight,Wet,<10 min
R1879,1879,Rural Road,Dim Light,Dry,>30 min
R1880,1880,Rural Road,No Light,Under Construction,<10 min
R1881,1881,Highway,No Light,Under Construction,<10 min
R1882,1882,Rural Road,Street Light,Wet,>30 min
R1883,1883,Rural Road,No Light,Damaged,20-30 min
R1884,1884,Highway,Street Light,Dry,<10 min
R1885,1885,Highway,Street Light,Wet,>30 min
R1886,1886,Highway,No Light,Under Construction,10-20 min
R1887,1887,Rural Road,Daylight,Wet,10-20 min
R1888,1888,City Road,Street Light,Damaged,10-20 min
R1889,1889,Highway,Street Light,Under Construction,20-30 min
R1890,1890,Highway,Street Light,Damaged,<10 min
R1891,1891,City Road,Daylight,Wet,<10 min
R1892,1892,Rural Road,Daylight,Damaged,>30 min
R1893,1893,Expressway,Street Light,Damaged,<10 min
R1894,1894,Highway,Dim Light,Under Construction,20-30 min
R1895,1895,City Road,No Light,Under Construction,20-30 min
R1896,1896,City Road,Dim Light,Dry,20-30 min
R1897,1897,Expressway,Dim Light,Under Construction,>30 min
R1898,1898,Expressway,Dim Light,Dry,<10 min
R1899,1899,City Road,Dim Light,Damaged,<10 min
R1900,1900,Highway,Daylight,Damaged,<10 min
R1901,1901,City Road,Dim Light,Wet,10-20 min
R1902,1902,Expressway,No Light,Dry,20-30 min
R1903,1903,City Road,Dim Light,Wet,<10 min
R1904,1904,Rural Road,Street Light,Wet,<10 min
R1905,1905,Expressway,Dim Light,Wet,<10 min
R1906,1906,City Road,Dim Light,Dry,10-20 min
R1907,1907,Highway,Daylight,Wet,10-20 min
R1908,1908,Highway,No Light,Damaged,20-30 min
R1909,1909,Highway,Daylight,Wet,20-30 min
R1910,1910,Expressway,No Light,Damaged,>30 min
R1911,1911,City Road,No Light,Damaged,20-30 min
R1912,1912,City Road,No Light,Wet,20-30 min
R1913,1913,Rural Road,Street Light,Wet,>30 min
R1914,1914,Rural Road,No Light,Under Construction,<10 min
R1915,1915,Rural Road,No Light,Damaged,>30 min
R1916,1916,Expressway,Dim Light,Damaged,20-30 min
R1917,1917,City Road,Daylight,Under Construction,>30 min
R1918,1918,City Road,Daylight,Damaged,10-20 min
R1919,1919,City Road,Street Light,Damaged,10-20 min
R1920,1920,Rural Road,No Light,Wet,20-30 min
R1921,1921,City Road,No Light,Wet,20-30 min
R1922,1922,Expressway,No Light,Damaged,20-30 min
R1923,1923,Highway,Daylight,Under Construction,>30 min
R1924,1924,Rural Road,Daylight,Dry,10-20 min
R1925,1925,Expressway,Street Light,Under Construction,>30 min
R1926,1926,Rural Road,No Light,Under Construction,10-20 min
R1927,1927,City Road,No Light,Dry,>30 min
R1928,1928,Expressway,Street Light,Damaged,10-20 min
R1929,1929,Expressway,Daylight,Wet,<10 min
R1930,1930,Highway,Dim Light,Damaged,>30 min
R1931,1931,City Road,Dim Light,Damaged,20-30 min
R1932,1932,City Road,No Light,Damaged,>30 min
R1933,1933,Rural Road,Daylight,Under Construction,<10 min
R1934,1934,City Road,Dim Light,Damaged,20-30 min
R1935,1935,Expressway,No Light,Under Construction,10-20 min
R1936,1936,Highway,No Light,Under Construction,20-30 min
R1937,1937,Rural Road,Dim Light,Dry,<10 min
R1938,1938,Rural Road,Daylight,Dry,<10 min
R1939,1939,Expressway,Dim Light,Under Construction,<10 min
R1940,1940,Highway,Street Light,Dry,<10 min
R1941,1941,Rural Road,No Light,Wet,<10 min
R1942,1942,Expressway,No Light,Damaged,20-30 min
R1943,1943,City Road,No Light,Under Construction,>30 min
R1944,1944,City Road,Dim Light,Damaged,20-30 min
R1945,1945,Highway,Daylight,Damaged,20-30 min
R1946,1946,Rural Road,No Light,Dry,10-20 min
R1947,1947,City Road,Street Light,Wet,10-20 min
R1948,1948,Rural Road,No Light,Damaged,>30 min
R1949,1949,Highway,Daylight,Damaged,10-20 min
R1950,1950,Expressway,Daylight,Dry,<10 min
R1951,1951,Expressway,Daylight,Damaged,10-20 min
R1952,1952,City Road,Street Light,Under Construction,10-20 min
R1953,1953,Highway,No Light,Wet,10-20 min
R1954,1954,Highway,No Light,Under Construction,20-30 min
R1955,1955,City Road,No Light,Under Construction,<10 min
R1956,1956,Highway,No Light,Under Construction,10-20 min
R1957,1957,Expressway,Street Light,Dry,<10 min
R1958,1958,Highway,Dim Light,Damaged,<10 min
R1959,1959,Expressway,Daylight,Under Construction,20-30 min
R1960,1960,Rural Road,No Light,Wet,<10 min
R1961,1961,City Road,Street Light,Damaged,10-20 min
R1962,1962,Expressway,Street Light,Wet,<10 min
R1963,1963,Rural Road,Daylight,Wet,20-30 min
R1964,1964,Expressway,No Light,Damaged,10-20 min
R1965,1965,Expressway,Daylight,Under Construction,<10 min
R1966,1966,City Road,Dim Light,Wet,>30 min
R1967,1967,City Road,Street Light,Dry,20-30 min
R1968,1968,City Road,Dim Light,Under Construction,10-20 min
R1969,1969,City Road,Dim Light,Wet,>30 min
R1970,1970,Highway,Daylight,Dry,<10 min
R1971,1971,City Road,Daylight,Under Construction,10-20 min
R1972,1972,Highway,Daylight,Under Construction,10-20 min
R1973,1973,Highway,Dim Light,Damaged,20-30 min
R1974,1974,City Road,No Light,Dry,10-20 min
R1975,1975,Expressway,Daylight,Dry,10-20 min
R1976,1976,Rural Road,Daylight,Damaged,20-30 min
R1977,1977,City Road,No Light,Under Construction,>30 min
R1978,1978,Rural Road,Dim Light,Under Construction,<10 min
R1979,1979,City Road,Street Light,Under Construction,10-20 min
R1980,1980,Rural Road,No Light,Dry,10-20 min
R1981,1981,City Road,Dim Light,Under Construction,20-30 min
R1982,1982,City Road,Dim Light,Wet,<10 min
R1983,1983,Expressway,No Light,Damaged,>30 min
R1984,1984,Expressway,Daylight,Under Construction,>30 min
R1985,1985,Highway,Daylight,Wet,10-20 min
R1986,1986,City Road,No Light,Damaged,20-30 min
R1987,1987,Rural Road,No Light,Under Construction,10-20 min
R1988,1988,City Road,Dim Light,Under Construction,>30 min
R1989,1989,Rural Road,Daylight,Under Construction,<10 min
R1990,1990,City Road,No Light,Dry,>30 min
R1991,1991,Highway,No Light,Damaged,20-30 min
R1992,1992,Highway,No Light,Wet,>30 min
R1993,1993,Highway,No Light,Dry,20-30 min
R1994,1994,City Road,Street Light,Wet,10-20 min
R1995,1995,Highway,Daylight,Wet,>30 min
R1996,1996,Highway,No Light,Wet,20-30 min
R1997,1997,Rural Road,Daylight,Dry,20-30 min
R1998,1998,Highway,No Light,Under Construction,>30 min
R1999,1999,Rural Road,Street Light,Damaged,>30 min
R2000,2000,Rural Road,Daylight,Wet,10-20 min
R2001,2001,City Road,Street Light,Wet,>30 min
R2002,2002,Expressway,Street Light,Dry,<10 min
R2003,2003,City Road,Daylight,Under Construction,10-20 min
R2004,2004,Expressway,Dim Light,Damaged,20-30 min
R2005,2005,Expressway,No Light,Damaged,10-20 min
R2006,2006,Expressway,Daylight,Under Construction,20-30 min
R2007,2007,Rural Road,Street Light,Dry,>30 min
R2008,2008,City Road,Dim Light,Wet,<10 min
R2009,2009,Expressway,Dim Light,Damaged,>30 min
R2010,2010,Highway,Daylight,Wet,10-20 min
R2011,2011,Rural Road,No Light,Under Construction,10-20 min
R2012,2012,City Road,Daylight,Dry,<10 min
R2013,2013,Highway,Street Light,Under Construction,>30 min
R2014,2014,Expressway,No Light,Under Construction,>30 min
R2015,2015,Highway,Street Light,Wet,<10 min
R2016,2016,Expressway,Dim Light,Wet,>30 min
R2017,2017,Highway,No Light,Dry,<10 min
R2018,2018,City Road,Daylight,Damaged,<10 min
R2019,2019,Rural Road,No Light,Damaged,20-30 min
R2020,2020,Highway,No Light,Dry,10-20 min
R2021,2021,Highway,No Light,Under Construction,>30 min
R2022,2022,City Road,Street Light,Damaged,>30 min
R2023,2023,Expressway,Daylight,Dry,20-30 min
R2024,2024,Expressway,Daylight,Dry,20-30 min
R2025,2025,Highway,Dim Light,Wet,20-30 min
R2026,2026,Expressway,No Light,Dry,<10 min
R2027,2027,City Road,No Light,Damaged,<10 min
R2028,2028,Highway,Street Light,Damaged,20-30 min
R2029,2029,Rural Road,Street Light,Damaged,>30 min
R2030,2030,Highway,Daylight,Dry,20-30 min
R2031,2031,City Road,Street Light,Dry,20-30 min
R2032,2032,Rural Road,Street Light,Dry,20-30 min
R2033,2033,Rural Road,No Light,Under Construction,>30 min
R2034,2034,City Road,Dim Light,Damaged,10-20 min
R2035,2035,Rural Road,Dim Light,Under Construction,<10 min
R2036,2036,Expressway,No Light,Dry,>30 min
R2037,2037,Rural Road,No Light,Damaged,10-20 min
R2038,2038,Highway,Dim Light,Under Construction,<10 min
R2039,2039,Rural Road,Daylight,Wet,>30 min
R2040,2040,Expressway,Daylight,Wet,10-20 min
R2041,2041,Expressway,Street Light,Wet,10-20 min
R2042,2042,Expressway,Street Light,Dry,>30 min
R2043,2043,Rural Road,Street Light,Wet,>30 min
R2044,2044,Highway,No Light,Wet,<10 min
R2045,2045,City Road,Daylight,Wet,20-30 min
R2046,2046,Rural Road,No Light,Under Construction,>30 min
R2047,2047,Expressway,Street Light,Dry,20-30 min
R2048,2048,Highway,Street Light,Dry,20-30 min
R2049,2049,Rural Road,Daylight,Dry,20-30 min
R2050,2050,City Road,Street Light,Dry,10-20 min
R2051,2051,Rural Road,Dim Light,Damaged,20-30 min
R2052,2052,Expressway,No Light,Damaged,<10 min
R2053,2053,Expressway,No Light,Damaged,20-30 min
R2054,2054,Expressway,Street Light,Under Construction,>30 min
R2055,2055,Expressway,Dim Light,Dry,>30 min
R2056,2056,City Road,No Light,Damaged,10-20 min
R2057,2057,Highway,No Light,Dry,20-30 min
R2058,2058,Expressway,No Light,Wet,20-30 min
R2059,2059,Expressway,Street Light,Dry,10-20 min
R2060,2060,Highway,Daylight,Wet,10-20 min
R2061,2061,City Road,No Light,Under Construction,10-20 min
R2062,2062,City Road,No Light,Dry,<10 min
R2063,2063,City Road,Street Light,Dry,20-30 min
R2064,2064,Rural Road,No Light,Wet,20-30 min
R2065,2065,Highway,Dim Light,Dry,20-30 min
R2066,2066,Expressway,Dim Light,Dry,<10 min
R2067,2067,City Road,No Light,Under Construction,<10 min
R2068,2068,Rural Road,Daylight,Dry,>30 min
R2069,2069,City Road,Dim Light,Wet,20-30 min
R2070,2070,City Road,No Light,Wet,20-30 min
R2071,2071,Expressway,Daylight,Under Construction,>30 min
R2072,2072,Expressway,No Light,Wet,<10 min
R2073,2073,Expressway,Street Light,Under Construction,>30 min
R2074,2074,Rural Road,No Light,Dry,>30 min
R2075,2075,City Road,Daylight,Damaged,<10 min
R2076,2076,Highway,Street Light,Under Construction,>30 min
R2077,2077,Expressway,No Light,Damaged,>30 min
R2078,2078,Highway,Daylight,Under Construction,>30 min
R2079,2079,Expressway,Dim Light,Wet,>30 min
R2080,2080,Rural Road,Dim Light,Under Construction,<10 min
R2081,2081,Highway,No Light,Under Construction,10-20 min
R2082,2082,Rural Road,Daylight,Under Construction,>30 min
R2083,2083,Expressway,Street Light,Under Construction,>30 min
R2084,2084,City Road,Daylight,Wet,20-30 min
R2085,2085,Expressway,Street Light,Under Construction,20-30 min
R2086,2086,City Road,Daylight,Damaged,10-20 min
R2087,2087,Expressway,Daylight,Wet,10-20 min
R2088,2088,Expressway,Daylight,Under Construction,20-30 min
R2089,2089,Rural Road,Street Light,Dry,<10 min
R2090,2090,City Road,Street Light,Wet,<10 min
R2091,2091,Expressway,Dim Light,Dry,<10 min
R2092,2092,Expressway,Daylight,Under Construction,>30 min
R2093,2093,Expressway,Dim Light,Under Construction,<10 min
R2094,2094,Expressway,Street Light,Dry,<10 min
R2095,2095,Expressway,Dim Light,Damaged,>30 min
R2096,2096,City Road,Daylight,Wet,10-20 min
R2097,2097,City Road,Daylight,Dry,20-30 min
R2098,2098,Expressway,Street Light,Wet,<10 min
R2099,2099,City Road,No Light,Under Construction,<10 min
R2100,2100,Highway,Daylight,Wet,<10 min
R2101,2101,Highway,No Light,Damaged,10-20 min
R2102,2102,Highway,No Light,Dry,>30 min
R2103,2103,Rural Road,Street Light,Damaged,20-30 min
R2104,2104,Rural Road,No Light,Under Construction,10-20 min
R2105,2105,City Road,Dim Light,Damaged,10-20 min
R2106,2106,Expressway,No Light,Damaged,20-30 min
R2107,2107,Highway,Street Light,Under Construction,10-20 min
R2108,2108,Highway,Street Light,Under Construction,<10 min
R2109,2109,City Road,Daylight,Under Construction,<10 min
R2110,2110,City Road,Daylight,Dry,<10 min
R2111,2111,City Road,Daylight,Damaged,>30 min
R2112,2112,Rural Road,Street Light,Dry,<10 min
R2113,2113,Expressway,Dim Light,Under Construction,10-20 min
R2114,2114,Highway,Street Light,Wet,<10 min
R2115,2115,Expressway,Dim Light,Wet,<10 min
R2116,2116,Rural Road,Street Light,Under Construction,20-30 min
R2117,2117,City Road,Daylight,Wet,<10 min
R2118,2118,Rural Road,Street Light,Damaged,>30 min
R2119,2119,City Road,Street Light,Wet,>30 min
R2120,2120,Highway,Street Light,Damaged,<10 min
R2121,2121,City Road,Daylight,Under Construction,20-30 min
R2122,2122,Highway,Street Light,Damaged,10-20 min
R2123,2123,City Road,Street Light,Wet,10-20 min
R2124,2124,City Road,Dim Light,Under Construction,10-20 min
R2125,2125,Rural Road,Daylight,Damaged,10-20 min
R2126,2126,Highway,Dim Light,Under Construction,20-30 min
R2127,2127,Rural Road,Daylight,Under Construction,20-30 min
R2128,2128,City Road,Street Light,Wet,20-30 min
R2129,2129,Rural Road,Dim Light,Under Construction,>30 min
R2130,2130,Expressway,Dim Light,Under Construction,20-30 min
R2131,2131,Rural Road,Street Light,Dry,>30 min
R2132,2132,Expressway,Daylight,Damaged,20-30 min
R2133,2133,Highway,Dim Light,Dry,>30 min
R2134,2134,Highway,Daylight,Damaged,>30 min
R2135,2135,Expressway,Street Light,Damaged,>30 min
R2136,2136,Highway,Dim Light,Under Construction,10-20 min
R2137,2137,Expressway,No Light,Dry,20-30 min
R2138,2138,Expressway,Dim Light,Under Construction,>30 min
R2139,2139,Rural Road,No Light,Dry,10-20 min
R2140,2140,Highway,No Light,Dry,>30 min
R2141,2141,Expressway,Daylight,Dry,<10 min
R2142,2142,City Road,Street Light,Dry,>30 min
R2143,2143,Highway,Street Light,Under Construction,>30 min
R2144,2144,City Road,Daylight,Damaged,20-30 min
R2145,2145,Rural Road,Daylight,Damaged,20-30 min
R2146,2146,City Road,No Light,Wet,10-20 min
R2147,2147,Rural Road,Street Light,Damaged,20-30 min
R2148,2148,Expressway,Dim Light,Under Construction,20-30 min
R2149,2149,Rural Road,No Light,Damaged,20-30 min
R2150,2150,Rural Road,Dim Light,Under Construction,<10 min
R2151,2151,City Road,Dim Light,Under Construction,>30 min
R2152,2152,Highway,Daylight,Wet,20-30 min
R2153,2153,Expressway,Dim Light,Wet,20-30 min
R2154,2154,Highway,Daylight,Dry,10-20 min
R2155,2155,Rural Road,Daylight,Damaged,<10 min
R2156,2156,City Road,No Light,Damaged,<10 min
R2157,2157,Expressway,No Light,Damaged,>30 min
R2158,2158,Highway,Daylight,Under Construction,20-30 min
R2159,2159,Expressway,Daylight,Dry,>30 min
R2160,2160,City Road,No Light,Under Construction,<10 min
R2161,2161,Rural Road,Street Light,Under Construction,10-20 min
R2162,2162,Highway,Street Light,Dry,<10 min
R2163,2163,Highway,Street Light,Wet,10-20 min
R2164,2164,City Road,Street Light,Under Construction,<10 min
R2165,2165,City Road,Daylight,Under Construction,>30 min
R2166,2166,City Road,Dim Light,Wet,10-20 min
R2167,2167,Rural Road,No Light,Damaged,>30 min
R2168,2168,Expressway,Dim Light,Dry,20-30 min
R2169,2169,City Road,No Light,Dry,<10 min
R2170,2170,City Road,No Light,Wet,20-30 min
R2171,2171,Highway,Daylight,Damaged,10-20 min
R2172,2172,City Road,Dim Light,Under Construction,<10 min
R2173,2173,Expressway,No Light,Dry,20-30 min
R2174,2174,City Road,Daylight,Under Construction,<10 min
R2175,2175,Rural Road,Street Light,Wet,>30 min
R2176,2176,City Road,Street Light,Dry,20-30 min
R2177,2177,Expressway,Daylight,Wet,<10 min
R2178,2178,Expressway,Street Light,Damaged,>30 min
R2179,2179,City Road,No Light,Wet,<10 min
R2180,2180,Highway,Street Light,Wet,>30 min
R2181,2181,Expressway,No Light,Damaged,>30 min
R2182,2182,Highway,No Light,Wet,>30 min
R2183,2183,Rural Road,Dim Light,Wet,10-20 min
R2184,2184,Expressway,Street Light,Wet,10-20 min
R2185,2185,Expressway,Street Light,Damaged,>30 min
R2186,2186,Expressway,Street Light,Under Construction,>30 min
R2187,2187,Expressway,No Light,Wet,>30 min
R2188,2188,Rural Road,No Light,Wet,20-30 min
R2189,2189,Rural Road,No Light,Under Construction,10-20 min
R2190,2190,Expressway,No Light,Wet,>30 min
R2191,2191,Expressway,No Light,Damaged,10-20 min
R2192,2192,City Road,Daylight,Wet,>30 min
R2193,2193,City Road,Daylight,Dry,<10 min
R2194,2194,Expressway,Street Light,Under Construction,20-30 min
R2195,2195,Rural Road,No Light,Dry,>30 min
R2196,2196,Highway,Dim Light,Dry,>30 min
R2197,2197,Rural Road,Dim Light,Wet,10-20 min
R2198,2198,Expressway,Daylight,Wet,>30 min
R2199,2199,Rural Road,Daylight,Damaged,20-30 min
R2200,2200,Highway,Daylight,Damaged,<10 min
R2201,2201,Highway,Daylight,Under Construction,20-30 min
R2202,2202,Expressway,Daylight,Wet,10-20 min
R2203,2203,Rural Road,Daylight,Damaged,10-20 min
R2204,2204,City Road,Street Light,Damaged,>30 min
R2205,2205,Expressway,Dim Light,Under Construction,>30 min
R2206,2206,Rural Road,No Light,Dry,20-30 min
R2207,2207,Rural Road,Street Light,Damaged,>30 min
R2208,2208,City Road,Dim Light,Wet,<10 min
R2209,2209,Rural Road,Dim Light,Wet,>30 min
R2210,2210,Expressway,Daylight,Under Construction,<10 min
R2211,2211,Rural Road,Street Light,Dry,10-20 min
R2212,2212,Highway,No Light,Wet,<10 min
R2213,2213,Expressway,Dim Light,Dry,<10 min
R2214,2214,Rural Road,Street Light,Dry,10-20 min
R2215,2215,Expressway,Daylight,Dry,20-30 min
R2216,2216,City Road,No Light,Under Construction,<10 min
R2217,2217,Highway,Dim Light,Damaged,<10 min
R2218,2218,City Road,Daylight,Under Construction,>30 min
R2219,2219,Highway,Street Light,Damaged,10-20 min
R2220,2220,Expressway,Dim Light,Wet,>30 min
R2221,2221,City Road,Daylight,Wet,10-20 min
R2222,2222,Expressway,Daylight,Wet,<10 min
R2223,2223,Rural Road,Street Light,Damaged,<10 min
R2224,2224,Highway,Daylight,Under Construction,10-20 min
R2225,2225,Expressway,Street Light,Wet,10-20 min
R2226,2226,City Road,Dim Light,Dry,<10 min
R2227,2227,City Road,Dim Light,Under Construction,<10 min
R2228,2228,Expressway,Street Light,Wet,10-20 min
R2229,2229,City Road,Dim Light,Wet,20-30 min
R2230,2230,Highway,No Light,Under Construction,10-20 min
R2231,2231,City Road,Street Light,Under Construction,20-30 min
R2232,2232,Expressway,Street Light,Wet,10-20 min
R2233,2233,Rural Road,No Light,Wet,10-20 min
R2234,2234,Highway,Daylight,Dry,20-30 min
R2235,2235,City Road,Street Light,Dry,>30 min
R2236,2236,City Road,Dim Light,Damaged,<10 min
R2237,2237,Expressway,No Light,Dry,>30 min
R2238,2238,Highway,No Light,Wet,>30 min
R2239,2239,City Road,No Light,Wet,<10 min
R2240,2240,Expressway,No Light,Dry,10-20 min
R2241,2241,Highway,Dim Light,Wet,20-30 min
R2242,2242,Highway,Street Light,Wet,10-20 min
R2243,2243,Expressway,No Light,Under Construction,10-20 min
R2244,2244,Rural Road,Dim Light,Damaged,>30 min
R2245,2245,Rural Road,Daylight,Damaged,>30 min
R2246,2246,City Road,Dim Light,Damaged,<10 min
R2247,2247,City Road,Dim Light,Damaged,>30 min
R2248,2248,Rural Road,No Light,Damaged,20-30 min
R2249,2249,Expressway,Street Light,Under Construction,20-30 min
R2250,2250,Highway,No Light,Dry,10-20 min
R2251,2251,Highway,Street Light,Wet,>30 min
R2252,2252,Expressway,Street Light,Under Construction,>30 min
R2253,2253,Expressway,Street Light,Dry,>30 min
R2254,2254,City Road,No Light,Under Construction,20-30 min
R2255,2255,Highway,Dim Light,Wet,20-30 min
R2256,2256,Rural Road,Dim Light,Wet,20-30 min
R2257,2257,Rural Road,Daylight,Dry,20-30 min
R2258,2258,Highway,Street Light,Wet,20-30 min
R2259,2259,Highway,Street Light,Wet,<10 min
R2260,2260,Highway,Daylight,Under Construction,10-20 min
R2261,2261,Rural Road,Dim Light,Damaged,20-30 min
R2262,2262,Highway,Dim Light,Dry,10-20 min
R2263,2263,Highway,Street Light,Wet,10-20 min
R2264,2264,City Road,Daylight,Under Construction,>30 min
R2265,2265,Rural Road,Street Light,Damaged,<10 min
R2266,2266,City Road,No Light,Dry,<10 min
R2267,2267,City Road,Daylight,Damaged,20-30 min
R2268,2268,Highway,Daylight,Damaged,10-20 min
R2269,2269,Rural Road,Street Light,Wet,>30 min
R2270,2270,Rural Road,Dim Light,Damaged,20-30 min
R2271,2271,City Road,Daylight,Wet,10-20 min
R2272,2272,Rural Road,Street Light,Damaged,>30 min
R2273,2273,City Road,Street Light,Under Construction,10-20 min
R2274,2274,Highway,Daylight,Damaged,20-30 min
R2275,2275,Highway,Daylight,Damaged,10-20 min
R2276,2276,Expressway,Daylight,Damaged,10-20 min
R2277,2277,Rural Road,No Light,Under Construction,10-20 min
R2278,2278,Highway,No Light,Under Construction,<10 min
R2279,2279,City Road,No Light,Dry,<10 min
R2280,2280,Highway,No Light,Wet,>30 min
R2281,2281,Highway,Street Light,Dry,>30 min
R2282,2282,Expressway,No Light,Wet,10-20 min
R2283,2283,Expressway,Daylight,Damaged,10-20 min
R2284,2284,Highway,Dim Light,Wet,10-20 min
R2285,2285,Rural Road,Street Light,Wet,10-20 min
R2286,2286,Highway,No Light,Damaged,>30 min
R2287,2287,Expressway,Street Light,Damaged,10-20 min
R2288,2288,City Road,Street Light,Under Construction,20-30 min
R2289,2289,Highway,No Light,Dry,<10 min
R2290,2290,Rural Road,Dim Light,Damaged,>30 min
R2291,2291,Highway,Daylight,Damaged,<10 min
R2292,2292,Expressway,Dim Light,Under Construction,<10 min
R2293,2293,Rural Road,Street Light,Dry,<10 min
R2294,2294,Highway,Daylight,Under Construction,>30 min
R2295,2295,City Road,Dim Light,Damaged,10-20 min
R2296,2296,City Road,Street Light,Dry,>30 min
R2297,2297,Expressway,Daylight,Dry,>30 min
R2298,2298,Highway,Daylight,Under Construction,<10 min
R2299,2299,Highway,Dim Light,Dry,20-30 min
R2300,2300,Highway,No Light,Dry,<10 min
R2301,2301,City Road,Daylight,Under Construction,>30 min
R2302,2302,Rural Road,No Light,Wet,10-20 min
R2303,2303,Rural Road,No Light,Dry,>30 min
R2304,2304,Rural Road,Daylight,Wet,20-30 min
R2305,2305,Highway,Dim Light,Dry,20-30 min
R2306,2306,Highway,No Light,Under Construction,>30 min
R2307,2307,Highway,Dim Light,Dry,<10 min
R2308,2308,Rural Road,Street Light,Dry,10-20 min
R2309,2309,Rural Road,Dim Light,Wet,10-20 min
R2310,2310,City Road,Dim Light,Wet,20-30 min
R2311,2311,Highway,Dim Light,Wet,>30 min
R2312,2312,Rural Road,Dim Light,Wet,>30 min
R2313,2313,Highway,No Light,Damaged,>30 min
R2314,2314,Rural Road,Daylight,Under Construction,20-30 min
R2315,2315,Expressway,Daylight,Damaged,20-30 min
R2316,2316,Highway,Dim Light,Dry,<10 min
R2317,2317,City Road,Dim Light,Damaged,10-20 min
R2318,2318,City Road,Dim Light,Wet,<10 min
R2319,2319,Expressway,No Light,Damaged,<10 min
R2320,2320,City Road,Dim Light,Dry,>30 min
R2321,2321,City Road,No Light,Wet,20-30 min
R2322,2322,Rural Road,Street Light,Under Construction,20-30 min
R2323,2323,Expressway,Dim Light,Damaged,<10 min
R2324,2324,Highway,Dim Light,Dry,20-30 min
R2325,2325,Expressway,Dim Light,Damaged,>30 min
R2326,2326,Highway,Dim Light,Wet,10-20 min
R2327,2327,Expressway,Daylight,Under Construction,>30 min
R2328,2328,City Road,No Light,Damaged,>30 min
R2329,2329,City Road,Dim Light,Dry,20-30 min
R2330,2330,Highway,Dim Light,Damaged,20-30 min
R2331,2331,Highway,Street Light,Dry,20-30 min
R2332,2332,Highway,No Light,Wet,<10 min
R2333,2333,Rural Road,Daylight,Wet,<10 min
R2334,2334,Expressway,No Light,Under Construction,<10 min
R2335,2335,City Road,Street Light,Under Construction,20-30 min
R2336,2336,Expressway,Street Light,Wet,10-20 min
R2337,2337,City Road,No Light,Wet,10-20 min
R2338,2338,Highway,Dim Light,Dry,<10 min
R2339,2339,City Road,Street Light,Dry,<10 min
R2340,2340,Expressway,Dim Light,Dry,<10 min
R2341,2341,Expressway,Dim Light,Damaged,10-20 min
R2342,2342,City Road,Daylight,Damaged,10-20 min
R2343,2343,Rural Road,Dim Light,Wet,<10 min
R2344,2344,Highway,Daylight,Dry,10-20 min
R2345,2345,Rural Road,Daylight,Damaged,20-30 min
R2346,2346,City Road,Daylight,Damaged,<10 min
R2347,2347,City Road,Street Light,Dry,>30 min
R2348,2348,Rural Road,Dim Light,Damaged,>30 min
R2349,2349,Highway,Street Light,Damaged,<10 min
R2350,2350,Expressway,Daylight,Dry,20-30 min
R2351,2351,Rural Road,Daylight,Under Construction,<10 min
R2352,2352,City Road,No Light,Wet,20-30 min
R2353,2353,Highway,Daylight,Wet,20-30 min
R2354,2354,Rural Road,Dim Light,Wet,20-30 min
R2355,2355,City Road,Dim Light,Damaged,10-20 min
R2356,2356,Highway,Dim Light,Wet,20-30 min
R2357,2357,Rural Road,No Light,Damaged,10-20 min
R2358,2358,Highway,No Light,Under Construction,<10 min
R2359,2359,City Road,No Light,Dry,10-20 min
R2360,2360,Rural Road,Street Light,Wet,10-20 min
R2361,2361,Expressway,Daylight,Damaged,20-30 min
R2362,2362,City Road,No Light,Under Construction,10-20 min
R2363,2363,City Road,Dim Light,Under Construction,>30 min
R2364,2364,Highway,Dim Light,Dry,>30 min
R2365,2365,Rural Road,Street Light,Dry,>30 min
R2366,2366,Highway,Daylight,Wet,20-30 min
R2367,2367,City Road,Street Light,Under Construction,<10 min
R2368,2368,Expressway,Dim Light,Damaged,>30 min
R2369,2369,Expressway,Daylight,Damaged,<10 min
R2370,2370,Rural Road,Dim Light,Dry,<10 min
R2371,2371,Highway,Street Light,Damaged,10-20 min
R2372,2372,Highway,Dim Light,Wet,20-30 min
R2373,2373,Highway,Daylight,Dry,10-20 min
R2374,2374,Rural Road,No Light,Wet,20-30 min
R2375,2375,Expressway,Daylight,Damaged,>30 min
R2376,2376,City Road,Daylight,Damaged,10-20 min
R2377,2377,Expressway,Dim Light,Damaged,20-30 min
R2378,2378,Highway,Daylight,Wet,<10 min
R2379,2379,Rural Road,Daylight,Under Construction,10-20 min
R2380,2380,City Road,Daylight,Under Construction,10-20 min
R2381,2381,Highway,No Light,Wet,<10 min
R2382,2382,Highway,No Light,Under Construction,>30 min
R2383,2383,Highway,Daylight,Under Construction,10-20 min
R2384,2384,City Road,Street Light,Wet,10-20 min
R2385,2385,Highway,Street Light,Under Construction,20-30 min
R2386,2386,Rural Road,No Light,Wet,20-30 min
R2387,2387,Rural Road,Dim Light,Wet,<10 min
R2388,2388,Rural Road,No Light,Damaged,<10 min
R2389,2389,City Road,Dim Light,Dry,10-20 min
R2390,2390,City Road,Street Light,Wet,10-20 min
R2391,2391,City Road,Street Light,Wet,20-30 min
R2392,2392,Highway,Daylight,Wet,20-30 min
R2393,2393,City Road,Dim Light,Wet,>30 min
R2394,2394,Rural Road,No Light,Wet,20-30 min
R2395,2395,Rural Road,No Light,Under Construction,>30 min
R2396,2396,Highway,Daylight,Dry,20-30 min
R2397,2397,Rural Road,Street Light,Dry,20-30 min
R2398,2398,Expressway,Street Light,Wet,20-30 min
R2399,2399,Rural Road,No Light,Dry,>30 min
R2400,2400,City Road,Street Light,Dry,20-30 min
R2401,2401,Highway,Street Light,Under Construction,>30 min
R2402,2402,City Road,No Light,Damaged,20-30 min
R2403,2403,Rural Road,No Light,Wet,20-30 min
R2404,2404,Rural Road,No Light,Wet,>30 min
R2405,2405,Expressway,Dim Light,Dry,<10 min
R2406,2406,City Road,Street Light,Dry,10-20 min
R2407,2407,City Road,Daylight,Damaged,10-20 min
R2408,2408,Expressway,No Light,Under Construction,10-20 min
R2409,2409,Expressway,Daylight,Wet,>30 min
R2410,2410,Highway,Dim Light,Dry,20-30 min
R2411,2411,City Road,Street Light,Dry,<10 min
R2412,2412,City Road,Street Light,Dry,20-30 min
R2413,2413,City Road,Street Light,Dry,20-30 min
R2414,2414,Highway,Dim Light,Damaged,10-20 min
R2415,2415,City Road,Daylight,Dry,10-20 min
R2416,2416,Highway,Dim Light,Wet,<10 min
R2417,2417,Rural Road,Dim Light,Under Construction,<10 min
R2418,2418,City Road,Street Light,Wet,20-30 min
R2419,2419,Rural Road,Daylight,Damaged,>30 min
R2420,2420,Highway,Street Light,Wet,10-20 min
R2421,2421,Rural Road,No Light,Damaged,20-30 min
R2422,2422,Highway,No Light,Wet,>30 min
R2423,2423,Rural Road,No Light,Damaged,20-30 min
R2424,2424,Rural Road,No Light,Under Construction,<10 min
R2425,2425,Highway,Dim Light,Under Construction,<10 min
R2426,2426,Expressway,Daylight,Under Construction,10-20 min
R2427,2427,Highway,No Light,Dry,<10 min
R2428,2428,Highway,Street Light,Under Construction,10-20 min
R2429,2429,Rural Road,Street Light,Dry,10-20 min
R2430,2430,City Road,Street Light,Damaged,<10 min
R2431,2431,Rural Road,Dim Light,Under Construction,>30 min
R2432,2432,City Road,No Light,Under Construction,<10 min
R2433,2433,City Road,Street Light,Damaged,20-30 min
R2434,2434,Expressway,Street Light,Dry,<10 min
R2435,2435,Rural Road,Daylight,Under Construction,<10 min
R2436,2436,Rural Road,Street Light,Damaged,>30 min
R2437,2437,Expressway,No Light,Damaged,20-30 min
R2438,2438,Highway,Dim Light,Wet,>30 min
R2439,2439,Highway,Dim Light,Dry,>30 min
R2440,2440,Expressway,No Light,Wet,>30 min
R2441,2441,Rural Road,Daylight,Dry,10-20 min
R2442,2442,City Road,No Light,Under Construction,20-30 min
R2443,2443,Rural Road,Dim Light,Under Construction,20-30 min
R2444,2444,Rural Road,Dim Light,Wet,10-20 min
R2445,2445,Expressway,Dim Light,Damaged,10-20 min
R2446,2446,City Road,Daylight,Damaged,20-30 min
R2447,2447,Expressway,No Light,Damaged,10-20 min
R2448,2448,Rural Road,Street Light,Damaged,10-20 min
R2449,2449,Highway,Daylight,Dry,10-20 min
R2450,2450,City Road,Dim Light,Under Construction,20-30 min
R2451,2451,City Road,Street Light,Dry,<10 min
R2452,2452,Expressway,Street Light,Under Construction,10-20 min
R2453,2453,Rural Road,Street Light,Wet,<10 min
R2454,2454,Expressway,Dim Light,Damaged,20-30 min
R2455,2455,Rural Road,Street Light,Under Construction,>30 min
R2456,2456,Rural Road,Daylight,Wet,10-20 min
R2457,2457,Highway,Daylight,Damaged,10-20 min
R2458,2458,City Road,Dim Light,Damaged,<10 min
R2459,2459,City Road,Street Light,Wet,<10 min
R2460,2460,Rural Road,Street Light,Damaged,10-20 min
R2461,2461,Highway,Daylight,Under Construction,>30 min
R2462,2462,Highway,Dim Light,Under Construction,<10 min
R2463,2463,Expressway,No Light,Dry,<10 min
R2464,2464,Highway,Dim Light,Under Construction,10-20 min
R2465,2465,City Road,No Light,Dry,10-20 min
R2466,2466,City Road,Daylight,Wet,<10 min
R2467,2467,Rural Road,Dim Light,Wet,<10 min
R2468,2468,Highway,Dim Light,Wet,20-30 min
R2469,2469,Highway,Street Light,Damaged,<10 min
R2470,2470,Expressway,Street Light,Dry,>30 min
R2471,2471,City Road,No Light,Wet,20-30 min
R2472,2472,City Road,Daylight,Wet,>30 min
R2473,2473,Highway,Street Light,Dry,<10 min
R2474,2474,Rural Road,Daylight,Under Construction,10-20 min
R2475,2475,City Road,Daylight,Under Construction,20-30 min
R2476,2476,Expressway,Street Light,Damaged,10-20 min
R2477,2477,Expressway,Daylight,Under Construction,10-20 min
R2478,2478,Expressway,Dim Light,Damaged,20-30 min
R2479,2479,Rural Road,Street Light,Under Construction,10-20 min
R2480,2480,Expressway,Daylight,Dry,20-30 min
R2481,2481,City Road,Daylight,Wet,20-30 min
R2482,2482,Highway,Dim Light,Under Construction,>30 min
R2483,2483,Expressway,No Light,Dry,<10 min
R2484,2484,Expressway,No Light,Dry,20-30 min
R2485,2485,City Road,Dim Light,Wet,<10 min
R2486,2486,Rural Road,Street Light,Under Construction,20-30 min
R2487,2487,Expressway,Daylight,Under Construction,<10 min
R2488,2488,Rural Road,Daylight,Wet,>30 min
R2489,2489,Rural Road,No Light,Wet,>30 min
R2490,2490,Highway,Street Light,Damaged,10-20 min
R2491,2491,City Road,Street Light,Wet,<10 min
R2492,2492,Highway,No Light,Damaged,>30 min
R2493,2493,Highway,Daylight,Damaged,10-20 min
R2494,2494,City Road,Dim Light,Dry,20-30 min
R2495,2495,City Road,Dim Light,Under Construction,>30 min
R2496,2496,Highway,Dim Light,Damaged,<10 min
R2497,2497,Highway,Daylight,Under Construction,20-30 min
R2498,2498,Rural Road,No Light,Wet,<10 min
R2499,2499,Expressway,Dim Light,Dry,<10 min
R2500,2500,Rural Road,Dim Light,Dry,<10 min
R2501,2501,Rural Road,No Light,Damaged,>30 min
R2502,2502,Highway,Daylight,Damaged,10-20 min
R2503,2503,City Road,Street Light,Dry,<10 min
R2504,2504,Highway,Street Light,Damaged,>30 min
R2505,2505,City Road,Dim Light,Wet,<10 min
R2506,2506,City Road,No Light,Under Construction,>30 min
R2507,2507,Highway,Daylight,Wet,20-30 min
R2508,2508,City Road,Street Light,Wet,20-30 min
R2509,2509,Expressway,Dim Light,Wet,20-30 min
R2510,2510,Rural Road,Street Light,Wet,20-30 min
R2511,2511,Highway,Dim Light,Wet,<10 min
R2512,2512,City Road,No Light,Wet,10-20 min
R2513,2513,Expressway,Daylight,Under Construction,10-20 min
R2514,2514,City Road,Daylight,Wet,>30 min
R2515,2515,City Road,Street Light,Damaged,<10 min
R2516,2516,Rural Road,Daylight,Wet,<10 min
R2517,2517,Rural Road,Dim Light,Dry,10-20 min
R2518,2518,Expressway,Dim Light,Under Construction,20-30 min
R2519,2519,City Road,Street Light,Wet,<10 min
R2520,2520,Rural Road,Street Light,Under Construction,>30 min
R2521,2521,Highway,Dim Light,Wet,10-20 min
R2522,2522,City Road,No Light,Wet,10-20 min
R2523,2523,Expressway,Street Light,Wet,<10 min
R2524,2524,Rural Road,No Light,Dry,20-30 min
R2525,2525,City Road,Daylight,Wet,>30 min
R2526,2526,City Road,Dim Light,Under Construction,10-20 min
R2527,2527,Rural Road,Daylight,Under Construction,<10 min
R2528,2528,City Road,Street Light,Dry,>30 min
R2529,2529,City Road,Dim Light,Wet,>30 min
R2530,2530,Highway,No Light,Damaged,>30 min
R2531,2531,City Road,Street Light,Dry,<10 min
R2532,2532,City Road,Dim Light,Under Construction,<10 min
R2533,2533,Expressway,Street Light,Wet,10-20 min
R2534,2534,Highway,No Light,Damaged,20-30 min
R2535,2535,Highway,Daylight,Under Construction,10-20 min
R2536,2536,Expressway,Daylight,Dry,10-20 min
R2537,2537,City Road,Dim Light,Wet,<10 min
R2538,2538,Highway,No Light,Dry,10-20 min
R2539,2539,Expressway,No Light,Under Construction,>30 min
R2540,2540,City Road,Daylight,Damaged,>30 min
R2541,2541,City Road,Daylight,Wet,20-30 min
R2542,2542,Expressway,No Light,Damaged,<10 min
R2543,2543,City Road,Daylight,Wet,20-30 min
R2544,2544,City Road,No Light,Dry,>30 min
R2545,2545,City Road,No Light,Dry,>30 min
R2546,2546,Expressway,No Light,Damaged,20-30 min
R2547,2547,Expressway,Dim Light,Damaged,>30 min
R2548,2548,Highway,Daylight,Wet,>30 min
R2549,2549,City Road,Street Light,Wet,20-30 min
R2550,2550,Expressway,Daylight,Dry,10-20 min
R2551,2551,Highway,Street Light,Under Construction,10-20 min
R2552,2552,Rural Road,Dim Light,Dry,<10 min
R2553,2553,Rural Road,Daylight,Under Construction,<10 min
R2554,2554,Highway,No Light,Dry,>30 min
R2555,2555,Highway,Dim Light,Wet,<10 min
R2556,2556,Rural Road,Dim Light,Under Construction,>30 min
R2557,2557,Highway,Daylight,Damaged,<10 min
R2558,2558,Highway,No Light,Dry,>30 min
R2559,2559,Highway,Street Light,Under Construction,>30 min
R2560,2560,Highway,Street Light,Under Construction,<10 min
R2561,2561,Rural Road,Street Light,Damaged,10-20 min
R2562,2562,Rural Road,Street Light,Dry,20-30 min
R2563,2563,Highway,Street Light,Dry,<10 min
R2564,2564,Highway,Dim Light,Under Construction,>30 min
R2565,2565,City Road,Dim Light,Wet,20-30 min
R2566,2566,Highway,Daylight,Wet,>30 min
R2567,2567,Highway,Street Light,Wet,10-20 min
R2568,2568,City Road,Dim Light,Dry,20-30 min
R2569,2569,City Road,Street Light,Under Construction,20-30 min
R2570,2570,Highway,Street Light,Dry,10-20 min
R2571,2571,Expressway,No Light,Wet,>30 min
R2572,2572,Expressway,No Light,Wet,<10 min
R2573,2573,Rural Road,Dim Light,Dry,>30 min
R2574,2574,Rural Road,Street Light,Dry,>30 min
R2575,2575,Highway,Street Light,Damaged,>30 min
R2576,2576,Expressway,Street Light,Damaged,20-30 min
R2577,2577,Expressway,Dim Light,Wet,<10 min
R2578,2578,Rural Road,Dim Light,Damaged,<10 min
R2579,2579,Highway,Street Light,Under Construction,20-30 min
R2580,2580,Highway,No Light,Under Construction,10-20 min
R2581,2581,City Road,Street Light,Dry,10-20 min
R2582,2582,Highway,No Light,Wet,>30 min
R2583,2583,Rural Road,Daylight,Wet,<10 min
R2584,2584,Rural Road,Dim Light,Wet,10-20 min
R2585,2585,Highway,Daylight,Damaged,10-20 min
R2586,2586,Rural Road,Daylight,Under Construction,>30 min
R2587,2587,Highway,No Light,Under Construction,<10 min
R2588,2588,Highway,Daylight,Dry,20-30 min
R2589,2589,City Road,Dim Light,Damaged,>30 min
R2590,2590,Rural Road,Dim Light,Under Construction,20-30 min
R2591,2591,City Road,Dim Light,Damaged,<10 min
R2592,2592,Highway,No Light,Dry,10-20 min
R2593,2593,City Road,No Light,Under Construction,<10 min
R2594,2594,Highway,No Light,Dry,10-20 min
R2595,2595,Highway,No Light,Wet,<10 min
R2596,2596,Rural Road,No Light,Wet,20-30 min
R2597,2597,City Road,No Light,Wet,<10 min
R2598,2598,Expressway,Street Light,Dry,20-30 min
R2599,2599,Rural Road,Dim Light,Under Construction,10-20 min
R2600,2600,Expressway,Street Light,Under Construction,>30 min
R2601,2601,Highway,Daylight,Under Construction,>30 min
R2602,2602,City Road,Street Light,Damaged,10-20 min
R2603,2603,Highway,No Light,Damaged,<10 min
R2604,2604,Rural Road,Dim Light,Wet,>30 min
R2605,2605,City Road,Street Light,Under Construction,>30 min
R2606,2606,Expressway,Daylight,Under Construction,>30 min
R2607,2607,City Road,Street Light,Dry,<10 min
R2608,2608,Rural Road,Dim Light,Wet,10-20 min
R2609,2609,Highway,Street Light,Under Construction,>30 min
R2610,2610,Highway,Street Light,Wet,20-30 min
R2611,2611,Expressway,Street Light,Wet,<10 min
R2612,2612,City Road,Dim Light,Under Construction,>30 min
R2613,2613,Highway,Street Light,Wet,20-30 min
R2614,2614,Rural Road,No Light,Damaged,20-30 min
R2615,2615,Expressway,Daylight,Dry,>30 min
R2616,2616,Expressway,Street Light,Damaged,>30 min
R2617,2617,City Road,Dim Light,Dry,>30 min
R2618,2618,City Road,Daylight,Under Construction,>30 min
R2619,2619,Highway,Street Light,Under Construction,20-30 min
R2620,2620,City Road,Daylight,Dry,20-30 min
R2621,2621,Expressway,Street Light,Wet,>30 min
R2622,2622,Expressway,Daylight,Under Construction,<10 min
R2623,2623,Highway,Daylight,Under Construction,>30 min
R2624,2624,Highway,No Light,Under Construction,>30 min
R2625,2625,City Road,No Light,Wet,<10 min
R2626,2626,Rural Road,Dim Light,Wet,20-30 min
R2627,2627,Rural Road,Street Light,Dry,20-30 min
R2628,2628,City Road,Street Light,Damaged,<10 min
R2629,2629,Expressway,Dim Light,Under Construction,<10 min
R2630,2630,City Road,Daylight,Dry,<10 min
R2631,2631,Rural Road,Dim Light,Dry,20-30 min
R2632,2632,Rural Road,No Light,Under Construction,>30 min
R2633,2633,Highway,Dim Light,Under Construction,>30 min
R2634,2634,Highway,Dim Light,Dry,<10 min
R2635,2635,Highway,Dim Light,Dry,<10 min
R2636,2636,Highway,Daylight,Under Construction,>30 min
R2637,2637,Rural Road,Street Light,Dry,20-30 min
R2638,2638,Rural Road,Dim Light,Wet,20-30 min
R2639,2639,Highway,Dim Light,Dry,10-20 min
R2640,2640,City Road,Dim Light,Dry,>30 min
R2641,2641,Highway,Daylight,Wet,20-30 min
R2642,2642,Expressway,Daylight,Dry,10-20 min
R2643,2643,Expressway,Dim Light,Damaged,10-20 min
R2644,2644,Expressway,Daylight,Damaged,20-30 min
R2645,2645,Highway,Dim Light,Wet,20-30 min
R2646,2646,Rural Road,Daylight,Wet,20-30 min
R2647,2647,Expressway,Daylight,Dry,20-30 min
R2648,2648,Expressway,Dim Light,Dry,20-30 min
R2649,2649,Highway,Street Light,Wet,10-20 min
R2650,2650,Rural Road,Street Light,Damaged,<10 min
R2651,2651,Expressway,Dim Light,Wet,10-20 min
R2652,2652,Expressway,No Light,Damaged,20-30 min
R2653,2653,City Road,No Light,Damaged,<10 min
R2654,2654,Rural Road,Street Light,Damaged,>30 min
R2655,2655,Highway,Dim Light,Wet,10-20 min
R2656,2656,Highway,Street Light,Wet,>30 min
R2657,2657,Highway,Daylight,Dry,>30 min
R2658,2658,Rural Road,Daylight,Under Construction,<10 min
R2659,2659,Expressway,Street Light,Damaged,<10 min
R2660,2660,Highway,No Light,Damaged,10-20 min
R2661,2661,Highway,Dim Light,Wet,<10 min
R2662,2662,Expressway,Dim Light,Dry,>30 min
R2663,2663,Expressway,No Light,Under Construction,>30 min
R2664,2664,City Road,No Light,Dry,>30 min
R2665,2665,Rural Road,No Light,Under Construction,<10 min
R2666,2666,Highway,Street Light,Damaged,10-20 min
R2667,2667,City Road,Dim Light,Dry,10-20 min
R2668,2668,Expressway,No Light,Dry,10-20 min
R2669,2669,Expressway,Daylight,Damaged,>30 min
R2670,2670,Highway,No Light,Under Construction,20-30 min
R2671,2671,Expressway,No Light,Dry,20-30 min
R2672,2672,Rural Road,Daylight,Damaged,>30 min
R2673,2673,Highway,No Light,Dry,>30 min
R2674,2674,Expressway,Dim Light,Damaged,>30 min
R2675,2675,City Road,Dim Light,Damaged,>30 min
R2676,2676,City Road,Dim Light,Dry,<10 min
R2677,2677,Rural Road,Daylight,Wet,10-20 min
R2678,2678,Highway,No Light,Dry,10-20 min
R2679,2679,Expressway,Daylight,Wet,10-20 min
R2680,2680,City Road,No Light,Under Construction,<10 min
R2681,2681,Rural Road,Dim Light,Dry,10-20 min
R2682,2682,Rural Road,Daylight,Under Construction,20-30 min
R2683,2683,Highway,No Light,Under Construction,>30 min
R2684,2684,Rural Road,No Light,Damaged,>30 min
R2685,2685,Rural Road,Dim Light,Under Construction,>30 min
R2686,2686,Highway,Dim Light,Under Construction,20-30 min
R2687,2687,Expressway,No Light,Wet,>30 min
R2688,2688,Expressway,Street Light,Dry,10-20 min
R2689,2689,City Road,Dim Light,Dry,>30 min
R2690,2690,Rural Road,Daylight,Dry,>30 min
R2691,2691,Rural Road,Daylight,Damaged,>30 min
R2692,2692,Highway,No Light,Under Construction,<10 min
R2693,2693,Expressway,Dim Light,Wet,10-20 min
R2694,2694,Highway,Dim Light,Wet,20-30 min
R2695,2695,City Road,Street Light,Damaged,>30 min
R2696,2696,City Road,Dim Light,Under Construction,10-20 min
R2697,2697,Highway,Street Light,Damaged,10-20 min
R2698,2698,Rural Road,Street Light,Damaged,10-20 min
R2699,2699,Expressway,No Light,Wet,<10 min
R2700,2700,Rural Road,Dim Light,Wet,>30 min
R2701,2701,Rural Road,Dim Light,Under Construction,>30 min
R2702,2702,Expressway,Daylight,Under Construction,>30 min
R2703,2703,Rural Road,Street Light,Dry,>30 min
R2704,2704,Expressway,Daylight,Damaged,>30 min
R2705,2705,Rural Road,Daylight,Wet,20-30 min
R2706,2706,City Road,Daylight,Damaged,20-30 min
R2707,2707,Expressway,Street Light,Wet,<10 min
R2708,2708,Rural Road,Daylight,Damaged,<10 min
R2709,2709,Highway,Daylight,Damaged,<10 min
R2710,2710,City Road,Daylight,Wet,10-20 min
R2711,2711,City Road,Dim Light,Under Construction,20-30 min
R2712,2712,City Road,No Light,Damaged,>30 min
R2713,2713,Highway,Dim Light,Damaged,20-30 min
R2714,2714,Highway,Daylight,Wet,<10 min
R2715,2715,City Road,Dim Light,Dry,20-30 min
R2716,2716,Highway,Daylight,Under Construction,20-30 min
R2717,2717,City Road,Street Light,Under Construction,10-20 min
R2718,2718,City Road,No Light,Under Construction,20-30 min
R2719,2719,Rural Road,Daylight,Damaged,10-20 min
R2720,2720,Expressway,Dim Light,Wet,20-30 min
R2721,2721,Highway,Dim Light,Damaged,20-30 min
R2722,2722,Expressway,Daylight,Wet,10-20 min
R2723,2723,Expressway,Dim Light,Wet,<10 min
R2724,2724,City Road,No Light,Wet,<10 min
R2725,2725,Highway,No Light,Under Construction,<10 min
R2726,2726,Rural Road,No Light,Under Construction,>30 min
R2727,2727,City Road,Street Light,Damaged,>30 min
R2728,2728,Expressway,Street Light,Dry,10-20 min
R2729,2729,City Road,No Light,Damaged,20-30 min
R2730,2730,Highway,Street Light,Damaged,>30 min
R2731,2731,Rural Road,Dim Light,Under Construction,<10 min
R2732,2732,Expressway,Street Light,Wet,20-30 min
R2733,2733,City Road,Street Light,Dry,>30 min
R2734,2734,Expressway,Dim Light,Damaged,>30 min
R2735,2735,City Road,Daylight,Under Construction,10-20 min
R2736,2736,Expressway,Daylight,Dry,>30 min
R2737,2737,Highway,Street Light,Wet,>30 min
R2738,2738,City Road,Dim Light,Under Construction,>30 min
R2739,2739,Highway,Street Light,Wet,20-30 min
R2740,2740,Rural Road,Street Light,Damaged,10-20 min
R2741,2741,Expressway,Daylight,Wet,>30 min
R2742,2742,Expressway,Daylight,Under Construction,>30 min
R2743,2743,City Road,Street Light,Wet,<10 min
R2744,2744,Highway,No Light,Dry,20-30 min
R2745,2745,Expressway,Daylight,Damaged,10-20 min
R2746,2746,Expressway,Daylight,Under Construction,20-30 min
R2747,2747,Expressway,No Light,Wet,10-20 min
R2748,2748,Highway,Daylight,Damaged,<10 min
R2749,2749,Rural Road,Dim Light,Wet,10-20 min
R2750,2750,Expressway,No Light,Wet,20-30 min
R2751,2751,Highway,Street Light,Dry,<10 min
R2752,2752,City Road,Street Light,Damaged,<10 min
R2753,2753,City Road,Dim Light,Under Construction,10-20 min
R2754,2754,City Road,No Light,Under Construction,20-30 min
R2755,2755,Rural Road,Dim Light,Wet,<10 min
R2756,2756,Rural Road,Street Light,Damaged,<10 min
R2757,2757,City Road,Daylight,Wet,20-30 min
R2758,2758,Rural Road,Dim Light,Dry,10-20 min
R2759,2759,Highway,Dim Light,Damaged,10-20 min
R2760,2760,Expressway,Street Light,Wet,>30 min
R2761,2761,Expressway,Daylight,Dry,>30 min
R2762,2762,Rural Road,Dim Light,Under Construction,<10 min
R2763,2763,Expressway,No Light,Dry,>30 min
R2764,2764,Highway,Dim Light,Wet,>30 min
R2765,2765,Expressway,No Light,Dry,>30 min
R2766,2766,City Road,Dim Light,Dry,10-20 min
R2767,2767,Rural Road,Daylight,Wet,20-30 min
R2768,2768,City Road,Daylight,Wet,20-30 min
R2769,2769,Rural Road,Daylight,Damaged,10-20 min
R2770,2770,Highway,No Light,Under Construction,20-30 min
R2771,2771,Highway,Dim Light,Dry,<10 min
R2772,2772,Expressway,No Light,Wet,20-30 min
R2773,2773,City Road,Dim Light,Dry,20-30 min
R2774,2774,Expressway,No Light,Damaged,10-20 min
R2775,2775,City Road,No Light,Under Construction,>30 min
R2776,2776,Highway,Dim Light,Wet,10-20 min
R2777,2777,Highway,No Light,Under Construction,<10 min
R2778,2778,Rural Road,Street Light,Wet,<10 min
R2779,2779,Expressway,Street Light,Wet,10-20 min
R2780,2780,Highway,Daylight,Damaged,10-20 min
R2781,2781,Expressway,No Light,Dry,10-20 min
R2782,2782,City Road,No Light,Dry,20-30 min
R2783,2783,Expressway,Daylight,Wet,10-20 min
R2784,2784,Rural Road,Street Light,Wet,<10 min
R2785,2785,Rural Road,No Light,Wet,>30 min
R2786,2786,Highway,Dim Light,Wet,>30 min
R2787,2787,Expressway,Street Light,Under Construction,10-20 min
R2788,2788,Highway,Daylight,Damaged,<10 min
R2789,2789,City Road,Daylight,Damaged,10-20 min
R2790,2790,City Road,Dim Light,Damaged,10-20 min
R2791,2791,City Road,Dim Light,Damaged,20-30 min
R2792,2792,City Road,No Light,Wet,20-30 min
R2793,2793,Rural Road,Dim Light,Wet,<10 min
R2794,2794,Rural Road,Street Light,Wet,20-30 min
R2795,2795,City Road,Dim Light,Wet,<10 min
R2796,2796,Rural Road,Dim Light,Wet,10-20 min
R2797,2797,Highway,Street Light,Dry,<10 min
R2798,2798,Highway,Dim Light,Dry,20-30 min
R2799,2799,Expressway,Dim Light,Under Construction,<10 min
R2800,2800,Highway,No Light,Under Construction,10-20 min
R2801,2801,Highway,Street Light,Under Construction,<10 min
R2802,2802,Expressway,Dim Light,Dry,20-30 min
R2803,2803,Expressway,Street Light,Damaged,20-30 min
R2804,2804,Expressway,No Light,Wet,<10 min
R2805,2805,Highway,Dim Light,Under Construction,<10 min
R2806,2806,City Road,Daylight,Damaged,>30 min
R2807,2807,Expressway,Street Light,Damaged,<10 min
R2808,2808,Highway,Dim Light,Damaged,10-20 min
R2809,2809,Rural Road,Dim Light,Dry,20-30 min
R2810,2810,Highway,Daylight,Wet,<10 min
R2811,2811,Highway,Dim Light,Under Construction,<10 min
R2812,2812,Highway,Dim Light,Dry,<10 min
R2813,2813,Rural Road,Daylight,Wet,10-20 min
R2814,2814,City Road,No Light,Dry,10-20 min
R2815,2815,Expressway,Dim Light,Under Construction,<10 min
R2816,2816,Rural Road,No Light,Dry,10-20 min
R2817,2817,Expressway,Dim Light,Dry,<10 min
R2818,2818,Rural Road,Street Light,Damaged,20-30 min
R2819,2819,Highway,Daylight,Under Construction,20-30 min
R2820,2820,City Road,No Light,Dry,<10 min
R2821,2821,Rural Road,Dim Light,Dry,20-30 min
R2822,2822,Highway,Dim Light,Dry,20-30 min
R2823,2823,Highway,Dim Light,Damaged,<10 min
R2824,2824,City Road,Daylight,Damaged,>30 min
R2825,2825,Expressway,Dim Light,Dry,10-20 min
R2826,2826,Highway,Daylight,Damaged,<10 min
R2827,2827,Rural Road,Daylight,Under Construction,>30 min
R2828,2828,Highway,Street Light,Wet,>30 min
R2829,2829,City Road,Dim Light,Under Construction,>30 min
R2830,2830,Rural Road,Dim Light,Dry,10-20 min
R2831,2831,Highway,No Light,Damaged,20-30 min
R2832,2832,Expressway,Dim Light,Under Construction,>30 min
R2833,2833,Highway,Daylight,Damaged,10-20 min
R2834,2834,Highway,No Light,Under Construction,20-30 min
R2835,2835,Rural Road,Daylight,Under Construction,10-20 min
R2836,2836,Rural Road,Dim Light,Damaged,10-20 min
R2837,2837,Rural Road,Street Light,Dry,20-30 min
R2838,2838,Expressway,Street Light,Wet,<10 min
R2839,2839,Expressway,No Light,Dry,20-30 min
R2840,2840,Rural Road,No Light,Wet,<10 min
R2841,2841,Highway,Daylight,Damaged,10-20 min
R2842,2842,City Road,Street Light,Under Construction,<10 min
R2843,2843,Rural Road,Dim Light,Wet,>30 min
R2844,2844,Expressway,No Light,Dry,10-20 min
R2845,2845,Rural Road,Dim Light,Under Construction,<10 min
R2846,2846,City Road,Street Light,Under Construction,>30 min
R2847,2847,Expressway,No Light,Dry,<10 min
R2848,2848,City Road,Dim Light,Damaged,20-30 min
R2849,2849,Rural Road,No Light,Wet,>30 min
R2850,2850,Rural Road,Dim Light,Dry,<10 min
R2851,2851,Highway,Dim Light,Damaged,20-30 min
R2852,2852,Expressway,Daylight,Under Construction,20-30 min
R2853,2853,City Road,No Light,Under Construction,10-20 min
R2854,2854,Highway,Street Light,Damaged,20-30 min
R2855,2855,City Road,No Light,Under Construction,10-20 min
R2856,2856,Expressway,No Light,Wet,>30 min
R2857,2857,Rural Road,No Light,Dry,20-30 min
R2858,2858,Expressway,Dim Light,Dry,<10 min
R2859,2859,Highway,Street Light,Wet,20-30 min
R2860,2860,Highway,Street Light,Wet,<10 min
R2861,2861,Expressway,Dim Light,Wet,20-30 min
R2862,2862,City Road,Dim Light,Dry,20-30 min
R2863,2863,City Road,Street Light,Under Construction,>30 min
R2864,2864,Highway,Street Light,Under Construction,<10 min
R2865,2865,Rural Road,No Light,Under Construction,20-30 min
R2866,2866,Rural Road,Street Light,Wet,20-30 min
R2867,2867,City Road,Dim Light,Dry,20-30 min
R2868,2868,Rural Road,Dim Light,Dry,10-20 min
R2869,2869,Rural Road,Dim Light,Wet,>30 min
R2870,2870,Highway,Daylight,Dry,>30 min
R2871,2871,City Road,Dim Light,Wet,20-30 min
R2872,2872,Expressway,No Light,Dry,>30 min
R2873,2873,Rural Road,Dim Light,Wet,20-30 min
R2874,2874,Highway,Daylight,Wet,<10 min
R2875,2875,Expressway,Street Light,Wet,>30 min
R2876,2876,Highway,Dim Light,Wet,20-30 min
R2877,2877,Rural Road,Dim Light,Wet,20-30 min
R2878,2878,City Road,Dim Light,Damaged,<10 min
R2879,2879,Highway,No Light,Damaged,>30 min
R2880,2880,Expressway,Street Light,Damaged,>30 min
R2881,2881,Rural Road,Daylight,Wet,10-20 min
R2882,2882,City Road,No Light,Wet,<10 min
R2883,2883,Rural Road,Dim Light,Dry,20-30 min
R2884,2884,City Road,Dim Light,Dry,>30 min
R2885,2885,City Road,Daylight,Damaged,10-20 min
R2886,2886,Expressway,Daylight,Under Construction,>30 min
R2887,2887,Expressway,Street Light,Damaged,10-20 min
R2888,2888,City Road,No Light,Wet,<10 min
R2889,2889,City Road,Daylight,Under Construction,10-20 min
R2890,2890,Rural Road,Daylight,Under Construction,20-30 min
R2891,2891,Expressway,No Light,Dry,10-20 min
R2892,2892,Highway,Street Light,Dry,20-30 min
R2893,2893,City Road,Dim Light,Dry,10-20 min
R2894,2894,Highway,No Light,Dry,<10 min
R2895,2895,City Road,Daylight,Under Construction,>30 min
R2896,2896,Expressway,Street Light,Dry,>30 min
R2897,2897,Rural Road,Street Light,Dry,10-20 min
R2898,2898,City Road,Daylight,Damaged,<10 min
R2899,2899,City Road,Dim Light,Wet,>30 min
R2900,2900,Rural Road,No Light,Wet,10-20 min
R2901,2901,Expressway,Street Light,Wet,>30 min
R2902,2902,City Road,Daylight,Damaged,20-30 min
R2903,2903,Highway,Daylight,Wet,<10 min
R2904,2904,Rural Road,Daylight,Wet,>30 min
R2905,2905,Rural Road,Dim Light,Under Construction,<10 min
R2906,2906,Expressway,Street Light,Damaged,<10 min
R2907,2907,City Road,Dim Light,Dry,<10 min
R2908,2908,Expressway,No Light,Under Construction,20-30 min
R2909,2909,City Road,No Light,Dry,20-30 min
R2910,2910,City Road,Daylight,Wet,<10 min
R2911,2911,Rural Road,Street Light,Under Construction,>30 min
R2912,2912,Expressway,Dim Light,Dry,>30 min
R2913,2913,Highway,Dim Light,Damaged,>30 min
R2914,2914,Rural Road,Dim Light,Wet,>30 min
R2915,2915,Highway,No Light,Under Construction,<10 min
R2916,2916,Rural Road,Daylight,Dry,20-30 min
R2917,2917,Highway,Street Light,Wet,<10 min
R2918,2918,Rural Road,Street Light,Wet,<10 min
R2919,2919,Expressway,Street Light,Under Construction,10-20 min
R2920,2920,Highway,Street Light,Damaged,10-20 min
R2921,2921,Rural Road,No Light,Damaged,<10 min
R2922,2922,Highway,No Light,Damaged,>30 min
R2923,2923,Highway,Street Light,Dry,<10 min
R2924,2924,Highway,Daylight,Wet,<10 min
R2925,2925,City Road,No Light,Damaged,10-20 min
R2926,2926,Rural Road,Street Light,Damaged,<10 min
R2927,2927,Highway,Dim Light,Under Construction,20-30 min
R2928,2928,Rural Road,Daylight,Wet,10-20 min
R2929,2929,Rural Road,Street Light,Wet,>30 min
R2930,2930,Rural Road,Dim Light,Under Construction,<10 min
R2931,2931,Expressway,Daylight,Damaged,20-30 min
R2932,2932,Highway,Dim Light,Dry,>30 min
R2933,2933,Rural Road,Daylight,Under Construction,20-30 min
R2934,2934,City Road,Daylight,Dry,<10 min
R2935,2935,City Road,Street Light,Wet,20-30 min
R2936,2936,Rural Road,Street Light,Damaged,<10 min
R2937,2937,City Road,No Light,Dry,20-30 min
R2938,2938,City Road,Street Light,Wet,10-20 min
R2939,2939,Highway,Daylight,Dry,10-20 min
R2940,2940,Expressway,Street Light,Dry,<10 min
R2941,2941,Expressway,Street Light,Under Construction,<10 min
R2942,2942,City Road,No Light,Dry,10-20 min
R2943,2943,Highway,Street Light,Under Construction,<10 min
R2944,2944,Rural Road,No Light,Under Construction,>30 min
R2945,2945,Expressway,Dim Light,Under Construction,20-30 min
R2946,2946,Highway,No Light,Under Construction,<10 min
R2947,2947,City Road,Street Light,Under Construction,20-30 min
R2948,2948,Rural Road,Dim Light,Wet,<10 min
R2949,2949,Highway,No Light,Dry,20-30 min
R2950,2950,City Road,Dim Light,Wet,<10 min
R2951,2951,Expressway,Street Light,Dry,<10 min
R2952,2952,City Road,Dim Light,Damaged,20-30 min
R2953,2953,Rural Road,Dim Light,Dry,<10 min
R2954,2954,City Road,No Light,Under Construction,<10 min
R2955,2955,Highway,Street Light,Wet,20-30 min
R2956,2956,Expressway,No Light,Wet,<10 min
R2957,2957,Rural Road,Daylight,Damaged,>30 min
R2958,2958,Rural Road,Dim Light,Wet,>30 min
R2959,2959,City Road,Street Light,Under Construction,<10 min
R2960,2960,City Road,Street Light,Under Construction,<10 min
R2961,2961,City Road,Daylight,Damaged,>30 min
R2962,2962,City Road,Street Light,Damaged,10-20 min
R2963,2963,City Road,Street Light,Under Construction,20-30 min
R2964,2964,Rural Road,No Light,Wet,20-30 min
R2965,2965,Rural Road,No Light,Under Construction,10-20 min
R2966,2966,Highway,Street Light,Dry,20-30 min
R2967,2967,Expressway,Dim Light,Under Construction,>30 min
R2968,2968,Expressway,Street Light,Damaged,>30 min
R2969,2969,Expressway,Street Light,Damaged,<10 min
R2970,2970,Highway,No Light,Dry,20-30 min
R2971,2971,Expressway,No Light,Under Construction,20-30 min
R2972,2972,City Road,Street Light,Dry,10-20 min
R2973,2973,City Road,Daylight,Wet,10-20 min
R2974,2974,City Road,Daylight,Damaged,10-20 min
R2975,2975,Rural Road,No Light,Dry,10-20 min
R2976,2976,City Road,Street Light,Damaged,>30 min
R2977,2977,Expressway,Street Light,Under Construction,<10 min
R2978,2978,Rural Road,Street Light,Damaged,10-20 min
R2979,2979,Highway,Street Light,Damaged,10-20 min
R2980,2980,Expressway,Street Light,Wet,>30 min
R2981,2981,Expressway,Street Light,Damaged,10-20 min
R2982,2982,Highway,Daylight,Dry,>30 min
R2983,2983,Highway,Street Light,Under Construction,10-20 min
R2984,2984,City Road,Dim Light,Under Construction,20-30 min
R2985,2985,Highway,No Light,Damaged,10-20 min
R2986,2986,Rural Road,Daylight,Damaged,>30 min
R2987,2987,Rural Road,Daylight,Damaged,20-30 min
R2988,2988,City Road,Street Light,Dry,10-20 min
R2989,2989,Highway,Dim Light,Dry,20-30 min
R2990,2990,Highway,Daylight,Under Construction,<10 min
R2991,2991,Expressway,Daylight,Damaged,20-30 min
R2992,2992,Expressway,Daylight,Damaged,20-30 min
R2993,2993,Highway,Dim Light,Wet,>30 min
R2994,2994,Highway,Daylight,Wet,20-30 min
R2995,2995,Expressway,Street Light,Dry,<10 min
R2996,2996,Highway,Dim Light,Dry,10-20 min
R2997,2997,Expressway,Dim Light,Wet,>30 min
R2998,2998,Expressway,Dim Light,Under Construction,10-20 min
R2999,2999,Rural Road,Dim Light,Under Construction,10-20 min
R3000,3000,Highway,No Light,Under Construction,20-30 min
R3001,3001,Expressway,Daylight,Wet,<10 min
R3002,3002,Rural Road,Daylight,Wet,>30 min
R3003,3003,Expressway,No Light,Dry,10-20 min
R3004,3004,Expressway,Daylight,Under Construction,>30 min
R3005,3005,Highway,No Light,Under Construction,10-20 min
R3006,3006,Highway,No Light,Under Construction,10-20 min
R3007,3007,Rural Road,Daylight,Damaged,10-20 min
R3008,3008,Highway,Street Light,Under Construction,20-30 min
R3009,3009,Rural Road,Street Light,Wet,>30 min
R3010,3010,Highway,Street Light,Under Construction,<10 min
R3011,3011,Expressway,Daylight,Under Construction,<10 min
R3012,3012,City Road,Street Light,Under Construction,10-20 min
R3013,3013,Expressway,Daylight,Under Construction,20-30 min
R3014,3014,Expressway,No Light,Damaged,10-20 min
R3015,3015,City Road,Street Light,Under Construction,20-30 min
R3016,3016,Highway,Street Light,Wet,>30 min
R3017,3017,Expressway,Dim Light,Wet,>30 min
R3018,3018,Highway,Dim Light,Dry,10-20 min
R3019,3019,Highway,Dim Light,Under Construction,20-30 min
R3020,3020,Expressway,Dim Light,Damaged,20-30 min
R3021,3021,Rural Road,Daylight,Damaged,<10 min
R3022,3022,Expressway,Street Light,Under Construction,<10 min
R3023,3023,Expressway,Dim Light,Under Construction,20-30 min
R3024,3024,Expressway,Daylight,Under Construction,10-20 min
R3025,3025,Expressway,Daylight,Dry,10-20 min
R3026,3026,Expressway,Street Light,Wet,10-20 min
R3027,3027,Highway,Daylight,Damaged,<10 min
R3028,3028,Highway,Street Light,Under Construction,20-30 min
R3029,3029,City Road,Dim Light,Damaged,20-30 min
R3030,3030,Highway,No Light,Under Construction,10-20 min
R3031,3031,City Road,No Light,Wet,20-30 min
R3032,3032,Expressway,No Light,Under Construction,>30 min
R3033,3033,Rural Road,Street Light,Wet,>30 min
R3034,3034,Highway,Street Light,Wet,10-20 min
R3035,3035,Rural Road,Street Light,Wet,>30 min
R3036,3036,Expressway,Street Light,Under Construction,>30 min
R3037,3037,City Road,Dim Light,Wet,<10 min
R3038,3038,Expressway,No Light,Damaged,<10 min
R3039,3039,Rural Road,Daylight,Dry,10-20 min
R3040,3040,Rural Road,Daylight,Dry,>30 min
R3041,3041,Expressway,Dim Light,Damaged,20-30 min
R3042,3042,Rural Road,Daylight,Under Construction,>30 min
R3043,3043,City Road,Daylight,Damaged,>30 min
R3044,3044,Rural Road,Daylight,Wet,20-30 min
R3045,3045,City Road,Street Light,Wet,20-30 min
R3046,3046,Expressway,Daylight,Under Construction,20-30 min
R3047,3047,City Road,Daylight,Damaged,10-20 min
R3048,3048,Expressway,Street Light,Wet,20-30 min
R3049,3049,City Road,Dim Light,Dry,>30 min
R3050,3050,Expressway,No Light,Dry,10-20 min
R3051,3051,Expressway,No Light,Damaged,10-20 min
R3052,3052,Rural Road,No Light,Damaged,20-30 min
R3053,3053,Expressway,No Light,Damaged,10-20 min
R3054,3054,Expressway,No Light,Wet,10-20 min
R3055,3055,City Road,Street Light,Dry,10-20 min
R3056,3056,Rural Road,Street Light,Dry,20-30 min
R3057,3057,Highway,Street Light,Wet,>30 min
R3058,3058,City Road,Dim Light,Dry,<10 min
R3059,3059,Rural Road,No Light,Damaged,<10 min
R3060,3060,Rural Road,Street Light,Damaged,20-30 min
R3061,3061,Highway,No Light,Damaged,>30 min
R3062,3062,Highway,Street Light,Dry,>30 min
R3063,3063,City Road,Street Light,Wet,10-20 min
R3064,3064,Rural Road,No Light,Under Construction,10-20 min
R3065,3065,Expressway,Dim Light,Under Construction,20-30 min
R3066,3066,Rural Road,Dim Light,Under Construction,20-30 min
R3067,3067,Expressway,No Light,Damaged,10-20 min
R3068,3068,Highway,Street Light,Under Construction,<10 min
R3069,3069,Expressway,No Light,Under Construction,20-30 min
R3070,3070,Rural Road,Dim Light,Damaged,10-20 min
R3071,3071,City Road,No Light,Damaged,20-30 min
R3072,3072,Rural Road,No Light,Wet,10-20 min
R3073,3073,Highway,No Light,Damaged,>30 min
R3074,3074,Highway,No Light,Dry,20-30 min
R3075,3075,City Road,Dim Light,Damaged,20-30 min
R3076,3076,Expressway,No Light,Damaged,10-20 min
R3077,3077,City Road,Daylight,Damaged,20-30 min
R3078,3078,Rural Road,No Light,Wet,<10 min
R3079,3079,City Road,Dim Light,Under Construction,20-30 min
R3080,3080,Rural Road,Street Light,Under Construction,>30 min
R3081,3081,City Road,Street Light,Wet,>30 min
R3082,3082,Rural Road,Street Light,Dry,>30 min
R3083,3083,Rural Road,Street Light,Wet,10-20 min
R3084,3084,Expressway,Street Light,Under Construction,<10 min
R3085,3085,City Road,Street Light,Damaged,20-30 min
R3086,3086,Rural Road,Street Light,Damaged,>30 min
R3087,3087,City Road,Dim Light,Under Construction,<10 min
R3088,3088,Highway,Dim Light,Dry,20-30 min
R3089,3089,Rural Road,Dim Light,Wet,20-30 min
R3090,3090,City Road,Street Light,Dry,>30 min
R3091,3091,Highway,Daylight,Wet,<10 min
R3092,3092,Expressway,Daylight,Under Construction,<10 min
R3093,3093,Rural Road,Street Light,Dry,10-20 min
R3094,3094,Expressway,Dim Light,Damaged,20-30 min
R3095,3095,City Road,No Light,Under Construction,10-20 min
R3096,3096,Expressway,Dim Light,Wet,>30 min
R3097,3097,Rural Road,Dim Light,Damaged,20-30 min
R3098,3098,Highway,No Light,Dry,10-20 min
R3099,3099,Expressway,Daylight,Wet,10-20 min
R3100,3100,Rural Road,Street Light,Damaged,10-20 min
R3101,3101,Expressway,Street Light,Dry,<10 min
R3102,3102,Highway,Daylight,Dry,<10 min
R3103,3103,Highway,No Light,Dry,10-20 min
R3104,3104,Rural Road,Dim Light,Damaged,<10 min
R3105,3105,Expressway,Street Light,Dry,>30 min
R3106,3106,Expressway,Street Light,Under Construction,10-20 min
R3107,3107,Rural Road,Daylight,Wet,>30 min
R3108,3108,Expressway,Daylight,Under Construction,<10 min
R3109,3109,Highway,Daylight,Under Construction,>30 min
R3110,3110,City Road,Dim Light,Under Construction,<10 min
R3111,3111,City Road,Daylight,Damaged,>30 min
R3112,3112,Rural Road,Dim Light,Damaged,10-20 min
R3113,3113,Expressway,No Light,Dry,>30 min
R3114,3114,City Road,Daylight,Dry,<10 min
R3115,3115,Highway,No Light,Wet,10-20 min
R3116,3116,Expressway,Street Light,Wet,>30 min
R3117,3117,Rural Road,Street Light,Damaged,<10 min
R3118,3118,Expressway,No Light,Dry,>30 min
R3119,3119,Rural Road,Dim Light,Under Construction,>30 min
R3120,3120,Highway,No Light,Damaged,>30 min
R3121,3121,City Road,No Light,Damaged,20-30 min
R3122,3122,Expressway,No Light,Dry,>30 min
R3123,3123,Expressway,No Light,Wet,<10 min
R3124,3124,City Road,Dim Light,Damaged,20-30 min
R3125,3125,Rural Road,Dim Light,Damaged,<10 min
R3126,3126,City Road,Dim Light,Wet,>30 min
R3127,3127,Rural Road,Daylight,Wet,<10 min
R3128,3128,Rural Road,Daylight,Under Construction,20-30 min
R3129,3129,City Road,Dim Light,Under Construction,<10 min
R3130,3130,City Road,No Light,Wet,10-20 min
R3131,3131,Expressway,Street Light,Under Construction,10-20 min
R3132,3132,City Road,No Light,Damaged,10-20 min
R3133,3133,Rural Road,Street Light,Under Construction,<10 min
R3134,3134,City Road,Dim Light,Under Construction,20-30 min
R3135,3135,Rural Road,Street Light,Wet,10-20 min
R3136,3136,Highway,Dim Light,Dry,10-20 min
R3137,3137,City Road,Daylight,Dry,20-30 min
R3138,3138,Rural Road,Daylight,Dry,<10 min
R3139,3139,City Road,Street Light,Wet,20-30 min
R3140,3140,Rural Road,Dim Light,Under Construction,<10 min
R3141,3141,Expressway,No Light,Damaged,>30 min
R3142,3142,Expressway,Dim Light,Dry,<10 min
R3143,3143,Highway,Daylight,Damaged,<10 min
R3144,3144,Highway,No Light,Dry,>30 min
R3145,3145,City Road,Daylight,Damaged,<10 min
R3146,3146,Expressway,Dim Light,Dry,20-30 min
R3147,3147,Expressway,Daylight,Damaged,>30 min
R3148,3148,City Road,Street Light,Wet,>30 min
R3149,3149,City Road,Street Light,Under Construction,>30 min
R3150,3150,City Road,Street Light,Wet,<10 min
R3151,3151,City Road,Street Light,Damaged,10-20 min
R3152,3152,Highway,Dim Light,Damaged,20-30 min
R3153,3153,Expressway,No Light,Under Construction,<10 min
R3154,3154,Expressway,Street Light,Wet,10-20 min
R3155,3155,Expressway,Daylight,Damaged,>30 min
R3156,3156,City Road,No Light,Damaged,>30 min
R3157,3157,City Road,No Light,Wet,<10 min
R3158,3158,Expressway,No Light,Dry,20-30 min
R3159,3159,Highway,Daylight,Damaged,<10 min
R3160,3160,Highway,Dim Light,Wet,10-20 min
R3161,3161,Highway,No Light,Dry,10-20 min
R3162,3162,Rural Road,Street Light,Dry,10-20 min
R3163,3163,Highway,No Light,Dry,20-30 min
R3164,3164,City Road,Dim Light,Under Construction,<10 min
R3165,3165,Highway,Daylight,Wet,>30 min
R3166,3166,Highway,Dim Light,Wet,<10 min
R3167,3167,Expressway,Street Light,Dry,<10 min
R3168,3168,Highway,Daylight,Wet,20-30 min
R3169,3169,Expressway,No Light,Damaged,10-20 min
R3170,3170,Rural Road,Dim Light,Wet,20-30 min
R3171,3171,Rural Road,Dim Light,Damaged,20-30 min
R3172,3172,Expressway,Dim Light,Damaged,>30 min
R3173,3173,Highway,No Light,Damaged,10-20 min
R3174,3174,Expressway,Street Light,Wet,10-20 min
R3175,3175,Highway,Dim Light,Damaged,<10 min
R3176,3176,City Road,Dim Light,Under Construction,<10 min
R3177,3177,Highway,Street Light,Under Construction,10-20 min
R3178,3178,Highway,Street Light,Damaged,>30 min
R3179,3179,City Road,Daylight,Under Construction,10-20 min
R3180,3180,City Road,Dim Light,Damaged,10-20 min
R3181,3181,Highway,Dim Light,Under Construction,<10 min
R3182,3182,City Road,No Light,Damaged,10-20 min
R3183,3183,Expressway,No Light,Dry,>30 min
R3184,3184,Highway,Dim Light,Dry,<10 min
R3185,3185,Expressway,Street Light,Wet,<10 min
R3186,3186,Highway,No Light,Dry,>30 min
R3187,3187,Expressway,Street Light,Under Construction,<10 min
R3188,3188,Rural Road,Dim Light,Under Construction,>30 min
R3189,3189,Highway,Street Light,Damaged,>30 min
R3190,3190,Rural Road,Dim Light,Dry,<10 min
R3191,3191,Rural Road,Daylight,Under Construction,<10 min
R3192,3192,Highway,Street Light,Wet,<10 min
R3193,3193,Rural Road,Dim Light,Dry,>30 min
R3194,3194,City Road,Dim Light,Damaged,>30 min
R3195,3195,City Road,Street Light,Damaged,10-20 min
R3196,3196,Expressway,No Light,Under Construction,10-20 min
R3197,3197,Highway,No Light,Under Construction,>30 min
R3198,3198,Rural Road,Street Light,Wet,<10 min
R3199,3199,Expressway,Daylight,Dry,10-20 min
R3200,3200,Rural Road,No Light,Wet,20-30 min
R3201,3201,Expressway,No Light,Wet,20-30 min
R3202,3202,Highway,No Light,Wet,20-30 min
R3203,3203,Rural Road,Dim Light,Under Construction,20-30 min
R3204,3204,Expressway,No Light,Under Construction,<10 min
R3205,3205,Highway,No Light,Damaged,10-20 min
R3206,3206,Expressway,Daylight,Dry,>30 min
R3207,3207,Rural Road,Dim Light,Wet,<10 min
R3208,3208,Expressway,No Light,Damaged,10-20 min
R3209,3209,City Road,No Light,Damaged,>30 min
R3210,3210,Expressway,Dim Light,Wet,<10 min
R3211,3211,Highway,Daylight,Dry,10-20 min
R3212,3212,Highway,Dim Light,Wet,10-20 min
R3213,3213,Expressway,Daylight,Under Construction,<10 min
R3214,3214,City Road,Street Light,Under Construction,<10 min
R3215,3215,Expressway,Dim Light,Under Construction,<10 min
R3216,3216,Highway,Dim Light,Damaged,>30 min
R3217,3217,City Road,Daylight,Wet,<10 min
R3218,3218,Highway,Dim Light,Damaged,20-30 min
R3219,3219,Expressway,Daylight,Dry,>30 min
R3220,3220,Expressway,No Light,Wet,<10 min
R3221,3221,City Road,Street Light,Damaged,20-30 min
R3222,3222,Highway,Daylight,Wet,10-20 min
R3223,3223,City Road,No Light,Dry,10-20 min
R3224,3224,Rural Road,Street Light,Under Construction,10-20 min
R3225,3225,Expressway,No Light,Damaged,>30 min
R3226,3226,Expressway,No Light,Dry,<10 min
R3227,3227,Expressway,No Light,Under Construction,20-30 min
R3228,3228,Expressway,Dim Light,Damaged,10-20 min
R3229,3229,City Road,Dim Light,Under Construction,10-20 min
R3230,3230,Highway,No Light,Dry,20-30 min
R3231,3231,Expressway,No Light,Dry,<10 min
R3232,3232,City Road,Daylight,Dry,10-20 min
R3233,3233,Rural Road,Daylight,Wet,10-20 min
R3234,3234,Highway,Daylight,Damaged,<10 min
R3235,3235,Rural Road,No Light,Damaged,<10 min
R3236,3236,Highway,Daylight,Under Construction,>30 min
R3237,3237,Rural Road,Daylight,Dry,10-20 min
R3238,3238,Expressway,Street Light,Wet,<10 min
R3239,3239,City Road,No Light,Wet,>30 min
R3240,3240,Rural Road,Street Light,Damaged,>30 min
R3241,3241,Rural Road,No Light,Wet,10-20 min
R3242,3242,Highway,No Light,Dry,<10 min
R3243,3243,Highway,No Light,Damaged,10-20 min
R3244,3244,Expressway,Street Light,Under Construction,20-30 min
R3245,3245,City Road,No Light,Wet,<10 min
R3246,3246,Expressway,Street Light,Wet,20-30 min
R3247,3247,Expressway,Daylight,Wet,10-20 min
R3248,3248,City Road,Daylight,Damaged,10-20 min
R3249,3249,City Road,Daylight,Wet,10-20 min
R3250,3250,Rural Road,Dim Light,Under Construction,10-20 min
R3251,3251,Highway,Street Light,Wet,20-30 min
R3252,3252,Rural Road,Street Light,Dry,>30 min
R3253,3253,Expressway,No Light,Damaged,<10 min
R3254,3254,Expressway,No Light,Damaged,>30 min
R3255,3255,Highway,Daylight,Wet,10-20 min
R3256,3256,Expressway,No Light,Under Construction,20-30 min
R3257,3257,Highway,Dim Light,Wet,<10 min
R3258,3258,City Road,Daylight,Wet,10-20 min
R3259,3259,Highway,Street Light,Damaged,>30 min
R3260,3260,Expressway,Daylight,Wet,10-20 min
R3261,3261,City Road,Daylight,Under Construction,<10 min
R3262,3262,Highway,Dim Light,Wet,10-20 min
R3263,3263,Rural Road,Daylight,Dry,<10 min
R3264,3264,Highway,Daylight,Dry,<10 min
R3265,3265,City Road,Street Light,Wet,>30 min
R3266,3266,Rural Road,No Light,Dry,10-20 min
R3267,3267,Rural Road,Daylight,Damaged,20-30 min
R3268,3268,Highway,No Light,Under Construction,10-20 min
R3269,3269,City Road,Dim Light,Wet,>30 min
R3270,3270,Rural Road,Dim Light,Damaged,<10 min
R3271,3271,Expressway,Daylight,Under Construction,<10 min
R3272,3272,Highway,Daylight,Under Construction,>30 min
R3273,3273,Expressway,No Light,Dry,20-30 min
R3274,3274,City Road,Dim Light,Dry,20-30 min
R3275,3275,Rural Road,Dim Light,Under Construction,>30 min
R3276,3276,City Road,Street Light,Under Construction,20-30 min
R3277,3277,Highway,Dim Light,Dry,20-30 min
R3278,3278,Expressway,No Light,Wet,<10 min
R3279,3279,Highway,No Light,Dry,<10 min
R3280,3280,Rural Road,No Light,Wet,<10 min
R3281,3281,Highway,Dim Light,Damaged,10-20 min
R3282,3282,City Road,Street Light,Damaged,10-20 min
R3283,3283,Highway,Street Light,Damaged,20-30 min
R3284,3284,City Road,No Light,Dry,10-20 min
R3285,3285,Rural Road,Street Light,Wet,20-30 min
R3286,3286,City Road,No Light,Wet,>30 min
R3287,3287,Rural Road,Daylight,Damaged,<10 min
R3288,3288,City Road,Daylight,Dry,>30 min
R3289,3289,Rural Road,Street Light,Wet,<10 min
R3290,3290,City Road,Dim Light,Under Construction,10-20 min
R3291,3291,Expressway,Daylight,Damaged,<10 min
R3292,3292,City Road,Street Light,Wet,20-30 min
R3293,3293,Rural Road,No Light,Damaged,10-20 min
R3294,3294,City Road,Daylight,Wet,<10 min
R3295,3295,City Road,Dim Light,Under Construction,10-20 min
R3296,3296,Highway,Daylight,Dry,20-30 min
R3297,3297,Rural Road,No Light,Under Construction,>30 min
R3298,3298,City Road,No Light,Wet,20-30 min
R3299,3299,City Road,No Light,Under Construction,20-30 min
R3300,3300,Rural Road,Street Light,Under Construction,20-30 min
R3301,3301,City Road,Daylight,Under Construction,20-30 min
R3302,3302,City Road,No Light,Under Construction,20-30 min
R3303,3303,Expressway,Dim Light,Damaged,<10 min
R3304,3304,City Road,Daylight,Dry,10-20 min
R3305,3305,Highway,Daylight,Wet,10-20 min
R3306,3306,Highway,Daylight,Damaged,>30 min
R3307,3307,Highway,Street Light,Dry,<10 min
R3308,3308,City Road,Dim Light,Wet,>30 min
R3309,3309,Highway,Street Light,Under Construction,>30 min
R3310,3310,Rural Road,Daylight,Dry,20-30 min
R3311,3311,Rural Road,Street Light,Dry,<10 min
R3312,3312,City Road,Daylight,Damaged,<10 min
R3313,3313,Highway,Daylight,Damaged,<10 min
R3314,3314,City Road,Daylight,Damaged,10-20 min
R3315,3315,Highway,Street Light,Wet,>30 min
R3316,3316,Expressway,Daylight,Under Construction,10-20 min
R3317,3317,City Road,Street Light,Damaged,<10 min
R3318,3318,Rural Road,No Light,Wet,20-30 min
R3319,3319,City Road,Dim Light,Damaged,>30 min
R3320,3320,Rural Road,No Light,Under Construction,20-30 min
R3321,3321,City Road,Dim Light,Wet,<10 min
R3322,3322,Expressway,Daylight,Damaged,<10 min
R3323,3323,City Road,Street Light,Damaged,<10 min
R3324,3324,Highway,Street Light,Damaged,10-20 min
R3325,3325,Expressway,No Light,Dry,<10 min
R3326,3326,Expressway,No Light,Damaged,>30 min
R3327,3327,City Road,Street Light,Wet,<10 min
R3328,3328,Expressway,Street Light,Wet,20-30 min
R3329,3329,Rural Road,Daylight,Under Construction,>30 min
R3330,3330,Rural Road,Daylight,Under Construction,20-30 min
R3331,3331,Expressway,Street Light,Wet,10-20 min
R3332,3332,Rural Road,No Light,Under Construction,10-20 min
R3333,3333,City Road,Daylight,Dry,<10 min
R3334,3334,Rural Road,Daylight,Damaged,10-20 min
R3335,3335,Rural Road,Daylight,Dry,20-30 min
R3336,3336,Highway,No Light,Wet,10-20 min
R3337,3337,Expressway,Dim Light,Dry,<10 min
R3338,3338,City Road,No Light,Dry,20-30 min
R3339,3339,Expressway,Street Light,Dry,>30 min
R3340,3340,City Road,Daylight,Dry,20-30 min
R3341,3341,Highway,Daylight,Dry,10-20 min
R3342,3342,Highway,No Light,Wet,10-20 min
R3343,3343,Highway,Street Light,Dry,>30 min
R3344,3344,Rural Road,Street Light,Wet,20-30 min
R3345,3345,Rural Road,Dim Light,Under Construction,20-30 min
R3346,3346,Expressway,Daylight,Wet,10-20 min
R3347,3347,Highway,Dim Light,Wet,<10 min
R3348,3348,Expressway,Street Light,Wet,20-30 min
R3349,3349,City Road,No Light,Damaged,20-30 min
R3350,3350,Highway,Street Light,Damaged,20-30 min
R3351,3351,Highway,Dim Light,Damaged,10-20 min
R3352,3352,Expressway,No Light,Wet,10-20 min
R3353,3353,Rural Road,No Light,Dry,<10 min
R3354,3354,Rural Road,No Light,Damaged,20-30 min
R3355,3355,Expressway,Street Light,Under Construction,>30 min
R3356,3356,Highway,Dim Light,Dry,>30 min
R3357,3357,Highway,Street Light,Wet,20-30 min
R3358,3358,Highway,No Light,Dry,20-30 min
R3359,3359,Rural Road,Dim Light,Dry,20-30 min
R3360,3360,Expressway,Daylight,Damaged,10-20 min
R3361,3361,City Road,No Light,Under Construction,20-30 min
R3362,3362,City Road,No Light,Dry,20-30 min
R3363,3363,Rural Road,Dim Light,Wet,>30 min
R3364,3364,Expressway,Street Light,Damaged,<10 min
R3365,3365,Expressway,Daylight,Under Construction,20-30 min
R3366,3366,Rural Road,Daylight,Dry,>30 min
R3367,3367,Highway,Street Light,Under Construction,<10 min
R3368,3368,City Road,Daylight,Under Construction,<10 min
R3369,3369,Rural Road,No Light,Damaged,10-20 min
R3370,3370,Expressway,Daylight,Wet,10-20 min
R3371,3371,Rural Road,No Light,Under Construction,>30 min
R3372,3372,City Road,Dim Light,Damaged,20-30 min
R3373,3373,City Road,Dim Light,Damaged,20-30 min
R3374,3374,Expressway,No Light,Wet,<10 min
R3375,3375,Rural Road,Street Light,Under Construction,<10 min
R3376,3376,City Road,No Light,Wet,>30 min
R3377,3377,City Road,Dim Light,Damaged,10-20 min
R3378,3378,Highway,Street Light,Wet,10-20 min
R3379,3379,City Road,Dim Light,Wet,<10 min
R3380,3380,City Road,Street Light,Damaged,20-30 min
R3381,3381,City Road,Dim Light,Damaged,>30 min
R3382,3382,City Road,Street Light,Wet,10-20 min
R3383,3383,Expressway,Daylight,Wet,10-20 min
R3384,3384,Expressway,Street Light,Damaged,10-20 min
R3385,3385,Highway,No Light,Under Construction,<10 min
R3386,3386,City Road,No Light,Wet,20-30 min
R3387,3387,Expressway,No Light,Under Construction,<10 min
R3388,3388,Expressway,Dim Light,Dry,10-20 min
R3389,3389,City Road,Street Light,Wet,<10 min
R3390,3390,Rural Road,Daylight,Under Construction,20-30 min
R3391,3391,Highway,Daylight,Damaged,>30 min
R3392,3392,Expressway,Daylight,Damaged,>30 min
R3393,3393,Rural Road,Street Light,Dry,10-20 min
R3394,3394,City Road,Street Light,Damaged,>30 min
R3395,3395,City Road,Street Light,Under Construction,<10 min
R3396,3396,Highway,No Light,Wet,20-30 min
R3397,3397,Expressway,Street Light,Wet,20-30 min
R3398,3398,Expressway,Street Light,Damaged,20-30 min
R3399,3399,Highway,Daylight,Damaged,20-30 min
R3400,3400,Highway,Street Light,Under Construction,10-20 min
R3401,3401,City Road,Daylight,Damaged,20-30 min
R3402,3402,Expressway,Daylight,Damaged,20-30 min
R3403,3403,Highway,Daylight,Under Construction,10-20 min
R3404,3404,Highway,Dim Light,Wet,<10 min
R3405,3405,Expressway,Street Light,Wet,10-20 min
R3406,3406,City Road,Street Light,Under Construction,<10 min
R3407,3407,Rural Road,Dim Light,Under Construction,<10 min
R3408,3408,City Road,Street Light,Dry,10-20 min
R3409,3409,Expressway,Dim Light,Wet,<10 min
R3410,3410,City Road,Dim Light,Wet,>30 min
R3411,3411,Highway,Dim Light,Wet,<10 min
R3412,3412,Highway,Daylight,Damaged,10-20 min
R3413,3413,Rural Road,Dim Light,Damaged,10-20 min
R3414,3414,Expressway,Dim Light,Under Construction,10-20 min
R3415,3415,Expressway,No Light,Under Construction,<10 min
R3416,3416,Highway,Daylight,Under Construction,<10 min
R3417,3417,Rural Road,Daylight,Wet,<10 min
R3418,3418,Expressway,Street Light,Dry,>30 min
R3419,3419,Rural Road,Dim Light,Under Construction,20-30 min
R3420,3420,City Road,Street Light,Dry,10-20 min
R3421,3421,Expressway,No Light,Damaged,>30 min
R3422,3422,Expressway,Street Light,Wet,20-30 min
R3423,3423,Rural Road,Dim Light,Dry,<10 min
R3424,3424,Rural Road,Street Light,Wet,<10 min
R3425,3425,Rural Road,Dim Light,Damaged,>30 min
R3426,3426,Highway,No Light,Damaged,>30 min
R3427,3427,Expressway,Daylight,Under Construction,>30 min
R3428,3428,Expressway,Street Light,Damaged,10-20 min
R3429,3429,Highway,Daylight,Under Construction,<10 min
R3430,3430,Rural Road,No Light,Damaged,20-30 min
R3431,3431,Rural Road,Daylight,Under Construction,<10 min
R3432,3432,City Road,Daylight,Under Construction,>30 min
R3433,3433,Highway,Dim Light,Under Construction,20-30 min
R3434,3434,City Road,Street Light,Dry,20-30 min
R3435,3435,City Road,Street Light,Wet,<10 min
R3436,3436,Rural Road,Daylight,Damaged,>30 min
R3437,3437,Highway,Dim Light,Damaged,<10 min
R3438,3438,Expressway,Street Light,Under Construction,10-20 min
R3439,3439,Highway,Dim Light,Wet,>30 min
R3440,3440,Expressway,Street Light,Dry,>30 min
R3441,3441,Expressway,Dim Light,Under Construction,<10 min
R3442,3442,Expressway,No Light,Damaged,10-20 min
R3443,3443,City Road,Dim Light,Dry,>30 min
R3444,3444,Highway,Daylight,Damaged,20-30 min
R3445,3445,Expressway,Daylight,Damaged,<10 min
R3446,3446,Expressway,No Light,Damaged,>30 min
R3447,3447,City Road,No Light,Under Construction,>30 min
R3448,3448,Rural Road,Street Light,Wet,>30 min
R3449,3449,Highway,No Light,Damaged,10-20 min
R3450,3450,Highway,No Light,Dry,10-20 min
R3451,3451,Rural Road,Dim Light,Wet,<10 min
R3452,3452,Highway,Daylight,Under Construction,10-20 min
R3453,3453,Highway,No Light,Dry,10-20 min
R3454,3454,Expressway,Street Light,Damaged,<10 min
R3455,3455,Highway,Daylight,Dry,>30 min
R3456,3456,Rural Road,Daylight,Under Construction,<10 min
R3457,3457,Highway,No Light,Under Construction,10-20 min
R3458,3458,Rural Road,Dim Light,Wet,20-30 min
R3459,3459,Highway,No Light,Dry,20-30 min
R3460,3460,Expressway,Dim Light,Wet,>30 min
R3461,3461,Highway,No Light,Dry,10-20 min
R3462,3462,Highway,No Light,Wet,>30 min
R3463,3463,Rural Road,Dim Light,Under Construction,20-30 min
R3464,3464,City Road,No Light,Damaged,<10 min
R3465,3465,Expressway,No Light,Dry,>30 min
R3466,3466,Highway,Dim Light,Dry,20-30 min
R3467,3467,Highway,No Light,Wet,10-20 min
R3468,3468,City Road,Dim Light,Wet,<10 min
R3469,3469,City Road,No Light,Dry,20-30 min
R3470,3470,Rural Road,Street Light,Dry,20-30 min
R3471,3471,City Road,Daylight,Dry,<10 min
R3472,3472,Rural Road,No Light,Under Construction,20-30 min
R3473,3473,Highway,Daylight,Wet,20-30 min
R3474,3474,Rural Road,Street Light,Dry,<10 min
R3475,3475,Rural Road,Daylight,Damaged,>30 min
R3476,3476,City Road,No Light,Damaged,>30 min
R3477,3477,Rural Road,Street Light,Under Construction,20-30 min
R3478,3478,Highway,Dim Light,Under Construction,<10 min
R3479,3479,Highway,No Light,Dry,>30 min
R3480,3480,City Road,Daylight,Damaged,10-20 min
R3481,3481,Rural Road,No Light,Under Construction,>30 min
R3482,3482,Rural Road,Daylight,Under Construction,10-20 min
R3483,3483,Highway,Dim Light,Wet,<10 min
R3484,3484,Expressway,Daylight,Wet,>30 min
R3485,3485,City Road,Street Light,Wet,<10 min
R3486,3486,Highway,No Light,Damaged,>30 min
R3487,3487,Highway,Street Light,Dry,>30 min
R3488,3488,Rural Road,Daylight,Under Construction,20-30 min
R3489,3489,City Road,Street Light,Dry,<10 min
R3490,3490,City Road,No Light,Wet,10-20 min
R3491,3491,Rural Road,Daylight,Damaged,10-20 min
R3492,3492,City Road,Dim Light,Under Construction,10-20 min
R3493,3493,Highway,Street Light,Wet,<10 min
R3494,3494,Rural Road,Street Light,Damaged,>30 min
R3495,3495,City Road,Dim Light,Wet,>30 min
R3496,3496,Highway,Dim Light,Wet,<10 min
R3497,3497,Rural Road,No Light,Damaged,10-20 min
R3498,3498,Rural Road,Dim Light,Under Construction,>30 min
R3499,3499,Expressway,Daylight,Damaged,10-20 min
R3500,3500,Highway,Daylight,Wet,>30 min
R3501,3501,Expressway,Street Light,Dry,10-20 min
R3502,3502,Rural Road,No Light,Dry,10-20 min
R3503,3503,City Road,Dim Light,Under Construction,10-20 min
R3504,3504,Expressway,Street Light,Wet,>30 min
R3505,3505,Expressway,Dim Light,Under Construction,20-30 min
R3506,3506,City Road,No Light,Wet,10-20 min
R3507,3507,Highway,Dim Light,Damaged,>30 min
R3508,3508,Rural Road,Dim Light,Wet,<10 min
R3509,3509,Highway,Street Light,Dry,10-20 min
R3510,3510,City Road,Street Light,Under Construction,>30 min
R3511,3511,Highway,Dim Light,Damaged,<10 min
R3512,3512,Rural Road,Street Light,Under Construction,20-30 min
R3513,3513,City Road,Street Light,Damaged,>30 min
R3514,3514,Expressway,Street Light,Wet,10-20 min
R3515,3515,Highway,No Light,Under Construction,<10 min
R3516,3516,City Road,Street Light,Dry,<10 min
R3517,3517,Expressway,Street Light,Wet,<10 min
R3518,3518,Expressway,No Light,Wet,20-30 min
R3519,3519,Rural Road,Daylight,Wet,20-30 min
R3520,3520,Expressway,Daylight,Wet,10-20 min
R3521,3521,City Road,Dim Light,Wet,20-30 min
R3522,3522,Rural Road,Dim Light,Damaged,10-20 min
R3523,3523,Expressway,Daylight,Dry,20-30 min
R3524,3524,City Road,No Light,Damaged,10-20 min
R3525,3525,Expressway,No Light,Under Construction,20-30 min
R3526,3526,City Road,Dim Light,Dry,>30 min
R3527,3527,Expressway,Dim Light,Damaged,20-30 min
R3528,3528,Expressway,Street Light,Wet,10-20 min
R3529,3529,Expressway,Daylight,Wet,>30 min
R3530,3530,Expressway,Street Light,Dry,20-30 min
R3531,3531,City Road,No Light,Wet,>30 min
R3532,3532,Rural Road,No Light,Dry,<10 min
R3533,3533,City Road,Daylight,Under Construction,10-20 min
R3534,3534,Rural Road,No Light,Damaged,<10 min
R3535,3535,Highway,No Light,Under Construction,<10 min
R3536,3536,Expressway,No Light,Wet,20-30 min
R3537,3537,City Road,Dim Light,Under Construction,>30 min
R3538,3538,Expressway,Daylight,Damaged,<10 min
R3539,3539,Highway,Dim Light,Dry,<10 min
R3540,3540,Rural Road,Street Light,Wet,<10 min
R3541,3541,City Road,Street Light,Damaged,10-20 min
R3542,3542,City Road,Dim Light,Dry,20-30 min
R3543,3543,City Road,No Light,Damaged,20-30 min
R3544,3544,Rural Road,Street Light,Wet,20-30 min
R3545,3545,Rural Road,Dim Light,Dry,>30 min
R3546,3546,Highway,No Light,Under Construction,20-30 min
R3547,3547,City Road,Dim Light,Dry,20-30 min
R3548,3548,Expressway,Dim Light,Damaged,10-20 min
R3549,3549,Rural Road,No Light,Wet,<10 min
R3550,3550,City Road,Street Light,Under Construction,20-30 min
R3551,3551,City Road,Dim Light,Damaged,<10 min
R3552,3552,Highway,Street Light,Dry,>30 min
R3553,3553,City Road,No Light,Wet,20-30 min
R3554,3554,Expressway,Dim Light,Under Construction,10-20 min
R3555,3555,City Road,Dim Light,Dry,20-30 min
R3556,3556,Rural Road,Street Light,Dry,10-20 min
R3557,3557,Expressway,Daylight,Damaged,10-20 min
R3558,3558,Highway,Daylight,Under Construction,10-20 min
R3559,3559,Expressway,Dim Light,Damaged,<10 min
R3560,3560,Expressway,No Light,Under Construction,20-30 min
R3561,3561,City Road,Dim Light,Dry,<10 min
R3562,3562,Rural Road,Daylight,Under Construction,>30 min
R3563,3563,Rural Road,Street Light,Under Construction,10-20 min
R3564,3564,City Road,Dim Light,Damaged,>30 min
R3565,3565,City Road,Daylight,Wet,20-30 min
R3566,3566,Rural Road,No Light,Damaged,20-30 min
R3567,3567,Highway,No Light,Wet,>30 min
R3568,3568,Highway,No Light,Dry,<10 min
R3569,3569,City Road,Daylight,Dry,<10 min
R3570,3570,Expressway,No Light,Wet,20-30 min
R3571,3571,City Road,Street Light,Under Construction,>30 min
R3572,3572,Highway,No Light,Damaged,10-20 min
R3573,3573,Rural Road,Street Light,Damaged,>30 min
R3574,3574,Expressway,Dim Light,Under Construction,<10 min
R3575,3575,Rural Road,Street Light,Damaged,20-30 min
R3576,3576,Rural Road,Dim Light,Dry,20-30 min
R3577,3577,City Road,Street Light,Wet,<10 min
R3578,3578,City Road,Street Light,Dry,>30 min
R3579,3579,Expressway,Daylight,Dry,>30 min
R3580,3580,Rural Road,Daylight,Damaged,10-20 min
R3581,3581,Rural Road,Street Light,Under Construction,<10 min
R3582,3582,Highway,Daylight,Dry,20-30 min
R3583,3583,City Road,No Light,Damaged,<10 min
R3584,3584,Rural Road,No Light,Damaged,10-20 min
R3585,3585,City Road,Dim Light,Dry,20-30 min
R3586,3586,Expressway,Street Light,Dry,20-30 min
R3587,3587,Rural Road,No Light,Damaged,>30 min
R3588,3588,Expressway,Street Light,Under Construction,>30 min
R3589,3589,Highway,No Light,Dry,20-30 min
R3590,3590,Highway,Dim Light,Under Construction,10-20 min
R3591,3591,City Road,No Light,Dry,10-20 min
R3592,3592,Highway,Daylight,Damaged,>30 min
R3593,3593,Rural Road,Dim Light,Wet,20-30 min
R3594,3594,Expressway,Daylight,Dry,>30 min
R3595,3595,Expressway,Street Light,Damaged,>30 min
R3596,3596,Highway,Daylight,Wet,20-30 min
R3597,3597,Highway,Street Light,Dry,20-30 min
R3598,3598,City Road,No Light,Damaged,<10 min
R3599,3599,Rural Road,No Light,Under Construction,>30 min
R3600,3600,Rural Road,Daylight,Wet,<10 min
R3601,3601,Expressway,No Light,Damaged,<10 min
R3602,3602,Highway,No Light,Damaged,>30 min
R3603,3603,Expressway,No Light,Under Construction,<10 min
R3604,3604,City Road,Dim Light,Dry,20-30 min
R3605,3605,Rural Road,No Light,Damaged,10-20 min
R3606,3606,Expressway,Dim Light,Dry,10-20 min
R3607,3607,City Road,Street Light,Damaged,10-20 min
R3608,3608,Expressway,Daylight,Under Construction,>30 min
R3609,3609,City Road,No Light,Dry,<10 min
R3610,3610,Rural Road,No Light,Damaged,>30 min
R3611,3611,Highway,Daylight,Dry,10-20 min
R3612,3612,Rural Road,Street Light,Damaged,>30 min
R3613,3613,Expressway,No Light,Under Construction,<10 min
R3614,3614,Highway,Daylight,Damaged,10-20 min
R3615,3615,Rural Road,Daylight,Under Construction,>30 min
R3616,3616,Highway,Street Light,Wet,10-20 min
R3617,3617,Rural Road,Street Light,Under Construction,10-20 min
R3618,3618,City Road,Dim Light,Under Construction,>30 min
R3619,3619,City Road,Daylight,Under Construction,20-30 min
R3620,3620,Rural Road,Dim Light,Damaged,10-20 min
R3621,3621,Expressway,Street Light,Wet,>30 min
R3622,3622,Expressway,No Light,Dry,10-20 min
R3623,3623,Rural Road,Daylight,Damaged,<10 min
R3624,3624,Expressway,No Light,Dry,20-30 min
R3625,3625,Rural Road,Dim Light,Damaged,<10 min
R3626,3626,Highway,Daylight,Under Construction,<10 min
R3627,3627,Rural Road,Street Light,Damaged,>30 min
R3628,3628,Highway,Street Light,Under Construction,<10 min
R3629,3629,Expressway,Dim Light,Damaged,20-30 min
R3630,3630,Expressway,No Light,Wet,20-30 min
R3631,3631,Rural Road,Daylight,Dry,<10 min
R3632,3632,Expressway,Dim Light,Under Construction,10-20 min
R3633,3633,City Road,Daylight,Under Construction,>30 min
R3634,3634,City Road,Daylight,Wet,10-20 min
R3635,3635,Rural Road,Street Light,Dry,>30 min
R3636,3636,Expressway,Dim Light,Wet,20-30 min
R3637,3637,Highway,Dim Light,Damaged,>30 min
R3638,3638,Highway,Daylight,Wet,10-20 min
R3639,3639,Expressway,Dim Light,Under Construction,<10 min
R3640,3640,Highway,No Light,Under Construction,10-20 min
R3641,3641,City Road,Daylight,Wet,10-20 min
R3642,3642,City Road,Daylight,Dry,>30 min
R3643,3643,Expressway,Street Light,Damaged,20-30 min
R3644,3644,Highway,Daylight,Wet,10-20 min
R3645,3645,Expressway,Dim Light,Wet,20-30 min
R3646,3646,City Road,No Light,Damaged,<10 min
R3647,3647,Rural Road,Daylight,Dry,<10 min
R3648,3648,Highway,Street Light,Dry,20-30 min
R3649,3649,City Road,Dim Light,Wet,10-20 min
R3650,3650,Expressway,No Light,Wet,<10 min
R3651,3651,Expressway,Street Light,Damaged,10-20 min
R3652,3652,Rural Road,Daylight,Under Construction,<10 min
R3653,3653,Highway,Daylight,Damaged,<10 min
R3654,3654,Expressway,No Light,Under Construction,10-20 min
R3655,3655,Rural Road,Street Light,Under Construction,<10 min
R3656,3656,Expressway,No Light,Wet,10-20 min
R3657,3657,Expressway,No Light,Wet,>30 min
R3658,3658,Rural Road,Dim Light,Dry,<10 min
R3659,3659,Expressway,Street Light,Wet,20-30 min
R3660,3660,Rural Road,Daylight,Damaged,<10 min
R3661,3661,Highway,Dim Light,Damaged,>30 min
R3662,3662,Expressway,Street Light,Damaged,>30 min
R3663,3663,Highway,No Light,Dry,>30 min
R3664,3664,Expressway,Dim Light,Dry,>30 min
R3665,3665,Rural Road,Street Light,Wet,>30 min
R3666,3666,Highway,No Light,Damaged,10-20 min
R3667,3667,Expressway,Daylight,Under Construction,20-30 min
R3668,3668,Rural Road,Dim Light,Dry,>30 min
R3669,3669,Rural Road,Daylight,Under Construction,<10 min
R3670,3670,Expressway,Street Light,Wet,20-30 min
R3671,3671,Highway,Daylight,Dry,20-30 min
R3672,3672,Highway,No Light,Under Construction,<10 min
R3673,3673,Expressway,Daylight,Dry,>30 min
R3674,3674,Expressway,No Light,Wet,10-20 min
R3675,3675,Highway,Dim Light,Damaged,20-30 min
R3676,3676,Rural Road,No Light,Damaged,>30 min
R3677,3677,City Road,Dim Light,Under Construction,>30 min
R3678,3678,City Road,Street Light,Dry,10-20 min
R3679,3679,Rural Road,Dim Light,Damaged,>30 min
R3680,3680,Expressway,No Light,Under Construction,>30 min
R3681,3681,Rural Road,No Light,Damaged,<10 min
R3682,3682,Highway,Dim Light,Damaged,10-20 min
R3683,3683,Expressway,Daylight,Damaged,>30 min
R3684,3684,Rural Road,Street Light,Damaged,>30 min
R3685,3685,Highway,Street Light,Under Construction,10-20 min
R3686,3686,Highway,No Light,Dry,10-20 min
R3687,3687,City Road,No Light,Dry,20-30 min
R3688,3688,Highway,Dim Light,Under Construction,<10 min
R3689,3689,Expressway,Street Light,Damaged,<10 min
R3690,3690,Highway,Dim Light,Damaged,>30 min
R3691,3691,Expressway,Dim Light,Damaged,>30 min
R3692,3692,Expressway,Street Light,Dry,>30 min
R3693,3693,Highway,No Light,Damaged,10-20 min
R3694,3694,Expressway,No Light,Dry,10-20 min
R3695,3695,Highway,No Light,Wet,20-30 min
R3696,3696,Expressway,No Light,Damaged,<10 min
R3697,3697,Expressway,Street Light,Damaged,10-20 min
R3698,3698,Expressway,No Light,Wet,20-30 min
R3699,3699,Expressway,Daylight,Dry,<10 min
R3700,3700,Rural Road,Dim Light,Damaged,>30 min
R3701,3701,Rural Road,No Light,Wet,10-20 min
R3702,3702,Expressway,Daylight,Under Construction,20-30 min
R3703,3703,Highway,Street Light,Dry,20-30 min
R3704,3704,Highway,Dim Light,Damaged,10-20 min
R3705,3705,Highway,Street Light,Damaged,20-30 min
R3706,3706,Rural Road,Street Light,Damaged,10-20 min
R3707,3707,Highway,Street Light,Dry,>30 min
R3708,3708,City Road,Street Light,Damaged,<10 min
R3709,3709,Rural Road,Street Light,Wet,<10 min
R3710,3710,Highway,Street Light,Damaged,>30 min
R3711,3711,Highway,No Light,Wet,>30 min
R3712,3712,Rural Road,Dim Light,Dry,20-30 min
R3713,3713,Rural Road,Dim Light,Damaged,<10 min
R3714,3714,Rural Road,No Light,Under Construction,>30 min
R3715,3715,Expressway,Street Light,Under Construction,10-20 min
R3716,3716,Expressway,Street Light,Under Construction,10-20 min
R3717,3717,Rural Road,Daylight,Under Construction,<10 min
R3718,3718,City Road,Street Light,Wet,10-20 min
R3719,3719,City Road,Street Light,Under Construction,>30 min
R3720,3720,City Road,No Light,Under Construction,10-20 min
R3721,3721,Rural Road,Daylight,Dry,20-30 min
R3722,3722,Highway,No Light,Wet,20-30 min
R3723,3723,Rural Road,Dim Light,Wet,>30 min
R3724,3724,Rural Road,No Light,Wet,20-30 min
R3725,3725,Rural Road,Street Light,Damaged,10-20 min
R3726,3726,Highway,Daylight,Damaged,10-20 min
R3727,3727,Highway,No Light,Dry,20-30 min
R3728,3728,Rural Road,No Light,Dry,10-20 min
R3729,3729,Highway,Dim Light,Dry,>30 min
R3730,3730,City Road,Daylight,Under Construction,<10 min
R3731,3731,Highway,Daylight,Dry,20-30 min
R3732,3732,Rural Road,Street Light,Under Construction,10-20 min
R3733,3733,Rural Road,Dim Light,Damaged,20-30 min
R3734,3734,Highway,Dim Light,Under Construction,10-20 min
R3735,3735,Highway,Daylight,Damaged,10-20 min
R3736,3736,City Road,No Light,Wet,20-30 min
R3737,3737,City Road,No Light,Under Construction,20-30 min
R3738,3738,City Road,Dim Light,Damaged,>30 min
R3739,3739,Expressway,Street Light,Dry,10-20 min
R3740,3740,Rural Road,Daylight,Damaged,20-30 min
R3741,3741,Expressway,Street Light,Under Construction,>30 min
R3742,3742,Rural Road,Street Light,Damaged,20-30 min
R3743,3743,Expressway,No Light,Under Construction,>30 min
R3744,3744,Highway,No Light,Under Construction,10-20 min
R3745,3745,City Road,Daylight,Dry,>30 min
R3746,3746,Rural Road,Daylight,Damaged,<10 min
R3747,3747,City Road,Street Light,Wet,<10 min
R3748,3748,City Road,Daylight,Damaged,>30 min
R3749,3749,Rural Road,Dim Light,Damaged,20-30 min
R3750,3750,Rural Road,Street Light,Wet,<10 min
R3751,3751,Highway,Dim Light,Wet,10-20 min
R3752,3752,Highway,Daylight,Wet,>30 min
R3753,3753,City Road,Street Light,Wet,<10 min
R3754,3754,Expressway,Dim Light,Dry,<10 min
R3755,3755,City Road,Daylight,Dry,<10 min
R3756,3756,City Road,Dim Light,Wet,10-20 min
R3757,3757,City Road,No Light,Wet,>30 min
R3758,3758,City Road,Daylight,Damaged,10-20 min
R3759,3759,Rural Road,Street Light,Under Construction,>30 min
R3760,3760,Rural Road,Dim Light,Wet,20-30 min
R3761,3761,Expressway,No Light,Under Construction,<10 min
R3762,3762,Highway,Street Light,Under Construction,10-20 min
R3763,3763,Highway,No Light,Under Construction,<10 min
R3764,3764,Expressway,Street Light,Damaged,20-30 min
R3765,3765,Highway,Street Light,Dry,10-20 min
R3766,3766,Highway,Daylight,Dry,>30 min
R3767,3767,Rural Road,No Light,Under Construction,20-30 min
R3768,3768,Highway,Street Light,Dry,<10 min
R3769,3769,Expressway,Street Light,Dry,>30 min
R3770,3770,Highway,Daylight,Dry,10-20 min
R3771,3771,City Road,Daylight,Under Construction,20-30 min
R3772,3772,City Road,Dim Light,Wet,10-20 min
R3773,3773,Expressway,Dim Light,Under Construction,20-30 min
R3774,3774,Rural Road,Daylight,Under Construction,<10 min
R3775,3775,Expressway,Dim Light,Damaged,>30 min
R3776,3776,Expressway,No Light,Wet,20-30 min
R3777,3777,Highway,Daylight,Under Construction,10-20 min
R3778,3778,City Road,Dim Light,Dry,>30 min
R3779,3779,Rural Road,Street Light,Dry,20-30 min
R3780,3780,Expressway,Street Light,Under Construction,<10 min
R3781,3781,Rural Road,Street Light,Under Construction,20-30 min
R3782,3782,Expressway,Street Light,Under Construction,>30 min
R3783,3783,Highway,Daylight,Dry,10-20 min
R3784,3784,City Road,Street Light,Under Construction,10-20 min
R3785,3785,Expressway,Dim Light,Damaged,20-30 min
R3786,3786,Expressway,Street Light,Wet,>30 min
R3787,3787,Expressway,Daylight,Damaged,20-30 min
R3788,3788,City Road,No Light,Dry,>30 min
R3789,3789,City Road,Street Light,Dry,10-20 min
R3790,3790,Highway,Dim Light,Damaged,<10 min
R3791,3791,Highway,Daylight,Damaged,10-20 min
R3792,3792,City Road,Dim Light,Wet,>30 min
R3793,3793,City Road,Daylight,Under Construction,<10 min
R3794,3794,Expressway,No Light,Dry,>30 min
R3795,3795,City Road,Street Light,Damaged,<10 min
R3796,3796,Rural Road,Daylight,Damaged,<10 min
R3797,3797,Rural Road,No Light,Damaged,10-20 min
R3798,3798,City Road,Street Light,Damaged,<10 min
R3799,3799,Rural Road,No Light,Wet,20-30 min
R3800,3800,City Road,Daylight,Damaged,<10 min
R3801,3801,Highway,Street Light,Wet,10-20 min
R3802,3802,Expressway,Street Light,Wet,20-30 min
R3803,3803,City Road,Daylight,Dry,>30 min
R3804,3804,City Road,No Light,Under Construction,<10 min
R3805,3805,Expressway,Daylight,Under Construction,>30 min
R3806,3806,City Road,No Light,Dry,<10 min
R3807,3807,Highway,Dim Light,Wet,>30 min
R3808,3808,Expressway,Street Light,Wet,>30 min
R3809,3809,Expressway,No Light,Dry,10-20 min
R3810,3810,Highway,No Light,Under Construction,10-20 min
R3811,3811,City Road,No Light,Damaged,<10 min
R3812,3812,Expressway,Dim Light,Damaged,>30 min
R3813,3813,City Road,Dim Light,Dry,>30 min
R3814,3814,City Road,Street Light,Dry,10-20 min
R3815,3815,City Road,Daylight,Dry,10-20 min
R3816,3816,City Road,No Light,Dry,>30 min
R3817,3817,Expressway,Daylight,Dry,20-30 min
R3818,3818,Rural Road,Dim Light,Damaged,20-30 min
R3819,3819,Highway,Dim Light,Damaged,20-30 min
R3820,3820,City Road,No Light,Damaged,>30 min
R3821,3821,Expressway,Street Light,Damaged,>30 min
R3822,3822,Expressway,Daylight,Wet,<10 min
R3823,3823,City Road,No Light,Wet,10-20 min
R3824,3824,Rural Road,Daylight,Damaged,20-30 min
R3825,3825,Rural Road,No Light,Damaged,20-30 min
R3826,3826,Expressway,No Light,Wet,10-20 min
R3827,3827,Highway,No Light,Dry,>30 min
R3828,3828,City Road,No Light,Damaged,10-20 min
R3829,3829,Rural Road,Street Light,Damaged,20-30 min
R3830,3830,Rural Road,No Light,Wet,>30 min
R3831,3831,Rural Road,Daylight,Damaged,20-30 min
R3832,3832,Rural Road,Dim Light,Under Construction,<10 min
R3833,3833,Rural Road,Street Light,Damaged,20-30 min
R3834,3834,Highway,Dim Light,Damaged,20-30 min
R3835,3835,Rural Road,Daylight,Wet,<10 min
R3836,3836,City Road,Daylight,Dry,>30 min
R3837,3837,City Road,Street Light,Wet,<10 min
R3838,3838,City Road,Street Light,Wet,<10 min
R3839,3839,Rural Road,Dim Light,Wet,20-30 min
R3840,3840,Rural Road,Daylight,Dry,>30 min
R3841,3841,Rural Road,Street Light,Dry,<10 min
R3842,3842,City Road,No Light,Under Construction,<10 min
R3843,3843,Rural Road,Daylight,Dry,>30 min
R3844,3844,Highway,No Light,Dry,10-20 min
R3845,3845,Expressway,No Light,Wet,20-30 min
R3846,3846,City Road,Street Light,Damaged,10-20 min
R3847,3847,Highway,Dim Light,Under Construction,20-30 min
R3848,3848,Expressway,Street Light,Wet,10-20 min
R3849,3849,City Road,Daylight,Dry,10-20 min
R3850,3850,Expressway,No Light,Dry,>30 min
R3851,3851,City Road,Daylight,Damaged,>30 min
R3852,3852,Rural Road,Street Light,Under Construction,20-30 min
R3853,3853,Expressway,Street Light,Dry,20-30 min
R3854,3854,Expressway,Street Light,Under Construction,>30 min
R3855,3855,City Road,Daylight,Wet,10-20 min
R3856,3856,Rural Road,Street Light,Wet,20-30 min
R3857,3857,Rural Road,Daylight,Under Construction,10-20 min
R3858,3858,City Road,No Light,Under Construction,>30 min
R3859,3859,Expressway,Street Light,Dry,<10 min
R3860,3860,Highway,Daylight,Dry,<10 min
R3861,3861,Expressway,Dim Light,Dry,<10 min
R3862,3862,Expressway,Street Light,Damaged,20-30 min
R3863,3863,City Road,Dim Light,Under Construction,10-20 min
R3864,3864,Highway,Daylight,Under Construction,10-20 min
R3865,3865,City Road,Street Light,Damaged,20-30 min
R3866,3866,Rural Road,Dim Light,Damaged,>30 min
R3867,3867,Expressway,Daylight,Damaged,<10 min
R3868,3868,City Road,Daylight,Wet,20-30 min
R3869,3869,City Road,Dim Light,Wet,>30 min
R3870,3870,City Road,Street Light,Under Construction,<10 min
R3871,3871,Rural Road,Daylight,Wet,10-20 min
R3872,3872,City Road,Dim Light,Wet,10-20 min
R3873,3873,City Road,No Light,Dry,<10 min
R3874,3874,Expressway,Street Light,Under Construction,>30 min
R3875,3875,City Road,Daylight,Damaged,<10 min
R3876,3876,City Road,Street Light,Under Construction,20-30 min
R3877,3877,Rural Road,Street Light,Damaged,10-20 min
R3878,3878,Rural Road,Daylight,Dry,<10 min
R3879,3879,City Road,Daylight,Dry,>30 min
R3880,3880,Rural Road,Street Light,Damaged,10-20 min
R3881,3881,Expressway,Daylight,Wet,10-20 min
R3882,3882,City Road,Dim Light,Dry,10-20 min
R3883,3883,Rural Road,Dim Light,Damaged,10-20 min
R3884,3884,Highway,Street Light,Wet,10-20 min
R3885,3885,Rural Road,Street Light,Wet,20-30 min
R3886,3886,Expressway,No Light,Wet,<10 min
R3887,3887,Rural Road,Street Light,Wet,20-30 min
R3888,3888,Rural Road,Daylight,Under Construction,10-20 min
R3889,3889,Expressway,Street Light,Wet,10-20 min
R3890,3890,Highway,Daylight,Under Construction,20-30 min
R3891,3891,Rural Road,Dim Light,Under Construction,<10 min
R3892,3892,Expressway,Street Light,Damaged,10-20 min
R3893,3893,Rural Road,Dim Light,Wet,>30 min
R3894,3894,Rural Road,Daylight,Dry,10-20 min
R3895,3895,City Road,Daylight,Wet,20-30 min
R3896,3896,Rural Road,Daylight,Wet,20-30 min
R3897,3897,City Road,Street Light,Damaged,10-20 min
R3898,3898,Expressway,Daylight,Wet,>30 min
R3899,3899,City Road,Dim Light,Damaged,20-30 min
R3900,3900,City Road,Daylight,Dry,<10 min
R3901,3901,Highway,No Light,Under Construction,<10 min
R3902,3902,Expressway,No Light,Wet,<10 min
R3903,3903,Highway,Street Light,Under Construction,20-30 min
R3904,3904,Rural Road,No Light,Under Construction,>30 min
R3905,3905,Expressway,No Light,Dry,>30 min
R3906,3906,City Road,Street Light,Wet,20-30 min
R3907,3907,Rural Road,Street Light,Under Construction,10-20 min
R3908,3908,Highway,No Light,Wet,10-20 min
R3909,3909,Expressway,Daylight,Wet,20-30 min
R3910,3910,Rural Road,Dim Light,Under Construction,>30 min
R3911,3911,City Road,Daylight,Wet,20-30 min
R3912,3912,Expressway,No Light,Wet,10-20 min
R3913,3913,City Road,Dim Light,Wet,<10 min
R3914,3914,Rural Road,Dim Light,Under Construction,>30 min
R3915,3915,Rural Road,No Light,Dry,20-30 min
R3916,3916,City Road,Daylight,Wet,>30 min
R3917,3917,Rural Road,Dim Light,Under Construction,>30 min
R3918,3918,Rural Road,No Light,Under Construction,>30 min
R3919,3919,Expressway,Dim Light,Under Construction,10-20 min
R3920,3920,Highway,Street Light,Damaged,>30 min
R3921,3921,Rural Road,Dim Light,Damaged,<10 min
R3922,3922,Highway,Street Light,Under Construction,>30 min
R3923,3923,City Road,Daylight,Damaged,20-30 min
R3924,3924,Rural Road,Dim Light,Dry,20-30 min
R3925,3925,Highway,No Light,Damaged,20-30 min
R3926,3926,Expressway,Dim Light,Under Construction,>30 min
R3927,3927,Expressway,No Light,Wet,10-20 min
R3928,3928,Expressway,Street Light,Under Construction,10-20 min
R3929,3929,Expressway,No Light,Wet,10-20 min
R3930,3930,City Road,Dim Light,Damaged,>30 min
R3931,3931,City Road,Dim Light,Wet,>30 min
R3932,3932,Rural Road,Street Light,Under Construction,10-20 min
R3933,3933,Highway,No Light,Damaged,>30 min
R3934,3934,Expressway,Daylight,Under Construction,<10 min
R3935,3935,Expressway,Dim Light,Wet,20-30 min
R3936,3936,Expressway,No Light,Wet,20-30 min
R3937,3937,Highway,Daylight,Under Construction,>30 min
R3938,3938,Highway,Daylight,Dry,<10 min
R3939,3939,Expressway,Street Light,Damaged,>30 min
R3940,3940,City Road,Street Light,Damaged,<10 min
R3941,3941,Highway,Street Light,Dry,>30 min
R3942,3942,Highway,No Light,Damaged,20-30 min
R3943,3943,Highway,Dim Light,Damaged,20-30 min
R3944,3944,City Road,Street Light,Damaged,>30 min
R3945,3945,Rural Road,No Light,Dry,10-20 min
R3946,3946,City Road,Daylight,Dry,>30 min
R3947,3947,Rural Road,Dim Light,Damaged,<10 min
R3948,3948,Rural Road,Dim Light,Under Construction,<10 min
R3949,3949,Highway,Street Light,Damaged,>30 min
R3950,3950,Highway,No Light,Under Construction,20-30 min
R3951,3951,Expressway,Dim Light,Under Construction,10-20 min
R3952,3952,Expressway,Street Light,Damaged,20-30 min
R3953,3953,City Road,No Light,Dry,20-30 min
R3954,3954,Expressway,Dim Light,Wet,10-20 min
R3955,3955,Rural Road,No Light,Damaged,<10 min
R3956,3956,Rural Road,Daylight,Under Construction,<10 min
R3957,3957,City Road,Street Light,Damaged,>30 min
R3958,3958,Rural Road,Dim Light,Under Construction,>30 min
R3959,3959,City Road,Dim Light,Dry,>30 min
R3960,3960,City Road,Dim Light,Wet,20-30 min
R3961,3961,City Road,No Light,Wet,<10 min
R3962,3962,Expressway,Dim Light,Under Construction,20-30 min
R3963,3963,Rural Road,Street Light,Wet,10-20 min
R3964,3964,City Road,Street Light,Damaged,<10 min
R3965,3965,Expressway,Street Light,Dry,10-20 min
R3966,3966,Highway,Dim Light,Under Construction,20-30 min
R3967,3967,Expressway,Daylight,Damaged,>30 min
R3968,3968,Expressway,Daylight,Under Construction,<10 min
R3969,3969,Rural Road,No Light,Wet,10-20 min
R3970,3970,City Road,Daylight,Dry,<10 min
R3971,3971,Expressway,No Light,Wet,10-20 min
R3972,3972,City Road,No Light,Wet,<10 min
R3973,3973,Highway,No Light,Dry,>30 min
R3974,3974,Expressway,Dim Light,Under Construction,10-20 min
R3975,3975,City Road,Street Light,Damaged,<10 min
R3976,3976,City Road,Street Light,Dry,20-30 min
R3977,3977,City Road,Street Light,Damaged,10-20 min
R3978,3978,City Road,Street Light,Wet,>30 min
R3979,3979,Expressway,Street Light,Damaged,20-30 min
R3980,3980,Highway,Street Light,Under Construction,>30 min
R3981,3981,Rural Road,No Light,Damaged,10-20 min
R3982,3982,Expressway,Street Light,Dry,>30 min
R3983,3983,Highway,No Light,Dry,10-20 min
R3984,3984,Expressway,Dim Light,Wet,20-30 min
R3985,3985,Expressway,Dim Light,Dry,<10 min
R3986,3986,Rural Road,Daylight,Under Construction,<10 min
R3987,3987,City Road,Dim Light,Wet,20-30 min
R3988,3988,City Road,Daylight,Dry,<10 min
R3989,3989,Highway,Street Light,Damaged,10-20 min
R3990,3990,Highway,No Light,Damaged,10-20 min
R3991,3991,City Road,Daylight,Damaged,20-30 min
R3992,3992,Expressway,No Light,Wet,10-20 min
R3993,3993,Rural Road,Dim Light,Under Construction,20-30 min
R3994,3994,Expressway,No Light,Under Construction,>30 min
R3995,3995,Expressway,Street Light,Dry,<10 min
R3996,3996,Rural Road,Street Light,Damaged,20-30 min
R3997,3997,Rural Road,Daylight,Under Construction,>30 min
R3998,3998,Highway,Daylight,Wet,10-20 min
R3999,3999,Expressway,Daylight,Wet,20-30 min
R4000,4000,City Road,Daylight,Damaged,>30 min
R4001,4001,Rural Road,No Light,Dry,20-30 min
R4002,4002,City Road,No Light,Under Construction,10-20 min
R4003,4003,Rural Road,Street Light,Dry,<10 min
R4004,4004,City Road,Daylight,Under Construction,<10 min
R4005,4005,Expressway,Street Light,Under Construction,10-20 min
R4006,4006,City Road,Daylight,Damaged,<10 min
R4007,4007,Rural Road,No Light,Wet,20-30 min
R4008,4008,Rural Road,No Light,Wet,20-30 min
R4009,4009,Rural Road,Daylight,Under Construction,<10 min
R4010,4010,City Road,No Light,Damaged,<10 min
R4011,4011,Expressway,Street Light,Damaged,20-30 min
R4012,4012,Expressway,Dim Light,Under Construction,>30 min
R4013,4013,Highway,Street Light,Under Construction,>30 min
R4014,4014,Highway,Dim Light,Under Construction,<10 min
R4015,4015,City Road,No Light,Wet,<10 min
R4016,4016,Highway,Street Light,Damaged,10-20 min
R4017,4017,Rural Road,Daylight,Dry,<10 min
R4018,4018,Expressway,Dim Light,Wet,20-30 min
R4019,4019,Rural Road,Dim Light,Dry,<10 min
R4020,4020,Expressway,No Light,Under Construction,10-20 min
R4021,4021,Highway,Street Light,Damaged,20-30 min
R4022,4022,Highway,Dim Light,Dry,>30 min
R4023,4023,Rural Road,Street Light,Damaged,20-30 min
R4024,4024,Highway,Dim Light,Under Construction,20-30 min
R4025,4025,Rural Road,Street Light,Wet,20-30 min
R4026,4026,City Road,Daylight,Dry,>30 min
R4027,4027,Highway,No Light,Dry,<10 min
R4028,4028,Rural Road,Daylight,Dry,10-20 min
R4029,4029,City Road,Street Light,Wet,20-30 min
R4030,4030,Expressway,Street Light,Dry,>30 min
R4031,4031,Rural Road,No Light,Damaged,<10 min
R4032,4032,City Road,Dim Light,Dry,>30 min
R4033,4033,Rural Road,No Light,Under Construction,>30 min
R4034,4034,City Road,Street Light,Dry,<10 min
R4035,4035,Rural Road,Dim Light,Under Construction,<10 min
R4036,4036,Highway,No Light,Damaged,<10 min
R4037,4037,City Road,Street Light,Dry,10-20 min
R4038,4038,Highway,Street Light,Dry,10-20 min
R4039,4039,Highway,Dim Light,Dry,10-20 min
R4040,4040,Rural Road,Dim Light,Under Construction,<10 min
R4041,4041,City Road,No Light,Dry,10-20 min
R4042,4042,Expressway,Street Light,Dry,10-20 min
R4043,4043,Rural Road,Daylight,Dry,>30 min
R4044,4044,City Road,Dim Light,Under Construction,<10 min
R4045,4045,Rural Road,No Light,Damaged,>30 min
R4046,4046,Rural Road,Street Light,Wet,<10 min
R4047,4047,Highway,Daylight,Dry,>30 min
R4048,4048,Rural Road,Street Light,Dry,20-30 min
R4049,4049,Rural Road,No Light,Under Construction,20-30 min
R4050,4050,Rural Road,Daylight,Damaged,>30 min
R4051,4051,Highway,No Light,Wet,<10 min
R4052,4052,Highway,Daylight,Wet,20-30 min
R4053,4053,Highway,No Light,Under Construction,20-30 min
R4054,4054,Expressway,Dim Light,Under Construction,>30 min
R4055,4055,Expressway,No Light,Dry,10-20 min
R4056,4056,Expressway,Dim Light,Damaged,10-20 min
R4057,4057,City Road,Daylight,Wet,>30 min
R4058,4058,City Road,No Light,Damaged,20-30 min
R4059,4059,Highway,No Light,Damaged,<10 min
R4060,4060,Expressway,Dim Light,Under Construction,10-20 min
R4061,4061,Expressway,Street Light,Wet,>30 min
R4062,4062,Expressway,Street Light,Wet,20-30 min
R4063,4063,City Road,Daylight,Damaged,>30 min
R4064,4064,City Road,Dim Light,Wet,10-20 min
R4065,4065,Rural Road,Daylight,Dry,>30 min
R4066,4066,City Road,Street Light,Dry,<10 min
R4067,4067,Rural Road,Dim Light,Dry,10-20 min
R4068,4068,Highway,Dim Light,Under Construction,20-30 min
R4069,4069,City Road,Street Light,Wet,>30 min
R4070,4070,Highway,Daylight,Wet,20-30 min
R4071,4071,City Road,Street Light,Damaged,<10 min
R4072,4072,Highway,Daylight,Dry,<10 min
R4073,4073,Rural Road,Street Light,Wet,<10 min
R4074,4074,Highway,Street Light,Dry,20-30 min
R4075,4075,Rural Road,Street Light,Dry,>30 min
R4076,4076,Expressway,No Light,Under Construction,<10 min
R4077,4077,City Road,Street Light,Damaged,20-30 min
R4078,4078,Expressway,Dim Light,Under Construction,10-20 min
R4079,4079,Highway,Daylight,Under Construction,>30 min
R4080,4080,Expressway,Daylight,Dry,20-30 min
R4081,4081,City Road,No Light,Damaged,10-20 min
R4082,4082,Rural Road,Dim Light,Damaged,20-30 min
R4083,4083,Expressway,Dim Light,Dry,>30 min
R4084,4084,Rural Road,Daylight,Wet,10-20 min
R4085,4085,Rural Road,Street Light,Under Construction,20-30 min
R4086,4086,Rural Road,Dim Light,Under Construction,10-20 min
R4087,4087,City Road,Dim Light,Under Construction,<10 min
R4088,4088,Highway,No Light,Damaged,20-30 min
R4089,4089,City Road,Daylight,Damaged,>30 min
R4090,4090,Rural Road,Street Light,Dry,10-20 min
R4091,4091,Highway,Dim Light,Damaged,<10 min
R4092,4092,Rural Road,Dim Light,Under Construction,20-30 min
R4093,4093,Expressway,No Light,Wet,20-30 min
R4094,4094,Highway,Street Light,Dry,20-30 min
R4095,4095,City Road,Street Light,Wet,<10 min
R4096,4096,City Road,No Light,Damaged,20-30 min
R4097,4097,Rural Road,Street Light,Damaged,20-30 min
R4098,4098,City Road,Street Light,Wet,>30 min
R4099,4099,Rural Road,Street Light,Wet,<10 min
R4100,4100,Rural Road,Street Light,Wet,<10 min
R4101,4101,City Road,No Light,Dry,>30 min
R4102,4102,City Road,Daylight,Dry,20-30 min
R4103,4103,Expressway,Street Light,Under Construction,>30 min
R4104,4104,Expressway,Dim Light,Under Construction,10-20 min
R4105,4105,City Road,Daylight,Damaged,20-30 min
R4106,4106,City Road,Daylight,Damaged,10-20 min
R4107,4107,Rural Road,Daylight,Dry,20-30 min
R4108,4108,Expressway,Dim Light,Wet,20-30 min
R4109,4109,Highway,Dim Light,Under Construction,>30 min
R4110,4110,Expressway,Street Light,Wet,>30 min
R4111,4111,City Road,No Light,Damaged,<10 min
R4112,4112,Highway,No Light,Dry,>30 min
R4113,4113,Rural Road,Dim Light,Wet,>30 min
R4114,4114,Expressway,Daylight,Damaged,>30 min
R4115,4115,Rural Road,Daylight,Under Construction,<10 min
R4116,4116,Expressway,Street Light,Under Construction,10-20 min
R4117,4117,Highway,Dim Light,Dry,10-20 min
R4118,4118,Highway,Dim Light,Damaged,<10 min
R4119,4119,Rural Road,Daylight,Wet,>30 min
R4120,4120,Highway,Street Light,Damaged,>30 min
R4121,4121,City Road,Daylight,Dry,20-30 min
R4122,4122,Highway,Daylight,Dry,>30 min
R4123,4123,Rural Road,Dim Light,Under Construction,20-30 min
R4124,4124,Highway,No Light,Under Construction,>30 min
R4125,4125,City Road,No Light,Wet,>30 min
R4126,4126,Expressway,Daylight,Dry,<10 min
R4127,4127,Expressway,Street Light,Wet,10-20 min
R4128,4128,Rural Road,Daylight,Wet,20-30 min
R4129,4129,Rural Road,Street Light,Wet,20-30 min
R4130,4130,Rural Road,Daylight,Dry,<10 min
R4131,4131,Highway,No Light,Dry,<10 min
R4132,4132,Highway,No Light,Dry,<10 min
R4133,4133,City Road,No Light,Damaged,10-20 min
R4134,4134,Highway,Street Light,Damaged,<10 min
R4135,4135,Expressway,Dim Light,Dry,10-20 min
R4136,4136,Highway,Street Light,Damaged,>30 min
R4137,4137,Expressway,Street Light,Under Construction,20-30 min
R4138,4138,Rural Road,Street Light,Damaged,<10 min
R4139,4139,Highway,Dim Light,Under Construction,<10 min
R4140,4140,Expressway,Daylight,Wet,20-30 min
R4141,4141,Expressway,Dim Light,Damaged,10-20 min
R4142,4142,Expressway,No Light,Under Construction,20-30 min
R4143,4143,Highway,No Light,Wet,10-20 min
R4144,4144,Highway,Daylight,Under Construction,20-30 min
R4145,4145,Expressway,Dim Light,Damaged,20-30 min
R4146,4146,Expressway,No Light,Damaged,<10 min
R4147,4147,City Road,No Light,Damaged,<10 min
R4148,4148,Rural Road,Daylight,Damaged,20-30 min
R4149,4149,Expressway,Daylight,Damaged,20-30 min
R4150,4150,Expressway,Dim Light,Wet,10-20 min
R4151,4151,Highway,Daylight,Under Construction,10-20 min
R4152,4152,Rural Road,No Light,Wet,20-30 min
R4153,4153,Rural Road,Dim Light,Damaged,>30 min
R4154,4154,City Road,No Light,Under Construction,20-30 min
R4155,4155,Rural Road,Dim Light,Dry,20-30 min
R4156,4156,Expressway,Street Light,Dry,20-30 min
R4157,4157,Rural Road,Dim Light,Dry,>30 min
R4158,4158,City Road,Street Light,Wet,20-30 min
R4159,4159,City Road,Daylight,Dry,20-30 min
R4160,4160,Rural Road,Street Light,Under Construction,<10 min
R4161,4161,Highway,Street Light,Wet,20-30 min
R4162,4162,Highway,No Light,Under Construction,<10 min
R4163,4163,Expressway,No Light,Dry,<10 min
R4164,4164,City Road,Dim Light,Dry,>30 min
R4165,4165,City Road,Dim Light,Wet,10-20 min
R4166,4166,Rural Road,Daylight,Dry,>30 min
R4167,4167,Rural Road,No Light,Under Construction,<10 min
R4168,4168,Expressway,Daylight,Dry,<10 min
R4169,4169,City Road,No Light,Wet,10-20 min
R4170,4170,Highway,Dim Light,Under Construction,20-30 min
R4171,4171,Rural Road,No Light,Damaged,<10 min
R4172,4172,Expressway,Street Light,Wet,>30 min
R4173,4173,Expressway,Daylight,Wet,<10 min
R4174,4174,Rural Road,Street Light,Dry,10-20 min
R4175,4175,Expressway,Street Light,Under Construction,>30 min
R4176,4176,Expressway,Daylight,Damaged,10-20 min
R4177,4177,Rural Road,Daylight,Wet,10-20 min
R4178,4178,City Road,No Light,Under Construction,20-30 min
R4179,4179,Rural Road,Daylight,Under Construction,20-30 min
R4180,4180,City Road,Street Light,Wet,10-20 min
R4181,4181,Highway,Street Light,Dry,10-20 min
R4182,4182,Expressway,No Light,Damaged,>30 min
R4183,4183,Highway,Dim Light,Damaged,<10 min
R4184,4184,Expressway,Dim Light,Wet,>30 min
R4185,4185,City Road,Dim Light,Dry,<10 min
R4186,4186,Rural Road,Street Light,Wet,<10 min
R4187,4187,Expressway,Dim Light,Wet,10-20 min
R4188,4188,Expressway,Street Light,Dry,<10 min
R4189,4189,Highway,Dim Light,Damaged,10-20 min
R4190,4190,Expressway,Daylight,Damaged,10-20 min
R4191,4191,Rural Road,Street Light,Wet,10-20 min
R4192,4192,City Road,Dim Light,Under Construction,>30 min
R4193,4193,Highway,Daylight,Dry,<10 min
R4194,4194,Rural Road,Daylight,Dry,10-20 min
R4195,4195,Expressway,Daylight,Dry,<10 min
R4196,4196,Rural Road,Street Light,Dry,10-20 min
R4197,4197,Expressway,Street Light,Dry,20-30 min
R4198,4198,City Road,Daylight,Dry,10-20 min
R4199,4199,City Road,No Light,Under Construction,20-30 min
R4200,4200,Rural Road,Dim Light,Damaged,10-20 min
R4201,4201,Expressway,No Light,Wet,>30 min
R4202,4202,Rural Road,Street Light,Under Construction,20-30 min
R4203,4203,Rural Road,Street Light,Under Construction,10-20 min
R4204,4204,Expressway,Dim Light,Wet,10-20 min
R4205,4205,City Road,Street Light,Dry,10-20 min
R4206,4206,City Road,No Light,Wet,20-30 min
R4207,4207,Expressway,Street Light,Under Construction,10-20 min
R4208,4208,City Road,Street Light,Damaged,20-30 min
R4209,4209,Expressway,Street Light,Wet,20-30 min
R4210,4210,Expressway,No Light,Dry,>30 min
R4211,4211,Expressway,Daylight,Under Construction,20-30 min
R4212,4212,Expressway,Daylight,Damaged,10-20 min
R4213,4213,Rural Road,Street Light,Dry,20-30 min
R4214,4214,Rural Road,No Light,Dry,20-30 min
R4215,4215,Rural Road,No Light,Wet,20-30 min
R4216,4216,Highway,Dim Light,Dry,20-30 min
R4217,4217,Highway,Daylight,Dry,20-30 min
R4218,4218,City Road,Daylight,Dry,20-30 min
R4219,4219,Highway,Street Light,Wet,<10 min
R4220,4220,Expressway,Daylight,Under Construction,>30 min
R4221,4221,Rural Road,Dim Light,Dry,10-20 min
R4222,4222,City Road,No Light,Under Construction,10-20 min
R4223,4223,Expressway,Dim Light,Wet,<10 min
R4224,4224,Expressway,Dim Light,Under Construction,>30 min
R4225,4225,Rural Road,Dim Light,Wet,10-20 min
R4226,4226,City Road,Dim Light,Damaged,>30 min
R4227,4227,Rural Road,Street Light,Wet,10-20 min
R4228,4228,Highway,No Light,Dry,20-30 min
R4229,4229,Expressway,Daylight,Wet,<10 min
R4230,4230,Rural Road,Dim Light,Under Construction,<10 min
R4231,4231,City Road,Daylight,Under Construction,>30 min
R4232,4232,Highway,Street Light,Damaged,<10 min
R4233,4233,City Road,Daylight,Under Construction,<10 min
R4234,4234,Expressway,Dim Light,Dry,10-20 min
R4235,4235,Rural Road,No Light,Damaged,>30 min
R4236,4236,Highway,Daylight,Wet,>30 min
R4237,4237,Highway,Street Light,Damaged,10-20 min
R4238,4238,City Road,Daylight,Under Construction,<10 min
R4239,4239,Rural Road,Dim Light,Wet,>30 min
R4240,4240,City Road,Daylight,Dry,<10 min
R4241,4241,Expressway,No Light,Dry,<10 min
R4242,4242,Rural Road,No Light,Damaged,10-20 min
R4243,4243,Expressway,Dim Light,Wet,10-20 min
R4244,4244,Highway,No Light,Wet,10-20 min
R4245,4245,Expressway,Street Light,Dry,>30 min
R4246,4246,Expressway,Daylight,Under Construction,10-20 min
R4247,4247,Highway,No Light,Damaged,>30 min
R4248,4248,Expressway,Street Light,Dry,>30 min
R4249,4249,Highway,Street Light,Under Construction,10-20 min
R4250,4250,Highway,Daylight,Dry,10-20 min
R4251,4251,Highway,Dim Light,Dry,20-30 min
R4252,4252,Expressway,Street Light,Under Construction,20-30 min
R4253,4253,Expressway,Street Light,Under Construction,10-20 min
R4254,4254,Expressway,Daylight,Damaged,<10 min
R4255,4255,Highway,Dim Light,Under Construction,<10 min
R4256,4256,Highway,No Light,Damaged,10-20 min
R4257,4257,City Road,Daylight,Damaged,20-30 min
R4258,4258,Rural Road,No Light,Damaged,10-20 min
R4259,4259,Rural Road,Dim Light,Dry,10-20 min
R4260,4260,City Road,No Light,Damaged,10-20 min
R4261,4261,Rural Road,Daylight,Wet,20-30 min
R4262,4262,Rural Road,Street Light,Wet,20-30 min
R4263,4263,City Road,Daylight,Under Construction,<10 min
R4264,4264,Rural Road,Dim Light,Damaged,10-20 min
R4265,4265,Rural Road,No Light,Wet,>30 min
R4266,4266,Highway,Daylight,Damaged,20-30 min
R4267,4267,Expressway,Daylight,Damaged,20-30 min
R4268,4268,Expressway,No Light,Dry,>30 min
R4269,4269,Expressway,Street Light,Dry,20-30 min
R4270,4270,Expressway,Daylight,Wet,>30 min
R4271,4271,City Road,Daylight,Dry,<10 min
R4272,4272,Rural Road,Daylight,Wet,<10 min
R4273,4273,Highway,Street Light,Dry,20-30 min
R4274,4274,Rural Road,Dim Light,Under Construction,20-30 min
R4275,4275,Highway,Dim Light,Dry,10-20 min
R4276,4276,Expressway,Dim Light,Wet,<10 min
R4277,4277,Highway,Dim Light,Wet,20-30 min
R4278,4278,City Road,Street Light,Damaged,>30 min
R4279,4279,Highway,Dim Light,Damaged,20-30 min
R4280,4280,Highway,No Light,Under Construction,20-30 min
R4281,4281,Highway,No Light,Wet,10-20 min
R4282,4282,Highway,Street Light,Damaged,10-20 min
R4283,4283,Highway,Street Light,Under Construction,20-30 min
R4284,4284,Rural Road,Street Light,Wet,20-30 min
R4285,4285,Expressway,Dim Light,Wet,<10 min
R4286,4286,Rural Road,Street Light,Dry,10-20 min
R4287,4287,Highway,Dim Light,Dry,20-30 min
R4288,4288,Expressway,Dim Light,Under Construction,20-30 min
R4289,4289,Rural Road,Daylight,Damaged,20-30 min
R4290,4290,Highway,Street Light,Under Construction,>30 min
R4291,4291,Highway,Daylight,Wet,10-20 min
R4292,4292,Highway,Street Light,Wet,20-30 min
R4293,4293,Rural Road,Dim Light,Damaged,20-30 min
R4294,4294,Expressway,Dim Light,Wet,10-20 min
R4295,4295,Expressway,No Light,Wet,10-20 min
R4296,4296,Rural Road,Daylight,Under Construction,>30 min
R4297,4297,Rural Road,Street Light,Under Construction,>30 min
R4298,4298,Highway,Dim Light,Dry,>30 min
R4299,4299,Rural Road,No Light,Damaged,20-30 min
R4300,4300,City Road,Daylight,Dry,20-30 min
R4301,4301,Highway,Dim Light,Damaged,>30 min
R4302,4302,Highway,No Light,Wet,20-30 min
R4303,4303,Expressway,No Light,Dry,10-20 min
R4304,4304,Highway,Street Light,Under Construction,>30 min
R4305,4305,Rural Road,Street Light,Wet,<10 min
R4306,4306,Highway,Dim Light,Wet,<10 min
R4307,4307,City Road,No Light,Dry,10-20 min
R4308,4308,Rural Road,No Light,Under Construction,<10 min
R4309,4309,Rural Road,Dim Light,Under Construction,10-20 min
R4310,4310,Rural Road,Daylight,Wet,<10 min
R4311,4311,Expressway,Dim Light,Dry,<10 min
R4312,4312,Rural Road,Street Light,Dry,10-20 min
R4313,4313,City Road,Dim Light,Wet,>30 min
R4314,4314,Rural Road,Street Light,Wet,<10 min
R4315,4315,City Road,Dim Light,Dry,>30 min
R4316,4316,Rural Road,Dim Light,Dry,10-20 min
R4317,4317,Expressway,No Light,Wet,<10 min
R4318,4318,Highway,Dim Light,Damaged,>30 min
R4319,4319,City Road,Daylight,Dry,>30 min
R4320,4320,City Road,No Light,Dry,>30 min
R4321,4321,City Road,Dim Light,Wet,>30 min
R4322,4322,Expressway,Street Light,Wet,>30 min
R4323,4323,Highway,Daylight,Damaged,>30 min
R4324,4324,Highway,Daylight,Wet,>30 min
R4325,4325,Rural Road,Street Light,Dry,10-20 min
R4326,4326,Highway,No Light,Under Construction,10-20 min
R4327,4327,Highway,Street Light,Dry,<10 min
R4328,4328,Rural Road,Street Light,Under Construction,<10 min
R4329,4329,Highway,Dim Light,Wet,20-30 min
R4330,4330,City Road,No Light,Under Construction,20-30 min
R4331,4331,City Road,No Light,Damaged,>30 min
R4332,4332,Rural Road,No Light,Wet,<10 min
R4333,4333,Highway,No Light,Under Construction,>30 min
R4334,4334,City Road,Street Light,Damaged,<10 min
R4335,4335,Expressway,Daylight,Under Construction,20-30 min
R4336,4336,Expressway,No Light,Dry,20-30 min
R4337,4337,Expressway,Dim Light,Under Construction,<10 min
R4338,4338,Highway,Dim Light,Dry,20-30 min
R4339,4339,Expressway,Daylight,Under Construction,<10 min
R4340,4340,Rural Road,No Light,Wet,20-30 min
R4341,4341,Rural Road,Dim Light,Dry,<10 min
R4342,4342,Expressway,No Light,Damaged,20-30 min
R4343,4343,Highway,Daylight,Dry,10-20 min
R4344,4344,Highway,Dim Light,Under Construction,<10 min
R4345,4345,City Road,Daylight,Wet,10-20 min
R4346,4346,Rural Road,No Light,Dry,>30 min
R4347,4347,Highway,Street Light,Damaged,<10 min
R4348,4348,Rural Road,Dim Light,Dry,>30 min
R4349,4349,City Road,Street Light,Under Construction,<10 min
R4350,4350,Rural Road,Dim Light,Damaged,>30 min
R4351,4351,Highway,No Light,Wet,>30 min
R4352,4352,Expressway,No Light,Wet,>30 min
R4353,4353,City Road,Dim Light,Wet,>30 min
R4354,4354,Rural Road,Daylight,Dry,20-30 min
R4355,4355,Highway,Daylight,Damaged,>30 min
R4356,4356,Highway,Dim Light,Damaged,<10 min
R4357,4357,Highway,No Light,Wet,20-30 min
R4358,4358,City Road,Dim Light,Damaged,20-30 min
R4359,4359,City Road,No Light,Damaged,<10 min
R4360,4360,Expressway,Street Light,Dry,10-20 min
R4361,4361,Expressway,Dim Light,Wet,10-20 min
R4362,4362,Highway,Daylight,Dry,20-30 min
R4363,4363,Highway,Dim Light,Wet,>30 min
R4364,4364,City Road,No Light,Wet,20-30 min
R4365,4365,Rural Road,No Light,Damaged,<10 min
R4366,4366,City Road,Dim Light,Dry,20-30 min
R4367,4367,Highway,Dim Light,Wet,10-20 min
R4368,4368,Highway,Street Light,Dry,<10 min
R4369,4369,Expressway,Street Light,Wet,10-20 min
R4370,4370,Expressway,Street Light,Under Construction,<10 min
R4371,4371,Highway,Dim Light,Under Construction,10-20 min
R4372,4372,Rural Road,Dim Light,Under Construction,10-20 min
R4373,4373,Expressway,Dim Light,Damaged,10-20 min
R4374,4374,Expressway,Dim Light,Dry,10-20 min
R4375,4375,Highway,Dim Light,Under Construction,10-20 min
R4376,4376,Rural Road,Dim Light,Dry,20-30 min
R4377,4377,Highway,No Light,Damaged,10-20 min
R4378,4378,City Road,Dim Light,Wet,>30 min
R4379,4379,Expressway,No Light,Under Construction,20-30 min
R4380,4380,Highway,No Light,Wet,10-20 min
R4381,4381,Highway,Dim Light,Under Construction,<10 min
R4382,4382,City Road,No Light,Under Construction,>30 min
R4383,4383,City Road,Street Light,Dry,<10 min
R4384,4384,City Road,Dim Light,Damaged,10-20 min
R4385,4385,Rural Road,Daylight,Under Construction,10-20 min
R4386,4386,Rural Road,Dim Light,Damaged,10-20 min
R4387,4387,Rural Road,Dim Light,Damaged,>30 min
R4388,4388,City Road,Street Light,Under Construction,>30 min
R4389,4389,City Road,Street Light,Wet,<10 min
R4390,4390,Rural Road,Dim Light,Under Construction,>30 min
R4391,4391,Expressway,Dim Light,Under Construction,20-30 min
R4392,4392,Highway,Daylight,Under Construction,20-30 min
R4393,4393,Expressway,Dim Light,Under Construction,20-30 min
R4394,4394,Highway,Dim Light,Wet,<10 min
R4395,4395,Highway,No Light,Wet,>30 min
R4396,4396,Rural Road,Street Light,Under Construction,>30 min
R4397,4397,City Road,Daylight,Under Construction,10-20 min
R4398,4398,Expressway,Street Light,Under Construction,>30 min
R4399,4399,Expressway,Street Light,Under Construction,20-30 min
R4400,4400,Highway,Dim Light,Wet,>30 min
R4401,4401,Highway,Street Light,Dry,10-20 min
R4402,4402,City Road,Dim Light,Damaged,10-20 min
R4403,4403,City Road,Dim Light,Wet,10-20 min
R4404,4404,Rural Road,Daylight,Under Construction,20-30 min
R4405,4405,Expressway,Daylight,Damaged,20-30 min
R4406,4406,Expressway,No Light,Under Construction,10-20 min
R4407,4407,City Road,Street Light,Under Construction,10-20 min
R4408,4408,Expressway,No Light,Damaged,>30 min
R4409,4409,City Road,Dim Light,Damaged,>30 min
R4410,4410,Highway,Dim Light,Damaged,<10 min
R4411,4411,Rural Road,Dim Light,Dry,10-20 min
R4412,4412,Highway,Dim Light,Under Construction,10-20 min
R4413,4413,Rural Road,Daylight,Dry,20-30 min
R4414,4414,Highway,Daylight,Wet,10-20 min
R4415,4415,City Road,Street Light,Dry,>30 min
R4416,4416,Highway,Daylight,Under Construction,20-30 min
R4417,4417,Expressway,No Light,Damaged,>30 min
R4418,4418,Rural Road,Daylight,Wet,20-30 min
R4419,4419,Expressway,Dim Light,Wet,>30 min
R4420,4420,City Road,No Light,Damaged,20-30 min
R4421,4421,Highway,Street Light,Dry,>30 min
R4422,4422,City Road,Dim Light,Wet,<10 min
R4423,4423,Rural Road,No Light,Wet,10-20 min
R4424,4424,Rural Road,Dim Light,Dry,10-20 min
R4425,4425,Highway,Dim Light,Wet,<10 min
R4426,4426,City Road,Street Light,Dry,20-30 min
R4427,4427,Expressway,Daylight,Wet,20-30 min
R4428,4428,Rural Road,No Light,Damaged,10-20 min
R4429,4429,City Road,Street Light,Under Construction,20-30 min
R4430,4430,Highway,Daylight,Wet,10-20 min
R4431,4431,Rural Road,No Light,Dry,10-20 min
R4432,4432,Rural Road,Dim Light,Dry,20-30 min
R4433,4433,City Road,Street Light,Dry,>30 min
R4434,4434,City Road,No Light,Under Construction,20-30 min
R4435,4435,Highway,Street Light,Dry,10-20 min
R4436,4436,City Road,Street Light,Under Construction,20-30 min
R4437,4437,Expressway,Street Light,Damaged,20-30 min
R4438,4438,City Road,Dim Light,Damaged,<10 min
R4439,4439,Rural Road,Daylight,Wet,20-30 min
R4440,4440,City Road,Daylight,Dry,10-20 min
R4441,4441,Rural Road,Dim Light,Dry,<10 min
R4442,4442,City Road,Dim Light,Wet,20-30 min
R4443,4443,City Road,Dim Light,Wet,<10 min
R4444,4444,Expressway,Dim Light,Dry,20-30 min
R4445,4445,Rural Road,Dim Light,Under Construction,>30 min
R4446,4446,Rural Road,Dim Light,Under Construction,20-30 min
R4447,4447,Highway,Daylight,Under Construction,>30 min
R4448,4448,City Road,Daylight,Damaged,>30 min
R4449,4449,Highway,Dim Light,Wet,20-30 min
R4450,4450,Expressway,Street Light,Under Construction,>30 min
R4451,4451,Rural Road,Street Light,Damaged,>30 min
R4452,4452,Highway,Street Light,Dry,20-30 min
R4453,4453,Rural Road,No Light,Under Construction,<10 min
R4454,4454,Rural Road,Dim Light,Under Construction,<10 min
R4455,4455,Highway,No Light,Damaged,<10 min
R4456,4456,Expressway,Dim Light,Under Construction,10-20 min
R4457,4457,Rural Road,No Light,Under Construction,<10 min
R4458,4458,Rural Road,Street Light,Damaged,<10 min
R4459,4459,Highway,No Light,Dry,10-20 min
R4460,4460,Expressway,No Light,Damaged,10-20 min
R4461,4461,Expressway,Dim Light,Dry,<10 min
R4462,4462,City Road,No Light,Dry,20-30 min
R4463,4463,Expressway,Street Light,Damaged,10-20 min
R4464,4464,Highway,Street Light,Damaged,20-30 min
R4465,4465,Expressway,Daylight,Under Construction,20-30 min
R4466,4466,Highway,Dim Light,Under Construction,20-30 min
R4467,4467,City Road,No Light,Damaged,<10 min
R4468,4468,Rural Road,Dim Light,Dry,>30 min
R4469,4469,Expressway,No Light,Under Construction,20-30 min
R4470,4470,City Road,No Light,Under Construction,<10 min
R4471,4471,Rural Road,Daylight,Under Construction,>30 min
R4472,4472,Rural Road,Street Light,Wet,10-20 min
R4473,4473,City Road,No Light,Damaged,10-20 min
R4474,4474,City Road,No Light,Wet,20-30 min
R4475,4475,Rural Road,Daylight,Dry,10-20 min
R4476,4476,Expressway,Street Light,Damaged,<10 min
R4477,4477,Highway,Dim Light,Wet,10-20 min
R4478,4478,Rural Road,Street Light,Damaged,>30 min
R4479,4479,Highway,No Light,Dry,<10 min
R4480,4480,Rural Road,Dim Light,Under Construction,>30 min
R4481,4481,Expressway,Dim Light,Under Construction,10-20 min
R4482,4482,Rural Road,No Light,Dry,10-20 min
R4483,4483,Highway,Dim Light,Damaged,10-20 min
R4484,4484,City Road,Dim Light,Under Construction,10-20 min
R4485,4485,Highway,Daylight,Damaged,<10 min
R4486,4486,Rural Road,No Light,Dry,<10 min
R4487,4487,Rural Road,Dim Light,Dry,>30 min
R4488,4488,Highway,Daylight,Under Construction,<10 min
R4489,4489,Expressway,Street Light,Wet,>30 min
R4490,4490,Highway,No Light,Dry,20-30 min
R4491,4491,Rural Road,Dim Light,Under Construction,20-30 min
R4492,4492,Rural Road,Street Light,Damaged,10-20 min
R4493,4493,Rural Road,Daylight,Dry,>30 min
R4494,4494,Expressway,Street Light,Under Construction,10-20 min
R4495,4495,Rural Road,Street Light,Dry,>30 min
R4496,4496,Highway,No Light,Dry,>30 min
R4497,4497,Rural Road,Street Light,Dry,20-30 min
R4498,4498,Expressway,Daylight,Damaged,20-30 min
R4499,4499,Rural Road,No Light,Damaged,<10 min
R4500,4500,City Road,Dim Light,Under Construction,<10 min
R4501,4501,Highway,Daylight,Under Construction,>30 min
R4502,4502,Highway,Dim Light,Damaged,20-30 min
R4503,4503,Expressway,Daylight,Dry,10-20 min
R4504,4504,City Road,Street Light,Under Construction,10-20 min
R4505,4505,City Road,Daylight,Dry,>30 min
R4506,4506,Highway,Dim Light,Dry,20-30 min
R4507,4507,Highway,Street Light,Under Construction,20-30 min
R4508,4508,Rural Road,Street Light,Under Construction,>30 min
R4509,4509,Highway,Dim Light,Dry,10-20 min
R4510,4510,Expressway,Dim Light,Under Construction,10-20 min
R4511,4511,Expressway,Street Light,Wet,20-30 min
R4512,4512,City Road,No Light,Under Construction,20-30 min
R4513,4513,Rural Road,Daylight,Wet,<10 min
R4514,4514,Rural Road,Dim Light,Damaged,10-20 min
R4515,4515,City Road,Street Light,Dry,10-20 min
R4516,4516,Expressway,No Light,Dry,<10 min
R4517,4517,City Road,Street Light,Wet,20-30 min
R4518,4518,Highway,Dim Light,Wet,20-30 min
R4519,4519,Highway,Daylight,Wet,20-30 min
R4520,4520,Rural Road,Daylight,Damaged,10-20 min
R4521,4521,Rural Road,Daylight,Damaged,<10 min
R4522,4522,City Road,Dim Light,Wet,10-20 min
R4523,4523,City Road,Dim Light,Under Construction,<10 min
R4524,4524,Highway,No Light,Damaged,<10 min
R4525,4525,Rural Road,Street Light,Dry,<10 min
R4526,4526,Expressway,Daylight,Under Construction,<10 min
R4527,4527,Expressway,No Light,Dry,10-20 min
R4528,4528,Highway,Daylight,Damaged,<10 min
R4529,4529,City Road,No Light,Wet,<10 min
R4530,4530,Expressway,No Light,Under Construction,<10 min
R4531,4531,City Road,No Light,Wet,<10 min
R4532,4532,City Road,Daylight,Under Construction,20-30 min
R4533,4533,Expressway,Dim Light,Under Construction,<10 min
R4534,4534,City Road,Street Light,Dry,>30 min
R4535,4535,City Road,Street Light,Dry,10-20 min
R4536,4536,Expressway,No Light,Damaged,>30 min
R4537,4537,Rural Road,Street Light,Dry,>30 min
R4538,4538,Rural Road,Dim Light,Dry,10-20 min
R4539,4539,Highway,Daylight,Wet,20-30 min
R4540,4540,Expressway,No Light,Dry,<10 min
R4541,4541,Rural Road,Dim Light,Under Construction,20-30 min
R4542,4542,City Road,Daylight,Wet,20-30 min
R4543,4543,Rural Road,Street Light,Under Construction,20-30 min
R4544,4544,Highway,Street Light,Damaged,10-20 min
R4545,4545,City Road,No Light,Wet,20-30 min
R4546,4546,City Road,Street Light,Damaged,10-20 min
R4547,4547,Highway,Daylight,Dry,<10 min
R4548,4548,City Road,Street Light,Dry,>30 min
R4549,4549,Expressway,Dim Light,Under Construction,<10 min
R4550,4550,Highway,Dim Light,Wet,<10 min
R4551,4551,City Road,Dim Light,Damaged,20-30 min
R4552,4552,Highway,Daylight,Damaged,<10 min
R4553,4553,Rural Road,Dim Light,Damaged,20-30 min
R4554,4554,Rural Road,Daylight,Dry,>30 min
R4555,4555,Rural Road,No Light,Wet,>30 min
R4556,4556,Highway,Daylight,Under Construction,20-30 min
R4557,4557,Expressway,Street Light,Damaged,<10 min
R4558,4558,Expressway,Dim Light,Dry,>30 min
R4559,4559,Highway,Daylight,Damaged,>30 min
R4560,4560,Highway,Dim Light,Dry,10-20 min
R4561,4561,Rural Road,Street Light,Damaged,10-20 min
R4562,4562,City Road,No Light,Damaged,>30 min
R4563,4563,Expressway,Street Light,Damaged,>30 min
R4564,4564,Highway,Street Light,Wet,>30 min
R4565,4565,City Road,No Light,Under Construction,<10 min
R4566,4566,Expressway,Street Light,Damaged,<10 min
R4567,4567,Rural Road,No Light,Damaged,20-30 min
R4568,4568,Highway,Dim Light,Dry,<10 min
R4569,4569,City Road,No Light,Damaged,10-20 min
R4570,4570,City Road,Daylight,Dry,10-20 min
R4571,4571,Expressway,No Light,Under Construction,10-20 min
R4572,4572,City Road,Street Light,Under Construction,10-20 min
R4573,4573,City Road,Street Light,Under Construction,10-20 min
R4574,4574,Highway,Dim Light,Wet,20-30 min
R4575,4575,City Road,No Light,Wet,20-30 min
R4576,4576,Expressway,No Light,Wet,10-20 min
R4577,4577,City Road,Street Light,Damaged,20-30 min
R4578,4578,Highway,Street Light,Dry,<10 min
R4579,4579,Expressway,No Light,Damaged,10-20 min
R4580,4580,Rural Road,Daylight,Dry,20-30 min
R4581,4581,Rural Road,Dim Light,Damaged,20-30 min
R4582,4582,Highway,Daylight,Dry,10-20 min
R4583,4583,Highway,No Light,Under Construction,20-30 min
R4584,4584,Rural Road,Dim Light,Wet,20-30 min
R4585,4585,Highway,Dim Light,Wet,>30 min
R4586,4586,Expressway,Daylight,Damaged,<10 min
R4587,4587,Highway,No Light,Under Construction,10-20 min
R4588,4588,City Road,Dim Light,Under Construction,<10 min
R4589,4589,City Road,Dim Light,Under Construction,20-30 min
R4590,4590,Highway,Street Light,Wet,20-30 min
R4591,4591,Rural Road,Daylight,Damaged,20-30 min
R4592,4592,Expressway,Dim Light,Under Construction,20-30 min
R4593,4593,City Road,Dim Light,Dry,<10 min
R4594,4594,Rural Road,Daylight,Wet,20-30 min
R4595,4595,Highway,Dim Light,Wet,10-20 min
R4596,4596,Highway,Street Light,Dry,>30 min
R4597,4597,Rural Road,Daylight,Wet,20-30 min
R4598,4598,Expressway,Dim Light,Wet,10-20 min
R4599,4599,Expressway,Street Light,Wet,<10 min
R4600,4600,Expressway,Daylight,Damaged,>30 min
R4601,4601,Rural Road,No Light,Damaged,<10 min
R4602,4602,Highway,Dim Light,Wet,>30 min
R4603,4603,Highway,Street Light,Under Construction,10-20 min
R4604,4604,Expressway,Dim Light,Dry,>30 min
R4605,4605,Expressway,Dim Light,Under Construction,10-20 min
R4606,4606,Highway,No Light,Under Construction,20-30 min
R4607,4607,City Road,Dim Light,Dry,10-20 min
R4608,4608,Highway,Daylight,Damaged,<10 min
R4609,4609,City Road,Dim Light,Under Construction,<10 min
R4610,4610,Rural Road,Dim Light,Dry,20-30 min
R4611,4611,City Road,Daylight,Damaged,20-30 min
R4612,4612,City Road,Street Light,Dry,>30 min
R4613,4613,City Road,Street Light,Dry,10-20 min
R4614,4614,Rural Road,Dim Light,Wet,>30 min
R4615,4615,Rural Road,Daylight,Wet,20-30 min
R4616,4616,City Road,No Light,Dry,>30 min
R4617,4617,Rural Road,No Light,Dry,20-30 min
R4618,4618,City Road,No Light,Wet,10-20 min
R4619,4619,Highway,Daylight,Under Construction,>30 min
R4620,4620,City Road,No Light,Damaged,10-20 min
R4621,4621,Highway,Street Light,Wet,10-20 min
R4622,4622,Expressway,Dim Light,Under Construction,20-30 min
R4623,4623,Expressway,Daylight,Under Construction,>30 min
R4624,4624,City Road,Daylight,Damaged,>30 min
R4625,4625,City Road,Daylight,Wet,<10 min
R4626,4626,Highway,Dim Light,Damaged,>30 min
R4627,4627,Rural Road,Dim Light,Under Construction,10-20 min
R4628,4628,Highway,Daylight,Under Construction,10-20 min
R4629,4629,Rural Road,No Light,Damaged,20-30 min
R4630,4630,City Road,Street Light,Damaged,<10 min
R4631,4631,Rural Road,No Light,Under Construction,20-30 min
R4632,4632,Expressway,Daylight,Wet,10-20 min
R4633,4633,City Road,Dim Light,Dry,>30 min
R4634,4634,City Road,Daylight,Wet,>30 min
R4635,4635,City Road,Daylight,Dry,>30 min
R4636,4636,Rural Road,Street Light,Wet,20-30 min
R4637,4637,Rural Road,Street Light,Damaged,>30 min
R4638,4638,Highway,No Light,Wet,20-30 min
R4639,4639,Highway,Dim Light,Under Construction,<10 min
R4640,4640,Highway,Street Light,Under Construction,<10 min
R4641,4641,Rural Road,Daylight,Wet,10-20 min
R4642,4642,Expressway,Dim Light,Dry,10-20 min
R4643,4643,City Road,Daylight,Under Construction,10-20 min
R4644,4644,Rural Road,Daylight,Dry,20-30 min
R4645,4645,Rural Road,No Light,Dry,>30 min
R4646,4646,City Road,Dim Light,Wet,<10 min
R4647,4647,Highway,No Light,Wet,10-20 min
R4648,4648,Highway,Dim Light,Damaged,10-20 min
R4649,4649,Highway,Daylight,Wet,20-30 min
R4650,4650,Highway,Dim Light,Wet,20-30 min
R4651,4651,Rural Road,No Light,Dry,<10 min
R4652,4652,Highway,No Light,Dry,10-20 min
R4653,4653,Highway,Daylight,Damaged,10-20 min
R4654,4654,Rural Road,Street Light,Damaged,10-20 min
R4655,4655,Rural Road,Daylight,Under Construction,10-20 min
R4656,4656,City Road,Street Light,Wet,10-20 min
R4657,4657,Expressway,Street Light,Damaged,20-30 min
R4658,4658,Highway,Dim Light,Dry,10-20 min
R4659,4659,Expressway,Dim Light,Wet,>30 min
R4660,4660,Rural Road,Daylight,Under Construction,>30 min
R4661,4661,Highway,Dim Light,Dry,>30 min
R4662,4662,City Road,Dim Light,Wet,>30 min
R4663,4663,Expressway,Street Light,Wet,>30 min
R4664,4664,Expressway,Dim Light,Damaged,<10 min
R4665,4665,City Road,No Light,Wet,<10 min
R4666,4666,Highway,Dim Light,Wet,10-20 min
R4667,4667,Expressway,No Light,Damaged,20-30 min
R4668,4668,Expressway,No Light,Dry,10-20 min
R4669,4669,City Road,Daylight,Under Construction,10-20 min
R4670,4670,Highway,Dim Light,Damaged,20-30 min
R4671,4671,Highway,Street Light,Under Construction,>30 min
R4672,4672,City Road,No Light,Under Construction,<10 min
R4673,4673,City Road,Dim Light,Under Construction,20-30 min
R4674,4674,City Road,Dim Light,Damaged,10-20 min
R4675,4675,City Road,Street Light,Dry,20-30 min
R4676,4676,Highway,Street Light,Damaged,10-20 min
R4677,4677,Expressway,Daylight,Under Construction,20-30 min
R4678,4678,Rural Road,No Light,Dry,10-20 min
R4679,4679,Expressway,Street Light,Damaged,10-20 min
R4680,4680,Rural Road,No Light,Wet,10-20 min
R4681,4681,Highway,No Light,Wet,>30 min
R4682,4682,Rural Road,Daylight,Damaged,20-30 min
R4683,4683,Rural Road,Dim Light,Under Construction,10-20 min
R4684,4684,Highway,Dim Light,Damaged,>30 min
R4685,4685,Rural Road,Street Light,Under Construction,20-30 min
R4686,4686,Highway,Dim Light,Dry,<10 min
R4687,4687,Rural Road,No Light,Damaged,>30 min
R4688,4688,City Road,No Light,Damaged,<10 min
R4689,4689,Expressway,Daylight,Damaged,20-30 min
R4690,4690,Highway,Daylight,Dry,>30 min
R4691,4691,Rural Road,Street Light,Damaged,>30 min
R4692,4692,Highway,Daylight,Wet,10-20 min
R4693,4693,Expressway,Daylight,Under Construction,<10 min
R4694,4694,City Road,Dim Light,Wet,>30 min
R4695,4695,City Road,Street Light,Wet,10-20 min
R4696,4696,Expressway,Daylight,Dry,<10 min
R4697,4697,Highway,Daylight,Damaged,10-20 min
R4698,4698,Expressway,Daylight,Under Construction,10-20 min
R4699,4699,Expressway,Street Light,Wet,10-20 min
R4700,4700,City Road,No Light,Wet,10-20 min
R4701,4701,Highway,Street Light,Dry,10-20 min
R4702,4702,Rural Road,Daylight,Under Construction,>30 min
R4703,4703,Highway,Dim Light,Dry,20-30 min
R4704,4704,Rural Road,Street Light,Wet,<10 min
R4705,4705,Expressway,Dim Light,Under Construction,10-20 min
R4706,4706,Rural Road,Street Light,Under Construction,10-20 min
R4707,4707,Rural Road,Daylight,Under Construction,10-20 min
R4708,4708,Highway,Daylight,Dry,20-30 min
R4709,4709,City Road,Dim Light,Wet,20-30 min
R4710,4710,City Road,Daylight,Damaged,10-20 min
R4711,4711,Highway,Daylight,Under Construction,10-20 min
R4712,4712,Expressway,Street Light,Wet,10-20 min
R4713,4713,Rural Road,No Light,Damaged,10-20 min
R4714,4714,Expressway,No Light,Under Construction,<10 min
R4715,4715,Rural Road,No Light,Damaged,10-20 min
R4716,4716,Highway,Street Light,Damaged,20-30 min
R4717,4717,Highway,Daylight,Damaged,<10 min
R4718,4718,Rural Road,No Light,Dry,20-30 min
R4719,4719,Expressway,No Light,Damaged,>30 min
R4720,4720,Highway,Street Light,Damaged,>30 min
R4721,4721,Highway,Daylight,Wet,10-20 min
R4722,4722,City Road,Street Light,Under Construction,20-30 min
R4723,4723,Highway,No Light,Dry,>30 min
R4724,4724,Rural Road,Daylight,Under Construction,10-20 min
R4725,4725,Expressway,No Light,Dry,20-30 min
R4726,4726,Expressway,Street Light,Damaged,20-30 min
R4727,4727,City Road,No Light,Damaged,10-20 min
R4728,4728,Expressway,Street Light,Wet,10-20 min
R4729,4729,Expressway,Dim Light,Damaged,20-30 min
R4730,4730,Highway,Dim Light,Wet,>30 min
R4731,4731,City Road,No Light,Dry,<10 min
R4732,4732,Expressway,Dim Light,Wet,<10 min
R4733,4733,City Road,Dim Light,Under Construction,>30 min
R4734,4734,Rural Road,Dim Light,Damaged,>30 min
R4735,4735,City Road,Daylight,Damaged,>30 min
R4736,4736,Expressway,No Light,Under Construction,10-20 min
R4737,4737,Rural Road,No Light,Dry,<10 min
R4738,4738,City Road,Street Light,Wet,20-30 min
R4739,4739,City Road,No Light,Damaged,>30 min
R4740,4740,Rural Road,No Light,Damaged,>30 min
R4741,4741,Rural Road,Daylight,Dry,<10 min
R4742,4742,Highway,Daylight,Dry,20-30 min
R4743,4743,Expressway,Street Light,Dry,10-20 min
R4744,4744,Expressway,Street Light,Under Construction,<10 min
R4745,4745,City Road,Street Light,Damaged,10-20 min
R4746,4746,Rural Road,Dim Light,Dry,>30 min
R4747,4747,City Road,Street Light,Under Construction,20-30 min
R4748,4748,Expressway,Dim Light,Dry,10-20 min
R4749,4749,Expressway,No Light,Wet,<10 min
R4750,4750,Rural Road,Daylight,Under Construction,>30 min
R4751,4751,Rural Road,No Light,Under Construction,<10 min
R4752,4752,Rural Road,No Light,Damaged,<10 min
R4753,4753,Expressway,Dim Light,Damaged,10-20 min
R4754,4754,City Road,Daylight,Wet,10-20 min
R4755,4755,Rural Road,Dim Light,Dry,<10 min
R4756,4756,Rural Road,Street Light,Damaged,>30 min
R4757,4757,Highway,Daylight,Damaged,>30 min
R4758,4758,City Road,Daylight,Damaged,10-20 min
R4759,4759,Rural Road,Dim Light,Under Construction,>30 min
R4760,4760,Expressway,Daylight,Damaged,10-20 min
R4761,4761,Highway,Dim Light,Under Construction,>30 min
R4762,4762,Highway,Dim Light,Under Construction,20-30 min
R4763,4763,Expressway,Dim Light,Under Construction,20-30 min
R4764,4764,Expressway,Daylight,Dry,>30 min
R4765,4765,City Road,No Light,Damaged,<10 min
R4766,4766,Expressway,Daylight,Damaged,10-20 min
R4767,4767,City Road,Dim Light,Damaged,10-20 min
R4768,4768,Expressway,No Light,Dry,>30 min
R4769,4769,Highway,Dim Light,Under Construction,20-30 min
R4770,4770,City Road,Daylight,Under Construction,>30 min
R4771,4771,City Road,No Light,Dry,20-30 min
R4772,4772,City Road,No Light,Under Construction,10-20 min
R4773,4773,City Road,No Light,Wet,20-30 min
R4774,4774,City Road,Daylight,Under Construction,10-20 min
R4775,4775,Rural Road,Street Light,Under Construction,<10 min
R4776,4776,Highway,Street Light,Under Construction,<10 min
R4777,4777,Highway,Daylight,Damaged,>30 min
R4778,4778,Expressway,Daylight,Dry,20-30 min
R4779,4779,Highway,Dim Light,Wet,10-20 min
R4780,4780,Expressway,Daylight,Damaged,10-20 min
R4781,4781,City Road,Daylight,Wet,<10 min
R4782,4782,City Road,No Light,Damaged,20-30 min
R4783,4783,Rural Road,Street Light,Damaged,20-30 min
R4784,4784,Expressway,No Light,Dry,>30 min
R4785,4785,Highway,Daylight,Under Construction,>30 min
R4786,4786,Highway,No Light,Under Construction,>30 min
R4787,4787,Highway,Street Light,Damaged,10-20 min
R4788,4788,Rural Road,Street Light,Under Construction,10-20 min
R4789,4789,Rural Road,Street Light,Under Construction,>30 min
R4790,4790,Expressway,Dim Light,Damaged,<10 min
R4791,4791,Highway,Daylight,Dry,20-30 min
R4792,4792,Expressway,Daylight,Under Construction,<10 min
R4793,4793,City Road,No Light,Dry,10-20 min
R4794,4794,Highway,No Light,Dry,>30 min
R4795,4795,Expressway,Daylight,Damaged,>30 min
R4796,4796,Highway,Dim Light,Damaged,>30 min
R4797,4797,City Road,Street Light,Under Construction,<10 min
R4798,4798,Rural Road,Daylight,Wet,>30 min
R4799,4799,Expressway,Dim Light,Dry,>30 min
R4800,4800,Expressway,Street Light,Under Construction,20-30 min
R4801,4801,Rural Road,Dim Light,Under Construction,<10 min
R4802,4802,City Road,Street Light,Wet,<10 min
R4803,4803,Rural Road,Street Light,Damaged,20-30 min
R4804,4804,Highway,Daylight,Under Construction,>30 min
R4805,4805,Rural Road,Dim Light,Wet,10-20 min
R4806,4806,Highway,Daylight,Dry,>30 min
R4807,4807,Rural Road,Daylight,Dry,>30 min
R4808,4808,Expressway,No Light,Under Construction,20-30 min
R4809,4809,Rural Road,No Light,Damaged,10-20 min
R4810,4810,Expressway,Street Light,Damaged,<10 min
R4811,4811,Highway,No Light,Dry,>30 min
R4812,4812,City Road,Street Light,Wet,20-30 min
R4813,4813,Rural Road,Daylight,Wet,10-20 min
R4814,4814,Highway,Daylight,Dry,>30 min
R4815,4815,City Road,No Light,Dry,10-20 min
R4816,4816,Expressway,No Light,Damaged,<10 min
R4817,4817,Expressway,No Light,Damaged,10-20 min
R4818,4818,Highway,Dim Light,Damaged,10-20 min
R4819,4819,City Road,Dim Light,Wet,10-20 min
R4820,4820,Rural Road,Street Light,Wet,>30 min
R4821,4821,Highway,Dim Light,Dry,>30 min
R4822,4822,Highway,No Light,Under Construction,20-30 min
R4823,4823,Highway,Dim Light,Dry,20-30 min
R4824,4824,City Road,Street Light,Dry,>30 min
R4825,4825,City Road,Dim Light,Wet,>30 min
R4826,4826,Highway,Dim Light,Under Construction,20-30 min
R4827,4827,Rural Road,No Light,Under Construction,>30 min
R4828,4828,Expressway,Daylight,Damaged,10-20 min
R4829,4829,Expressway,No Light,Damaged,<10 min
R4830,4830,Highway,No Light,Under Construction,10-20 min
R4831,4831,City Road,No Light,Dry,<10 min
R4832,4832,City Road,Daylight,Wet,>30 min
R4833,4833,Highway,Street Light,Damaged,20-30 min
R4834,4834,Rural Road,No Light,Dry,10-20 min
R4835,4835,Rural Road,No Light,Dry,>30 min
R4836,4836,Highway,Street Light,Dry,<10 min
R4837,4837,Expressway,No Light,Dry,20-30 min
R4838,4838,City Road,Daylight,Under Construction,10-20 min
R4839,4839,Highway,Street Light,Wet,>30 min
R4840,4840,City Road,Daylight,Under Construction,20-30 min
R4841,4841,City Road,Daylight,Damaged,>30 min
R4842,4842,Highway,Dim Light,Under Construction,10-20 min
R4843,4843,Highway,No Light,Wet,20-30 min
R4844,4844,City Road,Daylight,Damaged,<10 min
R4845,4845,Highway,Street Light,Under Construction,<10 min
R4846,4846,City Road,Dim Light,Wet,<10 min
R4847,4847,Rural Road,Dim Light,Wet,10-20 min
R4848,4848,City Road,Street Light,Dry,<10 min
R4849,4849,City Road,Daylight,Under Construction,10-20 min
R4850,4850,City Road,No Light,Wet,>30 min
R4851,4851,City Road,Street Light,Damaged,>30 min
R4852,4852,City Road,Daylight,Under Construction,20-30 min
R4853,4853,Highway,Street Light,Wet,20-30 min
R4854,4854,Rural Road,No Light,Dry,>30 min
R4855,4855,Rural Road,No Light,Dry,20-30 min
R4856,4856,Expressway,Daylight,Under Construction,10-20 min
R4857,4857,City Road,Dim Light,Dry,<10 min
R4858,4858,City Road,Dim Light,Under Construction,20-30 min
R4859,4859,Expressway,No Light,Damaged,10-20 min
R4860,4860,Expressway,Dim Light,Damaged,<10 min
R4861,4861,Rural Road,Street Light,Wet,>30 min
R4862,4862,Expressway,Dim Light,Wet,>30 min
R4863,4863,City Road,Daylight,Dry,>30 min
R4864,4864,Rural Road,Street Light,Wet,<10 min
R4865,4865,Expressway,No Light,Dry,10-20 min
R4866,4866,Rural Road,Dim Light,Under Construction,10-20 min
R4867,4867,City Road,Street Light,Under Construction,>30 min
R4868,4868,Rural Road,Daylight,Under Construction,>30 min
R4869,4869,Rural Road,Dim Light,Damaged,<10 min
R4870,4870,Expressway,Dim Light,Damaged,20-30 min
R4871,4871,City Road,No Light,Under Construction,>30 min
R4872,4872,Expressway,Dim Light,Dry,>30 min
R4873,4873,Highway,Daylight,Wet,>30 min
R4874,4874,City Road,No Light,Under Construction,<10 min
R4875,4875,Expressway,No Light,Damaged,<10 min
R4876,4876,Highway,Dim Light,Damaged,20-30 min
R4877,4877,Rural Road,Daylight,Under Construction,>30 min
R4878,4878,City Road,Daylight,Dry,>30 min
R4879,4879,Highway,Dim Light,Under Construction,>30 min
R4880,4880,City Road,No Light,Wet,>30 min
R4881,4881,Expressway,Dim Light,Under Construction,10-20 min
R4882,4882,Expressway,No Light,Wet,20-30 min
R4883,4883,Expressway,No Light,Dry,<10 min
R4884,4884,Highway,Street Light,Dry,20-30 min
R4885,4885,City Road,Daylight,Dry,<10 min
R4886,4886,Expressway,Dim Light,Under Construction,<10 min
R4887,4887,Highway,Daylight,Damaged,>30 min
R4888,4888,Rural Road,Street Light,Under Construction,10-20 min
R4889,4889,Rural Road,Daylight,Dry,10-20 min
R4890,4890,Highway,Daylight,Under Construction,>30 min
R4891,4891,Expressway,Street Light,Dry,10-20 min
R4892,4892,Expressway,Dim Light,Dry,10-20 min
R4893,4893,Expressway,Dim Light,Wet,10-20 min
R4894,4894,Expressway,Daylight,Dry,>30 min
R4895,4895,City Road,Daylight,Wet,10-20 min
R4896,4896,City Road,Daylight,Dry,<10 min
R4897,4897,Highway,Dim Light,Wet,20-30 min
R4898,4898,City Road,Street Light,Under Construction,<10 min
R4899,4899,Expressway,Dim Light,Damaged,10-20 min
R4900,4900,City Road,Street Light,Damaged,20-30 min
R4901,4901,City Road,No Light,Under Construction,>30 min
R4902,4902,City Road,Daylight,Under Construction,<10 min
R4903,4903,Highway,Dim Light,Under Construction,10-20 min
R4904,4904,Highway,Dim Light,Damaged,10-20 min
R4905,4905,City Road,Dim Light,Wet,>30 min
R4906,4906,Rural Road,Daylight,Dry,<10 min
R4907,4907,Expressway,Dim Light,Damaged,10-20 min
R4908,4908,City Road,No Light,Wet,>30 min
R4909,4909,City Road,Street Light,Under Construction,20-30 min
R4910,4910,Rural Road,Street Light,Dry,>30 min
R4911,4911,Expressway,No Light,Wet,10-20 min
R4912,4912,City Road,No Light,Under Construction,>30 min
R4913,4913,Highway,Street Light,Damaged,20-30 min
R4914,4914,Rural Road,Street Light,Dry,>30 min
R4915,4915,Expressway,Daylight,Wet,<10 min
R4916,4916,Highway,Dim Light,Under Construction,>30 min
R4917,4917,City Road,Daylight,Dry,>30 min
R4918,4918,City Road,Street Light,Dry,<10 min
R4919,4919,Rural Road,Daylight,Wet,20-30 min
R4920,4920,City Road,Street Light,Wet,<10 min
R4921,4921,Expressway,No Light,Under Construction,20-30 min
R4922,4922,Highway,Daylight,Dry,<10 min
R4923,4923,Expressway,Street Light,Wet,10-20 min
R4924,4924,Expressway,Street Light,Under Construction,10-20 min
R4925,4925,Expressway,Daylight,Dry,>30 min
R4926,4926,Highway,No Light,Damaged,10-20 min
R4927,4927,Expressway,Dim Light,Damaged,<10 min
R4928,4928,Rural Road,No Light,Under Construction,>30 min
R4929,4929,Highway,Street Light,Wet,<10 min
R4930,4930,Rural Road,No Light,Wet,20-30 min
R4931,4931,City Road,No Light,Wet,<10 min
R4932,4932,Expressway,Dim Light,Dry,<10 min
R4933,4933,Expressway,No Light,Wet,>30 min
R4934,4934,Rural Road,No Light,Under Construction,>30 min
R4935,4935,Expressway,No Light,Wet,10-20 min
R4936,4936,Highway,Street Light,Damaged,20-30 min
R4937,4937,Highway,Daylight,Damaged,10-20 min
R4938,4938,Highway,Street Light,Wet,>30 min
R4939,4939,Highway,Daylight,Dry,>30 min
R4940,4940,Rural Road,No Light,Under Construction,<10 min
R4941,4941,Rural Road,Street Light,Damaged,<10 min
R4942,4942,City Road,No Light,Dry,10-20 min
R4943,4943,City Road,No Light,Under Construction,20-30 min
R4944,4944,Rural Road,Street Light,Under Construction,<10 min
R4945,4945,Highway,Daylight,Damaged,<10 min
R4946,4946,Expressway,Street Light,Under Construction,>30 min
R4947,4947,Expressway,Dim Light,Dry,<10 min
R4948,4948,Expressway,No Light,Wet,20-30 min
R4949,4949,Rural Road,Daylight,Under Construction,>30 min
R4950,4950,Rural Road,Dim Light,Wet,>30 min
R4951,4951,Rural Road,Daylight,Dry,20-30 min
R4952,4952,Rural Road,Daylight,Dry,10-20 min
R4953,4953,Expressway,Dim Light,Wet,20-30 min
R4954,4954,Rural Road,Daylight,Damaged,20-30 min
R4955,4955,City Road,No Light,Under Construction,10-20 min
R4956,4956,City Road,Dim Light,Dry,<10 min
R4957,4957,Expressway,Street Light,Wet,<10 min
R4958,4958,Rural Road,Street Light,Wet,>30 min
R4959,4959,City Road,Daylight,Dry,<10 min
R4960,4960,Highway,No Light,Under Construction,<10 min
R4961,4961,Rural Road,Daylight,Wet,>30 min
R4962,4962,Expressway,No Light,Dry,20-30 min
R4963,4963,Highway,No Light,Dry,10-20 min
R4964,4964,City Road,Street Light,Wet,>30 min
R4965,4965,Rural Road,Daylight,Wet,20-30 min
R4966,4966,Rural Road,No Light,Dry,10-20 min
R4967,4967,Expressway,Street Light,Dry,>30 min
R4968,4968,City Road,Street Light,Under Construction,20-30 min
R4969,4969,Expressway,Street Light,Dry,10-20 min
R4970,4970,Expressway,No Light,Under Construction,20-30 min
R4971,4971,Expressway,Daylight,Under Construction,10-20 min
R4972,4972,Highway,No Light,Under Construction,<10 min
R4973,4973,Rural Road,Daylight,Under Construction,<10 min
R4974,4974,Rural Road,Street Light,Dry,>30 min
R4975,4975,Rural Road,Dim Light,Wet,<10 min
R4976,4976,Rural Road,No Light,Under Construction,<10 min
R4977,4977,Expressway,Street Light,Wet,10-20 min
R4978,4978,City Road,No Light,Under Construction,10-20 min
R4979,4979,City Road,Dim Light,Damaged,10-20 min
R4980,4980,City Road,No Light,Damaged,<10 min
R4981,4981,Rural Road,Dim Light,Dry,<10 min
R4982,4982,City Road,Dim Light,Under Construction,<10 min
R4983,4983,Rural Road,Dim Light,Under Construction,>30 min
R4984,4984,City Road,No Light,Wet,10-20 min
R4985,4985,Highway,Daylight,Under Construction,<10 min
R4986,4986,City Road,Street Light,Damaged,>30 min
R4987,4987,Rural Road,Dim Light,Wet,<10 min
R4988,4988,City Road,Daylight,Wet,>30 min
R4989,4989,Highway,No Light,Wet,>30 min
R4990,4990,Expressway,Dim Light,Damaged,10-20 min
R4991,4991,Expressway,No Light,Dry,>30 min
R4992,4992,Highway,No Light,Wet,>30 min
R4993,4993,City Road,Street Light,Dry,>30 min
R4994,4994,Highway,Dim Light,Under Construction,<10 min
R4995,4995,Highway,No Light,Wet,10-20 min
R4996,4996,City Road,Daylight,Wet,10-20 min
R4997,4997,Rural Road,Daylight,Under Construction,>30 min
R4998,4998,Rural Road,Daylight,Under Construction,<10 min
R4999,4999,Rural Road,Street Light,Under Construction,10-20 min
R5000,5000,Expressway,Dim Light,Damaged,10-20 min
