vehicle_id,accident_id,vehicle_type,vehicle_condition,driver_behavior,driver_age,passenger_count
V1,1,Truck,Good,Overspeeding,24,1
V2,2,Car,Average,Distracted,21,1
V3,3,Truck,Average,Drunk Driving,24,1
V4,4,Auto,Good,Distracted,50,2
V5,5,Truck,Average,Distracted,22,1
V6,6,Bike,Poor,Distracted,46,1
V7,7,Auto,Good,Fatigue,64,4
V8,8,Auto,Average,Drunk Driving,62,1
V9,9,Auto,Good,Normal,45,1
V10,10,Bus,Good,Normal,53,1
V11,11,Bus,Poor,Fatigue,60,1
V12,12,Car,Good,Overspeeding,25,3
V13,13,Bicycle,Poor,Overspeeding,27,5
V14,14,Car,Good,Overspeeding,28,5
V15,15,Auto,Good,Overspeeding,62,4
V16,16,Bus,Poor,Drunk Driving,49,2
V17,17,Bus,Good,Normal,40,1
V18,18,Truck,Good,Normal,23,4
V19,19,Bus,Average,Fatigue,58,5
V20,20,Bike,Good,Overspeeding,56,2
V21,21,Truck,Good,Normal,19,4
V22,22,Bike,Good,Fatigue,23,4
V23,23,Bicycle,Poor,Fatigue,22,1
V24,24,Truck,Good,Overspeeding,45,2
V25,25,Bicycle,Average,Distracted,51,2
V26,26,Auto,Good,Fatigue,23,3
V27,27,Auto,Poor,Fatigue,40,2
V28,28,Bike,Average,Overspeeding,26,1
V29,29,Bus,Average,Fatigue,54,1
V30,30,Bicycle,Average,Distracted,44,2
V31,31,Auto,Poor,Distracted,20,5
V32,32,Truck,Poor,Fatigue,61,1
V33,33,Bus,Average,Drunk Driving,27,2
V34,34,Car,Average,Overspeeding,51,1
V35,35,Van,Good,Distracted,28,4
V36,36,Bus,Average,Distracted,31,5
V37,37,Bicycle,Good,Distracted,44,3
V38,38,Bus,Good,Fatigue,27,2
V39,39,Car,Average,Drunk Driving,54,2
V40,40,Truck,Good,Normal,34,1
V41,41,Car,Good,Distracted,61,2
V42,42,Bike,Average,Distracted,63,2
V43,43,Auto,Average,Overspeeding,36,5
V44,44,Truck,Good,Normal,34,5
V45,45,Car,Average,Distracted,21,4
V46,46,Bicycle,Average,Overspeeding,52,5
V47,47,Bicycle,Good,Drunk Driving,19,1
V48,48,Van,Average,Overspeeding,31,1
V49,49,Bike,Good,Distracted,58,4
V50,50,Van,Poor,Drunk Driving,22,1
V51,51,Bicycle,Good,Normal,58,3
V52,52,Bus,Average,Overspeeding,57,3
V53,53,Truck,Good,Distracted,65,2
V54,54,Bicycle,Good,Distracted,44,4
V55,55,Van,Good,Normal,31,1
V56,56,Bike,Good,Normal,44,2
V57,57,Auto,Average,Overspeeding,61,3
V58,58,Bike,Poor,Distracted,37,1
V59,59,Bike,Good,Drunk Driving,40,1
V60,60,Bus,Poor,Distracted,32,1
V61,61,Auto,Poor,Normal,60,1
V62,62,Bicycle,Average,Overspeeding,39,2
V63,63,Auto,Average,Overspeeding,34,1
V64,64,Bike,Good,Normal,65,1
V65,65,Bike,Average,Overspeeding,40,1
V66,66,Truck,Good,Distracted,40,1
V67,67,Bicycle,Average,Distracted,39,4
V68,68,Auto,Good,Drunk Driving,64,1
V69,69,Bicycle,Good,Drunk Driving,30,4
V70,70,Bike,Poor,Distracted,60,3
V71,71,Car,Average,Fatigue,29,1
V72,72,Bike,Good,Overspeeding,55,2
V73,73,Bike,Good,Overspeeding,34,4
V74,74,Bicycle,Good,Drunk Driving,60,1
V75,75,Van,Good,Fatigue,57,3
V76,76,Truck,Average,Drunk Driving,36,1
V77,77,Truck,Average,Overspeeding,39,2
V78,78,Bus,Poor,Overspeeding,41,1
V79,79,Bicycle,Good,Fatigue,36,3
V80,80,Truck,Poor,Overspeeding,64,4
V81,81,Bus,Average,Drunk Driving,53,4
V82,82,Bicycle,Good,Drunk Driving,23,5
V83,83,Car,Good,Distracted,56,3
V84,84,Bus,Good,Distracted,30,4
V85,85,Car,Poor,Fatigue,43,4
V86,86,Van,Poor,Normal,30,1
V87,87,Bike,Good,Distracted,22,4
V88,88,Truck,Average,Normal,36,2
V89,89,Bus,Good,Drunk Driving,21,2
V90,90,Truck,Poor,Drunk Driving,56,1
V91,91,Bicycle,Good,Fatigue,57,5
V92,92,Bicycle,Average,Drunk Driving,21,1
V93,93,Bike,Poor,Drunk Driving,30,1
V94,94,Car,Average,Drunk Driving,24,2
V95,95,Auto,Average,Overspeeding,55,1
V96,96,Auto,Poor,Distracted,49,3
V97,97,Auto,Poor,Drunk Driving,28,4
V98,98,Truck,Average,Distracted,51,1
V99,99,Car,Poor,Drunk Driving,30,2
V100,100,Van,Poor,Fatigue,44,3
V101,101,Auto,Average,Fatigue,27,4
V102,102,Car,Poor,Fatigue,52,4
V103,103,Auto,Poor,Overspeeding,19,3
V104,104,Bicycle,Good,Normal,18,5
V105,105,Auto,Good,Normal,45,4
V106,106,Bicycle,Good,Drunk Driving,34,3
V107,107,Car,Good,Drunk Driving,30,3
V108,108,Bus,Average,Distracted,26,2
V109,109,Car,Poor,Fatigue,18,5
V110,110,Bicycle,Average,Normal,24,1
V111,111,Van,Average,Normal,23,5
V112,112,Bike,Poor,Distracted,37,2
V113,113,Bus,Average,Fatigue,60,2
V114,114,Truck,Good,Overspeeding,34,1
V115,115,Bicycle,Average,Drunk Driving,35,2
V116,116,Bus,Good,Normal,38,2
V117,117,Auto,Poor,Normal,30,1
V118,118,Bicycle,Good,Distracted,36,2
V119,119,Car,Good,Fatigue,44,4
V120,120,Van,Average,Distracted,34,1
V121,121,Van,Good,Fatigue,23,2
V122,122,Bicycle,Poor,Overspeeding,38,3
V123,123,Truck,Good,Overspeeding,64,1
V124,124,Bus,Good,Fatigue,40,3
V125,125,Bicycle,Poor,Normal,22,2
V126,126,Bicycle,Poor,Distracted,64,2
V127,127,Van,Good,Normal,29,2
V128,128,Auto,Good,Drunk Driving,34,5
V129,129,Truck,Good,Drunk Driving,21,2
V130,130,Bus,Average,Fatigue,34,2
V131,131,Bike,Good,Overspeeding,26,4
V132,132,Bike,Average,Distracted,61,4
V133,133,Auto,Average,Drunk Driving,20,4
V134,134,Van,Good,Distracted,40,1
V135,135,Truck,Good,Fatigue,52,4
V136,136,Auto,Good,Drunk Driving,31,4
V137,137,Truck,Average,Drunk Driving,41,5
V138,138,Van,Poor,Distracted,22,4
V139,139,Truck,Good,Normal,41,5
V140,140,Car,Poor,Fatigue,20,5
V141,141,Car,Average,Normal,29,4
V142,142,Auto,Good,Distracted,56,2
V143,143,Bicycle,Good,Fatigue,27,1
V144,144,Truck,Good,Distracted,60,5
V145,145,Car,Poor,Drunk Driving,43,2
V146,146,Truck,Average,Drunk Driving,51,4
V147,147,Bus,Good,Fatigue,37,1
V148,148,Bus,Average,Distracted,55,3
V149,149,Bus,Good,Normal,37,1
V150,150,Bike,Average,Overspeeding,42,3
V151,151,Bike,Average,Fatigue,23,5
V152,152,Bus,Average,Fatigue,61,2
V153,153,Bicycle,Poor,Overspeeding,50,3
V154,154,Bus,Poor,Drunk Driving,32,4
V155,155,Truck,Good,Fatigue,22,5
V156,156,Bike,Average,Fatigue,52,3
V157,157,Bike,Good,Fatigue,49,4
V158,158,Auto,Good,Overspeeding,30,5
V159,159,Bus,Average,Drunk Driving,53,4
V160,160,Bus,Good,Drunk Driving,19,2
V161,161,Bike,Average,Fatigue,54,1
V162,162,Auto,Good,Overspeeding,25,3
V163,163,Bike,Good,Drunk Driving,50,3
V164,164,Bike,Good,Overspeeding,60,5
V165,165,Bus,Average,Normal,53,1
V166,166,Car,Poor,Distracted,20,2
V167,167,Bus,Average,Fatigue,45,3
V168,168,Truck,Average,Normal,19,2
V169,169,Bicycle,Poor,Overspeeding,46,4
V170,170,Van,Good,Overspeeding,61,2
V171,171,Bicycle,Poor,Drunk Driving,21,3
V172,172,Auto,Good,Overspeeding,37,5
V173,173,Auto,Good,Distracted,55,3
V174,174,Car,Good,Fatigue,21,1
V175,175,Bike,Good,Normal,62,4
V176,176,Bicycle,Poor,Normal,56,4
V177,177,Bicycle,Average,Overspeeding,59,3
V178,178,Truck,Poor,Overspeeding,41,5
V179,179,Car,Average,Fatigue,41,4
V180,180,Car,Poor,Overspeeding,63,1
V181,181,Bus,Poor,Fatigue,60,1
V182,182,Van,Good,Distracted,54,1
V183,183,Van,Poor,Fatigue,35,4
V184,184,Bus,Good,Drunk Driving,27,2
V185,185,Van,Average,Distracted,43,2
V186,186,Van,Poor,Distracted,35,1
V187,187,Truck,Poor,Normal,49,5
V188,188,Auto,Average,Normal,23,4
V189,189,Van,Good,Fatigue,28,1
V190,190,Van,Poor,Distracted,48,3
V191,191,Auto,Poor,Distracted,42,4
V192,192,Bike,Good,Normal,37,3
V193,193,Car,Poor,Overspeeding,28,5
V194,194,Auto,Average,Fatigue,40,1
V195,195,Bus,Average,Distracted,64,2
V196,196,Car,Good,Normal,23,2
V197,197,Van,Good,Overspeeding,35,3
V198,198,Van,Average,Normal,62,2
V199,199,Car,Poor,Overspeeding,46,4
V200,200,Car,Good,Overspeeding,23,5
V201,201,Van,Poor,Overspeeding,20,4
V202,202,Bus,Poor,Distracted,40,4
V203,203,Van,Good,Overspeeding,58,1
V204,204,Van,Poor,Fatigue,54,2
V205,205,Truck,Average,Overspeeding,53,3
V206,206,Bike,Average,Fatigue,42,1
V207,207,Truck,Poor,Normal,28,1
V208,208,Auto,Average,Distracted,21,3
V209,209,Bicycle,Average,Fatigue,23,2
V210,210,Bicycle,Poor,Overspeeding,22,5
V211,211,Truck,Average,Drunk Driving,29,5
V212,212,Car,Poor,Drunk Driving,44,1
V213,213,Bus,Poor,Distracted,41,5
V214,214,Van,Average,Drunk Driving,21,3
V215,215,Van,Average,Overspeeding,28,3
V216,216,Van,Poor,Distracted,48,3
V217,217,Truck,Average,Normal,47,3
V218,218,Bicycle,Poor,Overspeeding,57,5
V219,219,Truck,Good,Normal,47,3
V220,220,Truck,Good,Drunk Driving,19,1
V221,221,Car,Good,Distracted,39,5
V222,222,Car,Poor,Normal,42,5
V223,223,Truck,Average,Fatigue,56,3
V224,224,Car,Good,Drunk Driving,45,3
V225,225,Auto,Good,Drunk Driving,19,1
V226,226,Car,Good,Normal,62,4
V227,227,Bike,Good,Drunk Driving,44,4
V228,228,Bike,Good,Drunk Driving,52,1
V229,229,Bike,Average,Distracted,57,2
V230,230,Bicycle,Poor,Drunk Driving,56,4
V231,231,Bicycle,Good,Drunk Driving,50,5
V232,232,Bicycle,Poor,Drunk Driving,40,4
V233,233,Car,Poor,Distracted,20,2
V234,234,Car,Poor,Fatigue,43,4
V235,235,Bike,Good,Drunk Driving,26,4
V236,236,Bus,Average,Overspeeding,61,3
V237,237,Bus,Good,Normal,48,3
V238,238,Bus,Poor,Distracted,55,3
V239,239,Auto,Good,Distracted,22,1
V240,240,Van,Average,Fatigue,45,5
V241,241,Car,Average,Distracted,45,2
V242,242,Bicycle,Poor,Fatigue,27,3
V243,243,Bus,Poor,Normal,20,5
V244,244,Bike,Good,Overspeeding,40,3
V245,245,Bicycle,Good,Drunk Driving,49,1
V246,246,Van,Average,Fatigue,65,3
V247,247,Van,Poor,Fatigue,25,1
V248,248,Bike,Average,Drunk Driving,34,5
V249,249,Bike,Average,Normal,49,2
V250,250,Bicycle,Good,Drunk Driving,61,5
V251,251,Van,Good,Fatigue,45,1
V252,252,Truck,Poor,Normal,38,4
V253,253,Bus,Good,Distracted,26,2
V254,254,Car,Good,Fatigue,60,4
V255,255,Bicycle,Average,Drunk Driving,18,4
V256,256,Bicycle,Average,Fatigue,18,3
V257,257,Car,Good,Normal,25,3
V258,258,Bicycle,Good,Drunk Driving,48,1
V259,259,Bicycle,Poor,Drunk Driving,54,3
V260,260,Van,Poor,Fatigue,41,5
V261,261,Car,Average,Overspeeding,36,3
V262,262,Auto,Average,Overspeeding,58,5
V263,263,Auto,Poor,Drunk Driving,55,5
V264,264,Van,Good,Fatigue,52,3
V265,265,Bus,Poor,Drunk Driving,35,1
V266,266,Van,Good,Fatigue,23,2
V267,267,Car,Poor,Normal,48,5
V268,268,Bicycle,Average,Fatigue,54,5
V269,269,Truck,Good,Distracted,41,1
V270,270,Bus,Good,Distracted,47,3
V271,271,Van,Average,Fatigue,31,3
V272,272,Bicycle,Good,Drunk Driving,65,2
V273,273,Auto,Poor,Distracted,38,4
V274,274,Truck,Good,Normal,44,4
V275,275,Bus,Good,Fatigue,64,4
V276,276,Bus,Average,Distracted,64,5
V277,277,Van,Average,Fatigue,34,4
V278,278,Car,Average,Drunk Driving,59,4
V279,279,Bike,Average,Overspeeding,27,3
V280,280,Bicycle,Poor,Overspeeding,34,2
V281,281,Auto,Good,Distracted,35,2
V282,282,Van,Poor,Drunk Driving,27,4
V283,283,Truck,Average,Distracted,62,3
V284,284,Truck,Poor,Drunk Driving,32,3
V285,285,Bike,Good,Fatigue,59,4
V286,286,Van,Average,Distracted,31,1
V287,287,Bus,Poor,Normal,27,3
V288,288,Van,Average,Overspeeding,27,2
V289,289,Bus,Average,Drunk Driving,34,2
V290,290,Bus,Poor,Normal,62,1
V291,291,Bike,Good,Drunk Driving,63,3
V292,292,Auto,Poor,Drunk Driving,46,2
V293,293,Bus,Average,Drunk Driving,55,3
V294,294,Car,Good,Fatigue,50,1
V295,295,Truck,Average,Distracted,42,5
V296,296,Bicycle,Good,Drunk Driving,24,5
V297,297,Auto,Good,Normal,45,2
V298,298,Bus,Average,Overspeeding,20,5
V299,299,Truck,Good,Fatigue,43,5
V300,300,Van,Average,Fatigue,23,3
V301,301,Van,Poor,Overspeeding,53,3
V302,302,Van,Good,Drunk Driving,46,4
V303,303,Truck,Good,Distracted,45,3
V304,304,Bus,Poor,Overspeeding,60,3
V305,305,Van,Average,Overspeeding,37,4
V306,306,Van,Poor,Normal,24,2
V307,307,Car,Average,Overspeeding,19,1
V308,308,Bike,Average,Drunk Driving,35,2
V309,309,Van,Good,Fatigue,28,5
V310,310,Car,Average,Overspeeding,27,1
V311,311,Bicycle,Good,Drunk Driving,64,2
V312,312,Auto,Average,Overspeeding,53,1
V313,313,Bicycle,Good,Fatigue,54,3
V314,314,Bus,Poor,Overspeeding,51,5
V315,315,Truck,Good,Normal,24,5
V316,316,Bus,Average,Normal,28,2
V317,317,Bus,Good,Normal,55,2
V318,318,Bike,Average,Drunk Driving,21,3
V319,319,Bicycle,Poor,Fatigue,24,1
V320,320,Car,Poor,Normal,27,2
V321,321,Bicycle,Average,Distracted,36,4
V322,322,Auto,Average,Drunk Driving,39,2
V323,323,Auto,Good,Distracted,51,1
V324,324,Bus,Good,Overspeeding,55,2
V325,325,Bicycle,Average,Normal,21,5
V326,326,Bus,Poor,Normal,28,2
V327,327,Van,Average,Fatigue,31,5
V328,328,Van,Poor,Distracted,32,5
V329,329,Bicycle,Poor,Drunk Driving,55,5
V330,330,Van,Average,Normal,31,1
V331,331,Auto,Good,Distracted,36,4
V332,332,Bicycle,Poor,Distracted,32,2
V333,333,Truck,Poor,Fatigue,44,5
V334,334,Auto,Average,Drunk Driving,62,4
V335,335,Auto,Good,Drunk Driving,63,1
V336,336,Bicycle,Good,Overspeeding,30,5
V337,337,Van,Good,Fatigue,44,3
V338,338,Bicycle,Average,Fatigue,60,3
V339,339,Bike,Average,Fatigue,28,1
V340,340,Auto,Average,Fatigue,58,4
V341,341,Auto,Good,Overspeeding,41,2
V342,342,Truck,Poor,Drunk Driving,40,3
V343,343,Car,Good,Fatigue,48,1
V344,344,Bicycle,Average,Normal,49,3
V345,345,Bicycle,Average,Fatigue,43,5
V346,346,Truck,Good,Drunk Driving,61,1
V347,347,Bus,Good,Drunk Driving,44,4
V348,348,Bike,Poor,Fatigue,41,2
V349,349,Van,Poor,Drunk Driving,20,5
V350,350,Auto,Average,Drunk Driving,49,1
V351,351,Truck,Poor,Drunk Driving,40,1
V352,352,Bus,Poor,Overspeeding,60,5
V353,353,Auto,Average,Distracted,65,2
V354,354,Bike,Poor,Drunk Driving,57,3
V355,355,Van,Good,Drunk Driving,61,5
V356,356,Van,Good,Overspeeding,31,5
V357,357,Bus,Average,Normal,49,2
V358,358,Bicycle,Good,Distracted,40,4
V359,359,Auto,Average,Overspeeding,59,5
V360,360,Bus,Average,Normal,63,3
V361,361,Bus,Good,Overspeeding,23,2
V362,362,Bike,Poor,Drunk Driving,64,5
V363,363,Bus,Poor,Drunk Driving,25,1
V364,364,Bike,Average,Overspeeding,27,4
V365,365,Truck,Poor,Normal,36,5
V366,366,Bike,Average,Distracted,24,3
V367,367,Car,Good,Overspeeding,19,5
V368,368,Van,Poor,Normal,59,3
V369,369,Car,Average,Drunk Driving,62,2
V370,370,Bus,Average,Overspeeding,30,1
V371,371,Truck,Poor,Overspeeding,26,1
V372,372,Auto,Poor,Fatigue,19,5
V373,373,Car,Poor,Drunk Driving,46,5
V374,374,Car,Good,Normal,26,3
V375,375,Auto,Poor,Fatigue,30,2
V376,376,Bicycle,Poor,Distracted,26,1
V377,377,Bicycle,Average,Distracted,25,3
V378,378,Van,Poor,Normal,24,4
V379,379,Bicycle,Average,Distracted,43,1
V380,380,Bus,Good,Drunk Driving,46,1
V381,381,Truck,Average,Fatigue,65,2
V382,382,Truck,Poor,Drunk Driving,38,1
V383,383,Bike,Average,Distracted,21,4
V384,384,Bus,Average,Normal,58,5
V385,385,Truck,Average,Drunk Driving,41,2
V386,386,Van,Average,Fatigue,20,4
V387,387,Car,Average,Drunk Driving,65,1
V388,388,Car,Average,Distracted,32,3
V389,389,Bike,Poor,Fatigue,59,3
V390,390,Bicycle,Poor,Drunk Driving,55,1
V391,391,Truck,Good,Fatigue,18,3
V392,392,Bicycle,Average,Drunk Driving,43,4
V393,393,Van,Average,Overspeeding,65,3
V394,394,Bicycle,Poor,Normal,52,5
V395,395,Truck,Good,Fatigue,28,2
V396,396,Bus,Average,Overspeeding,57,1
V397,397,Auto,Poor,Fatigue,38,4
V398,398,Bike,Average,Distracted,34,2
V399,399,Van,Average,Overspeeding,34,2
V400,400,Truck,Average,Overspeeding,54,5
V401,401,Auto,Good,Distracted,52,4
V402,402,Truck,Poor,Drunk Driving,21,3
V403,403,Bike,Poor,Fatigue,53,3
V404,404,Car,Average,Fatigue,42,3
V405,405,Van,Good,Normal,22,4
V406,406,Auto,Good,Normal,57,2
V407,407,Bus,Poor,Fatigue,39,2
V408,408,Auto,Poor,Drunk Driving,40,5
V409,409,Car,Poor,Overspeeding,58,5
V410,410,Van,Good,Distracted,39,2
V411,411,Bus,Good,Normal,52,2
V412,412,Bus,Poor,Fatigue,37,1
V413,413,Bike,Average,Normal,41,2
V414,414,Bus,Average,Distracted,28,3
V415,415,Car,Poor,Overspeeding,47,5
V416,416,Car,Good,Normal,65,2
V417,417,Van,Good,Overspeeding,18,4
V418,418,Car,Poor,Overspeeding,18,2
V419,419,Bike,Good,Fatigue,31,2
V420,420,Truck,Poor,Overspeeding,22,5
V421,421,Car,Poor,Overspeeding,30,3
V422,422,Auto,Average,Normal,44,3
V423,423,Car,Poor,Overspeeding,22,2
V424,424,Van,Good,Overspeeding,45,2
V425,425,Truck,Average,Normal,59,2
V426,426,Bicycle,Average,Distracted,56,5
V427,427,Bicycle,Average,Fatigue,26,4
V428,428,Bike,Average,Normal,45,5
V429,429,Auto,Poor,Drunk Driving,31,3
V430,430,Bus,Poor,Fatigue,63,3
V431,431,Truck,Average,Normal,23,3
V432,432,Bike,Average,Drunk Driving,43,1
V433,433,Van,Average,Distracted,36,4
V434,434,Van,Good,Fatigue,38,1
V435,435,Bus,Good,Drunk Driving,43,2
V436,436,Auto,Average,Overspeeding,51,3
V437,437,Bicycle,Poor,Overspeeding,39,1
V438,438,Truck,Good,Overspeeding,34,1
V439,439,Bus,Poor,Overspeeding,38,2
V440,440,Car,Average,Overspeeding,22,5
V441,441,Bus,Poor,Overspeeding,23,1
V442,442,Van,Good,Drunk Driving,19,5
V443,443,Van,Poor,Fatigue,30,2
V444,444,Bike,Good,Drunk Driving,35,5
V445,445,Bike,Average,Fatigue,37,5
V446,446,Van,Average,Overspeeding,21,2
V447,447,Auto,Good,Distracted,54,5
V448,448,Van,Good,Overspeeding,26,2
V449,449,Bus,Poor,Distracted,18,4
V450,450,Bike,Good,Fatigue,58,3
V451,451,Bus,Good,Overspeeding,47,4
V452,452,Auto,Poor,Distracted,54,4
V453,453,Truck,Poor,Distracted,44,4
V454,454,Van,Good,Normal,53,3
V455,455,Van,Good,Normal,50,4
V456,456,Car,Good,Fatigue,42,4
V457,457,Auto,Good,Fatigue,49,1
V458,458,Car,Good,Distracted,50,2
V459,459,Truck,Average,Distracted,20,3
V460,460,Bus,Good,Fatigue,36,5
V461,461,Van,Good,Drunk Driving,19,5
V462,462,Car,Poor,Distracted,47,5
V463,463,Truck,Good,Normal,30,1
V464,464,Auto,Average,Fatigue,29,4
V465,465,Bike,Good,Fatigue,28,3
V466,466,Van,Average,Drunk Driving,60,2
V467,467,Car,Good,Fatigue,29,4
V468,468,Van,Good,Fatigue,29,1
V469,469,Bicycle,Poor,Fatigue,32,5
V470,470,Car,Poor,Drunk Driving,56,3
V471,471,Truck,Poor,Overspeeding,30,2
V472,472,Auto,Average,Overspeeding,55,2
V473,473,Car,Average,Normal,29,5
V474,474,Bike,Good,Fatigue,50,1
V475,475,Van,Good,Drunk Driving,63,2
V476,476,Van,Good,Distracted,24,5
V477,477,Bus,Average,Drunk Driving,65,5
V478,478,Truck,Average,Normal,39,4
V479,479,Van,Poor,Overspeeding,65,1
V480,480,Car,Good,Normal,52,4
V481,481,Bicycle,Average,Overspeeding,36,3
V482,482,Truck,Good,Distracted,59,4
V483,483,Car,Good,Overspeeding,27,2
V484,484,Auto,Good,Drunk Driving,57,3
V485,485,Bus,Average,Normal,42,1
V486,486,Bicycle,Good,Fatigue,52,3
V487,487,Car,Average,Fatigue,50,4
V488,488,Auto,Good,Drunk Driving,43,4
V489,489,Bike,Good,Drunk Driving,51,4
V490,490,Truck,Good,Overspeeding,29,2
V491,491,Van,Average,Distracted,27,3
V492,492,Truck,Average,Distracted,59,5
V493,493,Bike,Average,Drunk Driving,41,3
V494,494,Auto,Good,Normal,54,1
V495,495,Truck,Poor,Drunk Driving,56,3
V496,496,Van,Good,Overspeeding,41,1
V497,497,Truck,Poor,Overspeeding,63,1
V498,498,Bike,Good,Fatigue,38,4
V499,499,Car,Poor,Normal,52,5
V500,500,Bus,Poor,Normal,48,2
V501,501,Car,Poor,Overspeeding,22,2
V502,502,Truck,Poor,Normal,42,1
V503,503,Auto,Good,Distracted,30,3
V504,504,Auto,Average,Drunk Driving,54,3
V505,505,Bus,Average,Overspeeding,59,1
V506,506,Bus,Average,Normal,21,2
V507,507,Truck,Poor,Normal,49,2
V508,508,Van,Good,Drunk Driving,36,5
V509,509,Bike,Poor,Normal,40,2
V510,510,Truck,Average,Drunk Driving,64,5
V511,511,Car,Good,Distracted,27,2
V512,512,Bicycle,Good,Distracted,48,3
V513,513,Bus,Poor,Drunk Driving,36,4
V514,514,Bike,Average,Overspeeding,43,4
V515,515,Bike,Good,Distracted,21,2
V516,516,Bus,Average,Overspeeding,30,1
V517,517,Bicycle,Good,Normal,46,5
V518,518,Van,Poor,Drunk Driving,55,2
V519,519,Truck,Poor,Drunk Driving,30,2
V520,520,Auto,Poor,Drunk Driving,43,5
V521,521,Auto,Poor,Drunk Driving,29,4
V522,522,Car,Good,Fatigue,50,3
V523,523,Bike,Good,Drunk Driving,20,4
V524,524,Van,Good,Distracted,20,5
V525,525,Auto,Good,Drunk Driving,23,2
V526,526,Auto,Average,Fatigue,41,4
V527,527,Car,Poor,Drunk Driving,51,3
V528,528,Van,Good,Drunk Driving,42,4
V529,529,Bike,Good,Distracted,47,2
V530,530,Car,Poor,Drunk Driving,30,4
V531,531,Bus,Poor,Overspeeding,27,4
V532,532,Auto,Poor,Overspeeding,46,2
V533,533,Auto,Average,Fatigue,33,4
V534,534,Bike,Good,Fatigue,33,4
V535,535,Van,Poor,Distracted,50,3
V536,536,Van,Good,Normal,51,1
V537,537,Bike,Poor,Overspeeding,22,3
V538,538,Car,Good,Distracted,36,5
V539,539,Bus,Average,Drunk Driving,19,3
V540,540,Bike,Poor,Drunk Driving,33,2
V541,541,Auto,Poor,Normal,44,2
V542,542,Bike,Average,Drunk Driving,37,1
V543,543,Auto,Average,Distracted,36,5
V544,544,Auto,Good,Drunk Driving,51,3
V545,545,Auto,Poor,Drunk Driving,47,5
V546,546,Bus,Average,Normal,59,4
V547,547,Car,Good,Fatigue,24,1
V548,548,Bicycle,Poor,Distracted,37,4
V549,549,Bus,Poor,Drunk Driving,24,4
V550,550,Car,Average,Overspeeding,23,4
V551,551,Auto,Poor,Normal,31,5
V552,552,Bus,Good,Fatigue,34,3
V553,553,Bus,Average,Drunk Driving,48,4
V554,554,Bike,Poor,Overspeeding,49,5
V555,555,Bicycle,Good,Normal,64,5
V556,556,Car,Average,Drunk Driving,29,2
V557,557,Truck,Average,Normal,38,2
V558,558,Bus,Poor,Overspeeding,20,1
V559,559,Truck,Poor,Fatigue,45,1
V560,560,Truck,Good,Distracted,65,3
V561,561,Auto,Average,Drunk Driving,35,3
V562,562,Bus,Average,Drunk Driving,52,2
V563,563,Truck,Average,Drunk Driving,25,4
V564,564,Van,Poor,Normal,37,5
V565,565,Bike,Poor,Drunk Driving,30,1
V566,566,Auto,Poor,Fatigue,29,2
V567,567,Bike,Poor,Normal,20,5
V568,568,Car,Average,Distracted,54,4
V569,569,Auto,Average,Drunk Driving,45,2
V570,570,Bicycle,Poor,Overspeeding,57,5
V571,571,Car,Average,Overspeeding,28,4
V572,572,Bicycle,Good,Overspeeding,65,1
V573,573,Car,Poor,Normal,31,2
V574,574,Van,Poor,Overspeeding,61,4
V575,575,Auto,Average,Normal,23,1
V576,576,Van,Poor,Overspeeding,51,5
V577,577,Bicycle,Good,Fatigue,49,1
V578,578,Bike,Good,Normal,60,5
V579,579,Bicycle,Average,Distracted,47,3
V580,580,Car,Poor,Overspeeding,24,2
V581,581,Bicycle,Good,Overspeeding,45,4
V582,582,Bike,Good,Fatigue,51,5
V583,583,Bike,Good,Normal,63,4
V584,584,Bus,Average,Overspeeding,48,1
V585,585,Bicycle,Poor,Drunk Driving,61,3
V586,586,Bike,Good,Distracted,57,3
V587,587,Car,Good,Distracted,42,4
V588,588,Truck,Average,Overspeeding,41,2
V589,589,Van,Average,Distracted,33,2
V590,590,Van,Good,Drunk Driving,49,2
V591,591,Van,Good,Overspeeding,49,3
V592,592,Bicycle,Average,Overspeeding,51,4
V593,593,Car,Average,Fatigue,26,5
V594,594,Truck,Good,Overspeeding,58,3
V595,595,Van,Average,Distracted,24,3
V596,596,Truck,Poor,Fatigue,63,2
V597,597,Truck,Poor,Distracted,37,1
V598,598,Van,Average,Fatigue,19,2
V599,599,Bike,Average,Normal,28,1
V600,600,Car,Average,Distracted,42,5
V601,601,Truck,Poor,Drunk Driving,25,4
V602,602,Truck,Good,Drunk Driving,27,2
V603,603,Car,Good,Distracted,49,2
V604,604,Bus,Good,Drunk Driving,19,2
V605,605,Van,Poor,Overspeeding,20,5
V606,606,Truck,Good,Normal,53,4
V607,607,Van,Average,Normal,24,4
V608,608,Bike,Average,Distracted,27,1
V609,609,Auto,Good,Drunk Driving,45,1
V610,610,Auto,Poor,Normal,41,4
V611,611,Bus,Average,Drunk Driving,63,4
V612,612,Car,Good,Drunk Driving,22,2
V613,613,Bicycle,Average,Fatigue,43,5
V614,614,Bicycle,Good,Drunk Driving,35,1
V615,615,Auto,Good,Drunk Driving,40,1
V616,616,Bike,Average,Drunk Driving,63,2
V617,617,Truck,Poor,Distracted,52,2
V618,618,Van,Poor,Drunk Driving,37,2
V619,619,Car,Average,Distracted,56,5
V620,620,Auto,Average,Drunk Driving,22,3
V621,621,Truck,Poor,Fatigue,43,4
V622,622,Bus,Good,Fatigue,22,5
V623,623,Bike,Good,Normal,44,4
V624,624,Bike,Good,Drunk Driving,26,5
V625,625,Bike,Poor,Overspeeding,51,4
V626,626,Van,Poor,Drunk Driving,52,4
V627,627,Auto,Poor,Fatigue,43,4
V628,628,Car,Average,Fatigue,44,2
V629,629,Bicycle,Poor,Fatigue,61,2
V630,630,Bus,Good,Normal,59,3
V631,631,Bike,Average,Overspeeding,45,4
V632,632,Car,Average,Normal,57,3
V633,633,Truck,Good,Distracted,27,5
V634,634,Van,Good,Distracted,29,4
V635,635,Car,Poor,Drunk Driving,58,1
V636,636,Van,Average,Fatigue,22,1
V637,637,Bicycle,Average,Overspeeding,62,2
V638,638,Bicycle,Poor,Fatigue,60,3
V639,639,Car,Poor,Fatigue,19,4
V640,640,Auto,Average,Drunk Driving,40,1
V641,641,Van,Good,Fatigue,59,4
V642,642,Car,Poor,Overspeeding,61,3
V643,643,Bicycle,Good,Overspeeding,19,3
V644,644,Bike,Poor,Fatigue,31,3
V645,645,Bicycle,Good,Fatigue,50,3
V646,646,Van,Good,Normal,32,3
V647,647,Bicycle,Average,Distracted,40,1
V648,648,Truck,Average,Overspeeding,37,2
V649,649,Auto,Average,Normal,24,3
V650,650,Bike,Poor,Distracted,20,3
V651,651,Car,Poor,Fatigue,61,3
V652,652,Bike,Average,Fatigue,59,4
V653,653,Bicycle,Poor,Drunk Driving,50,1
V654,654,Bicycle,Poor,Drunk Driving,38,1
V655,655,Van,Average,Distracted,35,4
V656,656,Van,Average,Fatigue,32,4
V657,657,Car,Poor,Drunk Driving,25,1
V658,658,Car,Average,Drunk Driving,27,1
V659,659,Van,Good,Distracted,54,4
V660,660,Truck,Average,Overspeeding,64,4
V661,661,Truck,Good,Normal,56,1
V662,662,Bike,Poor,Distracted,55,5
V663,663,Van,Poor,Distracted,28,1
V664,664,Car,Average,Distracted,26,5
V665,665,Bus,Average,Fatigue,33,2
V666,666,Bike,Poor,Distracted,24,3
V667,667,Van,Good,Normal,44,5
V668,668,Van,Poor,Distracted,49,1
V669,669,Bus,Poor,Overspeeding,62,5
V670,670,Truck,Good,Drunk Driving,43,2
V671,671,Bus,Average,Drunk Driving,30,1
V672,672,Bus,Good,Drunk Driving,50,5
V673,673,Bike,Poor,Drunk Driving,48,5
V674,674,Bike,Average,Distracted,34,3
V675,675,Bike,Poor,Normal,34,5
V676,676,Bicycle,Average,Normal,55,4
V677,677,Bike,Average,Fatigue,43,5
V678,678,Car,Poor,Normal,63,3
V679,679,Auto,Average,Fatigue,36,5
V680,680,Van,Good,Fatigue,30,4
V681,681,Bike,Average,Overspeeding,28,3
V682,682,Bus,Poor,Normal,20,1
V683,683,Bicycle,Good,Distracted,28,5
V684,684,Bus,Good,Distracted,38,3
V685,685,Bike,Poor,Drunk Driving,49,3
V686,686,Bus,Good,Overspeeding,25,5
V687,687,Auto,Poor,Overspeeding,60,1
V688,688,Truck,Good,Overspeeding,53,4
V689,689,Auto,Average,Drunk Driving,29,5
V690,690,Bike,Good,Normal,36,5
V691,691,Car,Good,Fatigue,60,4
V692,692,Bicycle,Good,Normal,51,1
V693,693,Car,Poor,Drunk Driving,57,4
V694,694,Van,Average,Normal,54,1
V695,695,Bicycle,Good,Overspeeding,65,4
V696,696,Bus,Poor,Overspeeding,36,4
V697,697,Bus,Good,Drunk Driving,50,4
V698,698,Auto,Poor,Fatigue,47,2
V699,699,Bike,Poor,Overspeeding,58,3
V700,700,Car,Poor,Fatigue,53,3
V701,701,Bus,Good,Normal,38,5
V702,702,Truck,Poor,Normal,28,5
V703,703,Bicycle,Good,Distracted,21,2
V704,704,Bike,Poor,Drunk Driving,30,2
V705,705,Car,Average,Normal,48,1
V706,706,Car,Poor,Drunk Driving,31,3
V707,707,Van,Average,Overspeeding,45,5
V708,708,Car,Poor,Fatigue,62,1
V709,709,Bus,Poor,Fatigue,27,1
V710,710,Van,Average,Overspeeding,46,1
V711,711,Bike,Good,Fatigue,32,2
V712,712,Bus,Average,Drunk Driving,19,4
V713,713,Truck,Average,Overspeeding,55,2
V714,714,Truck,Poor,Overspeeding,32,1
V715,715,Bicycle,Good,Distracted,20,5
V716,716,Van,Poor,Fatigue,40,1
V717,717,Bike,Good,Distracted,65,3
V718,718,Auto,Good,Overspeeding,51,4
V719,719,Bicycle,Poor,Drunk Driving,52,2
V720,720,Van,Average,Normal,25,5
V721,721,Bicycle,Average,Distracted,18,1
V722,722,Bus,Poor,Distracted,48,5
V723,723,Truck,Average,Overspeeding,38,2
V724,724,Car,Poor,Overspeeding,63,5
V725,725,Bus,Average,Normal,61,5
V726,726,Bike,Poor,Fatigue,49,1
V727,727,Car,Average,Overspeeding,64,2
V728,728,Bike,Good,Fatigue,59,3
V729,729,Truck,Average,Fatigue,48,5
V730,730,Bike,Good,Overspeeding,45,4
V731,731,Van,Good,Fatigue,41,5
V732,732,Truck,Poor,Drunk Driving,43,1
V733,733,Bike,Poor,Fatigue,43,5
V734,734,Auto,Good,Drunk Driving,60,1
V735,735,Car,Good,Fatigue,49,3
V736,736,Car,Good,Drunk Driving,22,5
V737,737,Truck,Average,Overspeeding,55,3
V738,738,Auto,Good,Overspeeding,23,2
V739,739,Bike,Good,Overspeeding,44,4
V740,740,Bus,Good,Drunk Driving,54,3
V741,741,Truck,Average,Normal,52,2
V742,742,Bike,Average,Distracted,57,5
V743,743,Bus,Average,Fatigue,26,2
V744,744,Bike,Average,Fatigue,58,3
V745,745,Bicycle,Poor,Overspeeding,51,4
V746,746,Car,Average,Fatigue,49,4
V747,747,Bicycle,Good,Drunk Driving,60,1
V748,748,Bike,Average,Distracted,36,5
V749,749,Truck,Poor,Fatigue,41,3
V750,750,Bus,Good,Fatigue,48,4
V751,751,Van,Average,Fatigue,51,3
V752,752,Van,Poor,Overspeeding,36,3
V753,753,Bicycle,Average,Distracted,21,1
V754,754,Truck,Good,Fatigue,37,4
V755,755,Truck,Good,Distracted,42,2
V756,756,Bus,Good,Distracted,42,4
V757,757,Car,Good,Overspeeding,22,2
V758,758,Truck,Good,Fatigue,44,5
V759,759,Bike,Poor,Drunk Driving,22,1
V760,760,Auto,Good,Distracted,57,2
V761,761,Van,Average,Fatigue,41,1
V762,762,Bike,Poor,Drunk Driving,54,2
V763,763,Auto,Good,Distracted,18,4
V764,764,Truck,Average,Overspeeding,52,5
V765,765,Auto,Good,Drunk Driving,25,2
V766,766,Bus,Good,Overspeeding,41,1
V767,767,Auto,Poor,Fatigue,24,4
V768,768,Bike,Poor,Fatigue,31,5
V769,769,Bus,Average,Distracted,34,5
V770,770,Van,Average,Fatigue,49,5
V771,771,Van,Average,Overspeeding,19,1
V772,772,Bike,Average,Drunk Driving,25,1
V773,773,Truck,Good,Fatigue,25,1
V774,774,Auto,Poor,Distracted,53,5
V775,775,Bus,Average,Normal,18,2
V776,776,Van,Poor,Distracted,48,5
V777,777,Car,Poor,Fatigue,55,5
V778,778,Van,Average,Distracted,63,2
V779,779,Bicycle,Average,Distracted,60,1
V780,780,Auto,Average,Fatigue,18,1
V781,781,Bike,Poor,Drunk Driving,52,1
V782,782,Van,Poor,Fatigue,54,2
V783,783,Truck,Poor,Normal,25,2
V784,784,Truck,Average,Drunk Driving,20,3
V785,785,Truck,Average,Distracted,33,2
V786,786,Truck,Average,Overspeeding,21,5
V787,787,Car,Good,Fatigue,50,1
V788,788,Truck,Average,Overspeeding,26,2
V789,789,Bus,Average,Overspeeding,41,4
V790,790,Auto,Average,Fatigue,32,4
V791,791,Bus,Poor,Distracted,44,3
V792,792,Auto,Average,Overspeeding,58,3
V793,793,Bus,Poor,Fatigue,31,5
V794,794,Bike,Poor,Overspeeding,59,2
V795,795,Truck,Good,Overspeeding,63,2
V796,796,Van,Average,Normal,30,1
V797,797,Bike,Poor,Distracted,57,3
V798,798,Bicycle,Poor,Drunk Driving,65,5
V799,799,Bus,Average,Normal,30,4
V800,800,Bike,Good,Normal,53,2
V801,801,Car,Average,Drunk Driving,49,2
V802,802,Auto,Poor,Drunk Driving,18,1
V803,803,Truck,Poor,Normal,19,4
V804,804,Bicycle,Average,Overspeeding,64,5
V805,805,Bike,Poor,Distracted,36,2
V806,806,Van,Average,Normal,24,5
V807,807,Bicycle,Poor,Distracted,26,1
V808,808,Truck,Average,Overspeeding,57,4
V809,809,Car,Average,Normal,41,4
V810,810,Van,Average,Fatigue,40,2
V811,811,Truck,Good,Normal,35,5
V812,812,Bus,Good,Overspeeding,49,2
V813,813,Car,Poor,Overspeeding,46,3
V814,814,Bus,Good,Drunk Driving,33,2
V815,815,Bicycle,Average,Overspeeding,65,5
V816,816,Bike,Average,Distracted,28,2
V817,817,Van,Average,Normal,42,1
V818,818,Bus,Average,Normal,65,4
V819,819,Auto,Good,Fatigue,33,1
V820,820,Bike,Poor,Distracted,41,1
V821,821,Truck,Good,Fatigue,19,2
V822,822,Bike,Poor,Distracted,64,4
V823,823,Bicycle,Good,Overspeeding,50,2
V824,824,Van,Average,Fatigue,37,5
V825,825,Bicycle,Good,Normal,42,2
V826,826,Truck,Poor,Distracted,37,5
V827,827,Car,Poor,Distracted,20,2
V828,828,Car,Average,Distracted,49,2
V829,829,Truck,Poor,Normal,29,5
V830,830,Bicycle,Good,Fatigue,54,2
V831,831,Van,Good,Drunk Driving,53,2
V832,832,Van,Average,Overspeeding,18,3
V833,833,Truck,Good,Distracted,56,3
V834,834,Bicycle,Average,Fatigue,44,2
V835,835,Truck,Poor,Distracted,57,1
V836,836,Auto,Poor,Normal,52,1
V837,837,Bicycle,Average,Drunk Driving,61,2
V838,838,Van,Average,Overspeeding,41,5
V839,839,Truck,Poor,Distracted,18,4
V840,840,Car,Poor,Drunk Driving,30,5
V841,841,Auto,Good,Drunk Driving,52,1
V842,842,Bus,Average,Drunk Driving,47,2
V843,843,Bike,Average,Drunk Driving,29,3
V844,844,Car,Average,Fatigue,55,2
V845,845,Bus,Poor,Fatigue,18,3
V846,846,Truck,Good,Fatigue,64,1
V847,847,Bus,Good,Drunk Driving,44,2
V848,848,Auto,Average,Drunk Driving,44,5
V849,849,Car,Poor,Overspeeding,47,2
V850,850,Auto,Poor,Distracted,60,4
V851,851,Bike,Average,Fatigue,47,1
V852,852,Bus,Poor,Fatigue,59,3
V853,853,Auto,Poor,Normal,56,5
V854,854,Auto,Average,Distracted,30,3
V855,855,Truck,Average,Distracted,29,3
V856,856,Car,Good,Normal,64,5
V857,857,Bus,Average,Distracted,33,5
V858,858,Auto,Poor,Overspeeding,25,4
V859,859,Van,Average,Distracted,57,5
V860,860,Auto,Average,Drunk Driving,22,2
V861,861,Truck,Average,Normal,58,2
V862,862,Car,Good,Normal,57,3
V863,863,Bicycle,Good,Fatigue,58,5
V864,864,Bus,Poor,Normal,24,4
V865,865,Bus,Poor,Distracted,58,3
V866,866,Truck,Good,Drunk Driving,65,4
V867,867,Car,Good,Overspeeding,37,5
V868,868,Bus,Average,Fatigue,24,2
V869,869,Bicycle,Poor,Drunk Driving,38,5
V870,870,Auto,Good,Fatigue,29,2
V871,871,Bus,Poor,Overspeeding,50,4
V872,872,Car,Good,Drunk Driving,46,4
V873,873,Car,Average,Fatigue,54,5
V874,874,Van,Average,Drunk Driving,27,4
V875,875,Car,Good,Drunk Driving,45,1
V876,876,Truck,Good,Normal,47,2
V877,877,Auto,Average,Fatigue,43,1
V878,878,Car,Good,Distracted,24,1
V879,879,Van,Good,Fatigue,28,3
V880,880,Auto,Good,Fatigue,59,5
V881,881,Bus,Average,Overspeeding,23,1
V882,882,Truck,Poor,Drunk Driving,42,3
V883,883,Van,Average,Fatigue,44,5
V884,884,Auto,Good,Overspeeding,31,5
V885,885,Bicycle,Poor,Drunk Driving,23,3
V886,886,Bike,Average,Normal,45,5
V887,887,Bicycle,Poor,Drunk Driving,64,2
V888,888,Bicycle,Average,Normal,45,5
V889,889,Bicycle,Average,Distracted,20,5
V890,890,Bike,Poor,Drunk Driving,61,4
V891,891,Car,Good,Distracted,33,1
V892,892,Bicycle,Poor,Normal,50,4
V893,893,Auto,Average,Drunk Driving,21,2
V894,894,Bicycle,Average,Overspeeding,42,5
V895,895,Bicycle,Poor,Fatigue,61,3
V896,896,Auto,Poor,Fatigue,51,3
V897,897,Bicycle,Poor,Fatigue,25,1
V898,898,Truck,Good,Overspeeding,39,4
V899,899,Car,Good,Distracted,35,4
V900,900,Bike,Average,Drunk Driving,29,1
V901,901,Bicycle,Average,Normal,43,3
V902,902,Bicycle,Good,Distracted,19,1
V903,903,Truck,Average,Fatigue,19,1
V904,904,Bike,Good,Drunk Driving,59,2
V905,905,Bicycle,Good,Drunk Driving,60,4
V906,906,Bike,Average,Drunk Driving,30,3
V907,907,Car,Poor,Fatigue,39,3
V908,908,Van,Average,Normal,37,2
V909,909,Van,Poor,Drunk Driving,24,2
V910,910,Bicycle,Poor,Normal,53,5
V911,911,Bike,Average,Overspeeding,23,5
V912,912,Van,Poor,Overspeeding,42,1
V913,913,Bike,Good,Distracted,50,1
V914,914,Bike,Average,Fatigue,32,1
V915,915,Bus,Poor,Normal,34,1
V916,916,Auto,Average,Normal,19,1
V917,917,Bicycle,Poor,Overspeeding,61,2
V918,918,Bus,Poor,Fatigue,18,1
V919,919,Bike,Poor,Drunk Driving,21,5
V920,920,Auto,Poor,Distracted,30,1
V921,921,Bus,Average,Overspeeding,59,1
V922,922,Bicycle,Average,Fatigue,50,2
V923,923,Bus,Poor,Overspeeding,40,3
V924,924,Auto,Average,Overspeeding,56,5
V925,925,Van,Good,Distracted,63,5
V926,926,Auto,Average,Distracted,52,2
V927,927,Car,Average,Normal,49,3
V928,928,Truck,Poor,Drunk Driving,43,5
V929,929,Auto,Good,Overspeeding,41,4
V930,930,Bus,Good,Fatigue,59,3
V931,931,Car,Poor,Fatigue,28,1
V932,932,Auto,Average,Distracted,56,5
V933,933,Truck,Good,Normal,59,1
V934,934,Bicycle,Good,Normal,37,1
V935,935,Van,Poor,Fatigue,36,3
V936,936,Bus,Average,Distracted,65,3
V937,937,Van,Poor,Normal,30,3
V938,938,Bicycle,Average,Fatigue,37,5
V939,939,Car,Good,Fatigue,23,2
V940,940,Auto,Average,Fatigue,33,3
V941,941,Bicycle,Good,Fatigue,59,2
V942,942,Bike,Poor,Normal,46,1
V943,943,Bicycle,Good,Drunk Driving,52,5
V944,944,Van,Poor,Fatigue,22,2
V945,945,Van,Poor,Fatigue,47,2
V946,946,Auto,Good,Overspeeding,61,2
V947,947,Auto,Good,Normal,26,2
V948,948,Truck,Good,Distracted,35,5
V949,949,Bike,Poor,Overspeeding,42,5
V950,950,Car,Good,Distracted,41,5
V951,951,Car,Average,Drunk Driving,42,1
V952,952,Car,Good,Overspeeding,63,5
V953,953,Van,Average,Distracted,18,3
V954,954,Auto,Good,Drunk Driving,20,2
V955,955,Bus,Poor,Fatigue,56,4
V956,956,Car,Good,Distracted,49,4
V957,957,Auto,Poor,Fatigue,25,2
V958,958,Auto,Average,Normal,43,2
V959,959,Car,Average,Fatigue,32,1
V960,960,Auto,Good,Fatigue,43,5
V961,961,Car,Average,Normal,52,4
V962,962,Bike,Poor,Distracted,58,5
V963,963,Auto,Average,Drunk Driving,34,3
V964,964,Car,Good,Normal,47,4
V965,965,Car,Poor,Fatigue,29,4
V966,966,Auto,Good,Distracted,53,3
V967,967,Auto,Average,Fatigue,42,2
V968,968,Auto,Poor,Overspeeding,25,3
V969,969,Auto,Good,Drunk Driving,44,3
V970,970,Bike,Poor,Normal,23,5
V971,971,Car,Poor,Drunk Driving,24,3
V972,972,Bicycle,Poor,Fatigue,21,4
V973,973,Bike,Poor,Normal,56,5
V974,974,Van,Average,Distracted,52,1
V975,975,Bike,Average,Fatigue,18,4
V976,976,Van,Average,Drunk Driving,32,1
V977,977,Car,Average,Overspeeding,57,5
V978,978,Van,Average,Normal,59,1
V979,979,Truck,Good,Distracted,19,3
V980,980,Bicycle,Average,Normal,37,2
V981,981,Bicycle,Poor,Normal,30,5
V982,982,Bike,Poor,Normal,56,4
V983,983,Bike,Good,Normal,46,1
V984,984,Truck,Good,Fatigue,36,5
V985,985,Van,Average,Drunk Driving,32,1
V986,986,Bike,Poor,Overspeeding,65,3
V987,987,Bus,Average,Overspeeding,25,1
V988,988,Truck,Poor,Distracted,36,3
V989,989,Car,Average,Overspeeding,28,2
V990,990,Bicycle,Poor,Overspeeding,56,3
V991,991,Bus,Average,Overspeeding,48,3
V992,992,Car,Average,Drunk Driving,35,5
V993,993,Bicycle,Good,Overspeeding,21,1
V994,994,Car,Good,Normal,65,2
V995,995,Bike,Good,Overspeeding,19,3
V996,996,Bicycle,Poor,Overspeeding,45,3
V997,997,Bicycle,Good,Fatigue,27,4
V998,998,Bike,Good,Drunk Driving,36,5
V999,999,Bike,Good,Drunk Driving,32,3
V1000,1000,Van,Poor,Fatigue,46,2
V1001,1001,Bus,Poor,Fatigue,18,1
V1002,1002,Auto,Good,Distracted,56,2
V1003,1003,Bicycle,Poor,Distracted,53,3
V1004,1004,Auto,Average,Overspeeding,25,3
V1005,1005,Bicycle,Poor,Distracted,57,3
V1006,1006,Bicycle,Poor,Drunk Driving,50,1
V1007,1007,Bicycle,Poor,Distracted,64,4
V1008,1008,Bicycle,Average,Normal,19,1
V1009,1009,Bicycle,Good,Drunk Driving,41,1
V1010,1010,Bike,Good,Distracted,59,4
V1011,1011,Bus,Good,Overspeeding,65,2
V1012,1012,Car,Average,Fatigue,49,1
V1013,1013,Bike,Good,Fatigue,34,4
V1014,1014,Auto,Good,Overspeeding,19,5
V1015,1015,Auto,Poor,Normal,24,1
V1016,1016,Truck,Average,Distracted,49,1
V1017,1017,Bus,Poor,Normal,48,2
V1018,1018,Car,Average,Overspeeding,32,4
V1019,1019,Bike,Average,Fatigue,21,3
V1020,1020,Truck,Poor,Drunk Driving,27,2
V1021,1021,Auto,Poor,Overspeeding,56,3
V1022,1022,Bike,Average,Overspeeding,21,1
V1023,1023,Truck,Average,Normal,27,1
V1024,1024,Bus,Average,Distracted,51,4
V1025,1025,Auto,Good,Normal,65,1
V1026,1026,Car,Good,Overspeeding,50,5
V1027,1027,Van,Good,Overspeeding,44,2
V1028,1028,Car,Average,Distracted,34,2
V1029,1029,Car,Average,Fatigue,23,2
V1030,1030,Truck,Average,Overspeeding,60,1
V1031,1031,Bike,Average,Overspeeding,49,3
V1032,1032,Bus,Poor,Normal,49,5
V1033,1033,Auto,Good,Distracted,53,3
V1034,1034,Bicycle,Average,Distracted,56,5
V1035,1035,Auto,Poor,Distracted,60,1
V1036,1036,Bicycle,Poor,Fatigue,23,5
V1037,1037,Truck,Good,Distracted,36,5
V1038,1038,Auto,Good,Fatigue,62,2
V1039,1039,Truck,Good,Drunk Driving,30,4
V1040,1040,Truck,Average,Normal,24,2
V1041,1041,Auto,Good,Normal,27,2
V1042,1042,Van,Average,Normal,31,4
V1043,1043,Van,Average,Normal,44,2
V1044,1044,Bike,Good,Overspeeding,41,5
V1045,1045,Bicycle,Good,Drunk Driving,39,3
V1046,1046,Bicycle,Poor,Overspeeding,42,3
V1047,1047,Truck,Average,Fatigue,64,5
V1048,1048,Bus,Average,Overspeeding,36,4
V1049,1049,Auto,Good,Drunk Driving,40,2
V1050,1050,Truck,Average,Distracted,33,1
V1051,1051,Van,Good,Distracted,33,1
V1052,1052,Van,Average,Normal,62,3
V1053,1053,Car,Good,Overspeeding,20,4
V1054,1054,Bike,Average,Overspeeding,64,3
V1055,1055,Bike,Poor,Distracted,59,5
V1056,1056,Bicycle,Average,Normal,25,3
V1057,1057,Van,Good,Normal,53,1
V1058,1058,Van,Good,Overspeeding,22,3
V1059,1059,Truck,Average,Normal,26,5
V1060,1060,Bus,Poor,Fatigue,28,1
V1061,1061,Bike,Average,Overspeeding,38,3
V1062,1062,Van,Poor,Normal,59,2
V1063,1063,Bike,Average,Distracted,52,4
V1064,1064,Bicycle,Good,Fatigue,46,5
V1065,1065,Auto,Average,Normal,39,5
V1066,1066,Van,Poor,Overspeeding,47,4
V1067,1067,Truck,Average,Overspeeding,20,5
V1068,1068,Bike,Average,Fatigue,29,3
V1069,1069,Van,Poor,Distracted,28,3
V1070,1070,Truck,Good,Distracted,22,5
V1071,1071,Auto,Good,Drunk Driving,41,4
V1072,1072,Auto,Average,Drunk Driving,49,1
V1073,1073,Car,Poor,Drunk Driving,46,3
V1074,1074,Bike,Average,Overspeeding,21,4
V1075,1075,Bike,Average,Fatigue,58,2
V1076,1076,Bicycle,Good,Drunk Driving,38,4
V1077,1077,Truck,Average,Drunk Driving,50,2
V1078,1078,Bike,Average,Overspeeding,65,1
V1079,1079,Van,Average,Overspeeding,45,2
V1080,1080,Truck,Average,Distracted,27,1
V1081,1081,Bike,Good,Overspeeding,54,5
V1082,1082,Car,Good,Drunk Driving,43,1
V1083,1083,Bicycle,Average,Normal,38,2
V1084,1084,Bike,Poor,Drunk Driving,21,4
V1085,1085,Bus,Average,Fatigue,35,3
V1086,1086,Car,Average,Normal,46,5
V1087,1087,Car,Good,Fatigue,26,3
V1088,1088,Bus,Poor,Normal,57,1
V1089,1089,Bus,Poor,Fatigue,28,3
V1090,1090,Car,Average,Overspeeding,51,1
V1091,1091,Bus,Good,Distracted,61,1
V1092,1092,Bicycle,Average,Drunk Driving,20,3
V1093,1093,Bus,Poor,Overspeeding,34,5
V1094,1094,Bicycle,Good,Overspeeding,37,4
V1095,1095,Truck,Poor,Distracted,59,3
V1096,1096,Auto,Average,Fatigue,31,5
V1097,1097,Auto,Good,Distracted,55,1
V1098,1098,Car,Good,Fatigue,38,2
V1099,1099,Bus,Good,Overspeeding,34,4
V1100,1100,Car,Poor,Distracted,51,1
V1101,1101,Truck,Good,Fatigue,44,4
V1102,1102,Van,Average,Normal,35,5
V1103,1103,Bus,Poor,Drunk Driving,35,5
V1104,1104,Auto,Poor,Overspeeding,62,4
V1105,1105,Bus,Average,Fatigue,29,3
V1106,1106,Van,Good,Distracted,55,1
V1107,1107,Bus,Average,Fatigue,19,4
V1108,1108,Car,Poor,Overspeeding,26,4
V1109,1109,Auto,Poor,Overspeeding,31,4
V1110,1110,Auto,Average,Distracted,24,5
V1111,1111,Bicycle,Poor,Distracted,21,3
V1112,1112,Bike,Average,Distracted,57,5
V1113,1113,Car,Good,Drunk Driving,65,3
V1114,1114,Auto,Good,Distracted,56,4
V1115,1115,Auto,Average,Distracted,27,1
V1116,1116,Bike,Good,Drunk Driving,50,1
V1117,1117,Van,Poor,Normal,19,1
V1118,1118,Auto,Good,Overspeeding,57,5
V1119,1119,Bus,Good,Normal,24,1
V1120,1120,Van,Good,Drunk Driving,57,5
V1121,1121,Van,Good,Overspeeding,24,5
V1122,1122,Bus,Average,Drunk Driving,52,1
V1123,1123,Van,Good,Drunk Driving,48,5
V1124,1124,Truck,Average,Normal,30,3
V1125,1125,Auto,Poor,Distracted,46,5
V1126,1126,Bicycle,Average,Normal,32,4
V1127,1127,Bus,Good,Distracted,53,3
V1128,1128,Bicycle,Average,Fatigue,64,4
V1129,1129,Van,Poor,Normal,22,2
V1130,1130,Bike,Good,Normal,65,5
V1131,1131,Truck,Average,Distracted,38,5
V1132,1132,Truck,Poor,Overspeeding,20,2
V1133,1133,Auto,Good,Fatigue,34,4
V1134,1134,Auto,Good,Normal,28,5
V1135,1135,Truck,Poor,Fatigue,32,5
V1136,1136,Bike,Average,Normal,22,4
V1137,1137,Truck,Poor,Fatigue,21,4
V1138,1138,Van,Good,Drunk Driving,22,1
V1139,1139,Bus,Average,Fatigue,38,4
V1140,1140,Car,Good,Distracted,42,1
V1141,1141,Bike,Good,Fatigue,49,4
V1142,1142,Car,Good,Normal,51,5
V1143,1143,Bicycle,Poor,Drunk Driving,64,5
V1144,1144,Bicycle,Poor,Drunk Driving,65,4
V1145,1145,Car,Poor,Overspeeding,27,5
V1146,1146,Van,Average,Fatigue,19,1
V1147,1147,Auto,Average,Overspeeding,33,3
V1148,1148,Bicycle,Poor,Distracted,18,4
V1149,1149,Auto,Good,Fatigue,44,5
V1150,1150,Car,Poor,Drunk Driving,44,5
V1151,1151,Bike,Good,Drunk Driving,63,4
V1152,1152,Bike,Average,Drunk Driving,45,4
V1153,1153,Truck,Good,Drunk Driving,59,3
V1154,1154,Auto,Good,Normal,34,3
V1155,1155,Bike,Average,Overspeeding,39,4
V1156,1156,Van,Poor,Drunk Driving,48,5
V1157,1157,Bicycle,Good,Drunk Driving,33,4
V1158,1158,Bike,Poor,Fatigue,54,4
V1159,1159,Bike,Average,Distracted,40,4
V1160,1160,Van,Poor,Distracted,18,2
V1161,1161,Bicycle,Average,Fatigue,46,3
V1162,1162,Car,Poor,Overspeeding,55,3
V1163,1163,Car,Average,Normal,53,4
V1164,1164,Truck,Good,Drunk Driving,31,1
V1165,1165,Bus,Average,Fatigue,29,3
V1166,1166,Bus,Poor,Normal,63,5
V1167,1167,Truck,Average,Distracted,38,4
V1168,1168,Bus,Average,Overspeeding,20,3
V1169,1169,Truck,Good,Distracted,55,1
V1170,1170,Truck,Poor,Normal,28,3
V1171,1171,Car,Good,Drunk Driving,28,2
V1172,1172,Bike,Good,Overspeeding,23,1
V1173,1173,Bus,Poor,Distracted,35,4
V1174,1174,Auto,Average,Drunk Driving,22,4
V1175,1175,Car,Average,Distracted,27,5
V1176,1176,Bus,Good,Drunk Driving,22,5
V1177,1177,Van,Average,Distracted,53,3
V1178,1178,Car,Poor,Fatigue,38,4
V1179,1179,Truck,Poor,Overspeeding,22,2
V1180,1180,Van,Good,Normal,25,5
V1181,1181,Bike,Average,Distracted,64,5
V1182,1182,Bus,Average,Distracted,59,3
V1183,1183,Bicycle,Good,Distracted,62,3
V1184,1184,Bike,Good,Normal,56,2
V1185,1185,Auto,Good,Drunk Driving,19,5
V1186,1186,Truck,Good,Drunk Driving,22,1
V1187,1187,Bike,Good,Normal,43,3
V1188,1188,Bus,Poor,Drunk Driving,24,2
V1189,1189,Bike,Good,Overspeeding,61,1
V1190,1190,Bicycle,Average,Drunk Driving,18,5
V1191,1191,Auto,Good,Normal,64,2
V1192,1192,Car,Average,Normal,41,2
V1193,1193,Bike,Good,Fatigue,62,2
V1194,1194,Car,Poor,Overspeeding,27,4
V1195,1195,Bicycle,Average,Overspeeding,27,5
V1196,1196,Car,Good,Drunk Driving,36,3
V1197,1197,Van,Good,Drunk Driving,56,3
V1198,1198,Auto,Poor,Fatigue,63,4
V1199,1199,Van,Average,Normal,63,3
V1200,1200,Bus,Average,Normal,49,5
V1201,1201,Car,Good,Fatigue,20,4
V1202,1202,Car,Good,Fatigue,34,5
V1203,1203,Bike,Poor,Distracted,26,5
V1204,1204,Car,Poor,Fatigue,31,1
V1205,1205,Bus,Good,Distracted,64,3
V1206,1206,Van,Good,Overspeeding,18,1
V1207,1207,Van,Average,Fatigue,37,2
V1208,1208,Bus,Poor,Drunk Driving,44,2
V1209,1209,Bicycle,Poor,Distracted,48,4
V1210,1210,Auto,Poor,Fatigue,19,4
V1211,1211,Car,Average,Distracted,27,1
V1212,1212,Bike,Good,Drunk Driving,39,5
V1213,1213,Auto,Good,Overspeeding,46,2
V1214,1214,Car,Average,Overspeeding,43,1
V1215,1215,Bike,Poor,Overspeeding,51,2
V1216,1216,Van,Average,Distracted,34,4
V1217,1217,Truck,Good,Overspeeding,58,5
V1218,1218,Bus,Poor,Distracted,37,2
V1219,1219,Bus,Average,Distracted,33,2
V1220,1220,Bicycle,Good,Overspeeding,27,1
V1221,1221,Bicycle,Poor,Fatigue,62,1
V1222,1222,Car,Good,Fatigue,45,1
V1223,1223,Bike,Average,Fatigue,37,2
V1224,1224,Truck,Poor,Drunk Driving,49,4
V1225,1225,Bicycle,Poor,Overspeeding,65,1
V1226,1226,Auto,Average,Distracted,61,2
V1227,1227,Bike,Good,Drunk Driving,43,1
V1228,1228,Bus,Good,Distracted,28,5
V1229,1229,Truck,Average,Distracted,35,3
V1230,1230,Bus,Poor,Fatigue,59,3
V1231,1231,Bus,Poor,Overspeeding,43,1
V1232,1232,Bicycle,Poor,Normal,24,3
V1233,1233,Bus,Good,Normal,27,3
V1234,1234,Bicycle,Average,Drunk Driving,61,1
V1235,1235,Bike,Average,Overspeeding,60,3
V1236,1236,Bike,Average,Fatigue,53,1
V1237,1237,Auto,Average,Fatigue,52,1
V1238,1238,Truck,Average,Fatigue,30,2
V1239,1239,Bike,Average,Drunk Driving,24,3
V1240,1240,Bike,Good,Overspeeding,23,2
V1241,1241,Bicycle,Average,Normal,61,5
V1242,1242,Car,Poor,Normal,26,1
V1243,1243,Bicycle,Good,Fatigue,57,2
V1244,1244,Truck,Good,Normal,22,4
V1245,1245,Truck,Poor,Distracted,47,4
V1246,1246,Auto,Poor,Overspeeding,25,5
V1247,1247,Bike,Average,Fatigue,55,3
V1248,1248,Car,Good,Drunk Driving,51,4
V1249,1249,Van,Average,Overspeeding,29,5
V1250,1250,Bike,Poor,Fatigue,30,4
V1251,1251,Truck,Average,Fatigue,48,4
V1252,1252,Auto,Average,Normal,57,4
V1253,1253,Auto,Average,Fatigue,23,1
V1254,1254,Bicycle,Average,Fatigue,19,5
V1255,1255,Truck,Good,Drunk Driving,62,5
V1256,1256,Van,Poor,Distracted,44,5
V1257,1257,Van,Average,Distracted,34,5
V1258,1258,Bus,Poor,Normal,41,2
V1259,1259,Auto,Poor,Distracted,52,1
V1260,1260,Bicycle,Average,Fatigue,31,3
V1261,1261,Bus,Average,Normal,36,2
V1262,1262,Bus,Poor,Normal,42,4
V1263,1263,Car,Average,Fatigue,54,3
V1264,1264,Bicycle,Average,Drunk Driving,54,1
V1265,1265,Truck,Poor,Drunk Driving,60,3
V1266,1266,Truck,Average,Drunk Driving,26,4
V1267,1267,Auto,Poor,Drunk Driving,64,5
V1268,1268,Van,Poor,Drunk Driving,48,2
V1269,1269,Bus,Poor,Drunk Driving,25,3
V1270,1270,Car,Average,Drunk Driving,52,5
V1271,1271,Truck,Good,Fatigue,26,3
V1272,1272,Truck,Good,Normal,29,2
V1273,1273,Bus,Good,Drunk Driving,31,5
V1274,1274,Auto,Good,Distracted,58,4
V1275,1275,Van,Average,Drunk Driving,46,5
V1276,1276,Car,Average,Drunk Driving,36,4
V1277,1277,Van,Poor,Normal,21,3
V1278,1278,Car,Good,Overspeeding,50,2
V1279,1279,Car,Average,Normal,42,1
V1280,1280,Truck,Average,Drunk Driving,65,4
V1281,1281,Bike,Good,Normal,25,1
V1282,1282,Car,Average,Fatigue,43,2
V1283,1283,Auto,Good,Fatigue,21,4
V1284,1284,Truck,Poor,Distracted,21,1
V1285,1285,Van,Average,Fatigue,58,2
V1286,1286,Van,Average,Drunk Driving,37,5
V1287,1287,Bike,Poor,Overspeeding,19,1
V1288,1288,Auto,Good,Distracted,30,5
V1289,1289,Truck,Average,Drunk Driving,44,5
V1290,1290,Bike,Average,Drunk Driving,41,4
V1291,1291,Truck,Poor,Distracted,26,1
V1292,1292,Car,Good,Fatigue,40,4
V1293,1293,Car,Good,Fatigue,64,1
V1294,1294,Car,Poor,Fatigue,40,3
V1295,1295,Auto,Poor,Distracted,47,2
V1296,1296,Van,Average,Fatigue,54,4
V1297,1297,Van,Poor,Normal,60,5
V1298,1298,Van,Poor,Fatigue,62,5
V1299,1299,Bus,Average,Distracted,23,2
V1300,1300,Van,Good,Overspeeding,39,2
V1301,1301,Bike,Good,Drunk Driving,40,1
V1302,1302,Bike,Good,Drunk Driving,25,5
V1303,1303,Van,Average,Normal,23,4
V1304,1304,Bike,Average,Overspeeding,32,5
V1305,1305,Auto,Good,Normal,36,2
V1306,1306,Truck,Average,Overspeeding,60,5
V1307,1307,Bike,Good,Fatigue,26,3
V1308,1308,Car,Poor,Drunk Driving,30,1
V1309,1309,Bicycle,Average,Drunk Driving,25,5
V1310,1310,Bike,Good,Overspeeding,43,3
V1311,1311,Van,Poor,Overspeeding,57,4
V1312,1312,Car,Poor,Fatigue,26,4
V1313,1313,Auto,Good,Overspeeding,55,4
V1314,1314,Bike,Good,Fatigue,18,1
V1315,1315,Bus,Good,Fatigue,23,3
V1316,1316,Van,Poor,Drunk Driving,29,5
V1317,1317,Van,Average,Overspeeding,35,1
V1318,1318,Bike,Good,Normal,62,1
V1319,1319,Bicycle,Poor,Normal,58,5
V1320,1320,Truck,Good,Drunk Driving,37,1
V1321,1321,Bicycle,Poor,Distracted,44,1
V1322,1322,Bus,Good,Overspeeding,57,5
V1323,1323,Van,Good,Normal,59,1
V1324,1324,Bicycle,Average,Distracted,52,2
V1325,1325,Truck,Average,Overspeeding,28,5
V1326,1326,Bike,Poor,Normal,22,4
V1327,1327,Bus,Poor,Drunk Driving,21,3
V1328,1328,Truck,Good,Fatigue,26,4
V1329,1329,Truck,Poor,Fatigue,64,5
V1330,1330,Bicycle,Good,Overspeeding,49,5
V1331,1331,Bus,Average,Distracted,30,1
V1332,1332,Van,Poor,Drunk Driving,53,2
V1333,1333,Car,Poor,Distracted,29,1
V1334,1334,Bike,Poor,Distracted,59,3
V1335,1335,Car,Good,Fatigue,61,4
V1336,1336,Bike,Average,Distracted,63,3
V1337,1337,Bus,Good,Distracted,19,5
V1338,1338,Bicycle,Poor,Overspeeding,50,3
V1339,1339,Bicycle,Average,Distracted,56,2
V1340,1340,Bike,Average,Normal,37,5
V1341,1341,Car,Poor,Fatigue,25,1
V1342,1342,Truck,Average,Distracted,27,3
V1343,1343,Auto,Good,Normal,39,3
V1344,1344,Bike,Average,Drunk Driving,30,3
V1345,1345,Auto,Average,Overspeeding,42,5
V1346,1346,Car,Good,Drunk Driving,62,1
V1347,1347,Van,Poor,Distracted,64,3
V1348,1348,Bus,Average,Distracted,49,3
V1349,1349,Bus,Average,Overspeeding,59,5
V1350,1350,Bus,Good,Distracted,34,1
V1351,1351,Van,Average,Fatigue,43,1
V1352,1352,Car,Poor,Distracted,31,5
V1353,1353,Auto,Poor,Drunk Driving,50,5
V1354,1354,Auto,Good,Normal,18,2
V1355,1355,Bicycle,Average,Overspeeding,33,4
V1356,1356,Bicycle,Poor,Distracted,38,2
V1357,1357,Bicycle,Good,Overspeeding,25,5
V1358,1358,Bus,Poor,Fatigue,59,2
V1359,1359,Bicycle,Poor,Distracted,63,2
V1360,1360,Van,Good,Distracted,62,4
V1361,1361,Bus,Good,Fatigue,37,5
V1362,1362,Van,Poor,Normal,31,5
V1363,1363,Bicycle,Poor,Drunk Driving,61,1
V1364,1364,Bicycle,Good,Drunk Driving,25,2
V1365,1365,Car,Good,Overspeeding,63,3
V1366,1366,Truck,Poor,Distracted,47,4
V1367,1367,Bus,Poor,Drunk Driving,47,5
V1368,1368,Bike,Average,Fatigue,51,4
V1369,1369,Van,Average,Normal,64,1
V1370,1370,Bike,Poor,Fatigue,47,5
V1371,1371,Auto,Average,Normal,57,4
V1372,1372,Auto,Poor,Drunk Driving,46,5
V1373,1373,Auto,Poor,Overspeeding,38,3
V1374,1374,Car,Good,Fatigue,60,3
V1375,1375,Car,Average,Distracted,30,2
V1376,1376,Van,Average,Drunk Driving,18,4
V1377,1377,Car,Good,Overspeeding,58,1
V1378,1378,Car,Poor,Drunk Driving,40,2
V1379,1379,Car,Good,Overspeeding,28,3
V1380,1380,Car,Poor,Drunk Driving,30,5
V1381,1381,Truck,Average,Drunk Driving,59,4
V1382,1382,Bike,Good,Fatigue,50,2
V1383,1383,Bicycle,Average,Overspeeding,36,5
V1384,1384,Van,Average,Fatigue,59,3
V1385,1385,Bicycle,Poor,Distracted,29,4
V1386,1386,Bus,Average,Overspeeding,28,5
V1387,1387,Bike,Average,Normal,43,3
V1388,1388,Van,Average,Distracted,38,5
V1389,1389,Car,Poor,Normal,18,3
V1390,1390,Bicycle,Average,Normal,63,5
V1391,1391,Bike,Good,Overspeeding,38,5
V1392,1392,Car,Average,Fatigue,23,2
V1393,1393,Truck,Poor,Drunk Driving,31,5
V1394,1394,Van,Poor,Overspeeding,25,5
V1395,1395,Bicycle,Poor,Fatigue,61,1
V1396,1396,Bike,Poor,Distracted,65,4
V1397,1397,Bike,Poor,Drunk Driving,29,3
V1398,1398,Van,Good,Distracted,59,4
V1399,1399,Bike,Poor,Fatigue,32,2
V1400,1400,Truck,Good,Fatigue,57,5
V1401,1401,Bike,Average,Overspeeding,43,5
V1402,1402,Car,Poor,Fatigue,47,2
V1403,1403,Bus,Good,Fatigue,26,4
V1404,1404,Bus,Average,Distracted,25,1
V1405,1405,Van,Poor,Normal,34,2
V1406,1406,Van,Poor,Normal,35,1
V1407,1407,Van,Poor,Distracted,36,1
V1408,1408,Bicycle,Average,Overspeeding,22,1
V1409,1409,Bike,Average,Normal,18,5
V1410,1410,Car,Good,Overspeeding,43,1
V1411,1411,Bicycle,Average,Drunk Driving,45,2
V1412,1412,Bus,Average,Distracted,44,1
V1413,1413,Car,Good,Normal,49,4
V1414,1414,Bike,Poor,Fatigue,52,4
V1415,1415,Auto,Good,Normal,19,1
V1416,1416,Truck,Poor,Fatigue,46,5
V1417,1417,Car,Average,Overspeeding,44,1
V1418,1418,Car,Poor,Fatigue,43,2
V1419,1419,Car,Poor,Overspeeding,33,1
V1420,1420,Auto,Good,Fatigue,65,1
V1421,1421,Bicycle,Poor,Fatigue,54,1
V1422,1422,Van,Average,Distracted,33,3
V1423,1423,Car,Average,Overspeeding,39,3
V1424,1424,Bicycle,Good,Distracted,34,4
V1425,1425,Bicycle,Good,Distracted,64,5
V1426,1426,Truck,Poor,Fatigue,64,2
V1427,1427,Truck,Average,Drunk Driving,59,2
V1428,1428,Auto,Poor,Normal,43,5
V1429,1429,Bus,Average,Drunk Driving,58,4
V1430,1430,Bus,Good,Fatigue,28,5
V1431,1431,Bus,Average,Fatigue,36,5
V1432,1432,Bike,Average,Drunk Driving,52,5
V1433,1433,Van,Average,Distracted,38,3
V1434,1434,Bus,Poor,Distracted,56,2
V1435,1435,Car,Good,Fatigue,39,2
V1436,1436,Auto,Good,Overspeeding,45,4
V1437,1437,Truck,Good,Distracted,56,3
V1438,1438,Van,Average,Overspeeding,49,4
V1439,1439,Car,Poor,Normal,59,2
V1440,1440,Truck,Average,Normal,44,5
V1441,1441,Truck,Good,Normal,31,3
V1442,1442,Bike,Poor,Overspeeding,23,4
V1443,1443,Auto,Poor,Distracted,19,2
V1444,1444,Car,Poor,Drunk Driving,35,4
V1445,1445,Bicycle,Average,Drunk Driving,51,2
V1446,1446,Auto,Poor,Drunk Driving,48,1
V1447,1447,Bike,Average,Overspeeding,52,3
V1448,1448,Car,Good,Normal,24,4
V1449,1449,Bus,Good,Distracted,53,1
V1450,1450,Truck,Poor,Overspeeding,37,4
V1451,1451,Bike,Poor,Normal,29,4
V1452,1452,Auto,Average,Distracted,30,4
V1453,1453,Bike,Average,Fatigue,51,5
V1454,1454,Van,Poor,Overspeeding,53,5
V1455,1455,Car,Average,Fatigue,47,1
V1456,1456,Bus,Good,Distracted,59,3
V1457,1457,Car,Poor,Drunk Driving,58,4
V1458,1458,Van,Average,Fatigue,37,2
V1459,1459,Bike,Poor,Drunk Driving,42,3
V1460,1460,Bike,Good,Drunk Driving,20,2
V1461,1461,Van,Good,Normal,18,2
V1462,1462,Bicycle,Poor,Drunk Driving,30,5
V1463,1463,Van,Good,Overspeeding,36,5
V1464,1464,Bicycle,Average,Normal,33,2
V1465,1465,Auto,Good,Distracted,22,2
V1466,1466,Bike,Average,Distracted,58,1
V1467,1467,Auto,Average,Distracted,38,5
V1468,1468,Truck,Good,Fatigue,52,2
V1469,1469,Bus,Average,Fatigue,50,3
V1470,1470,Bike,Poor,Overspeeding,63,5
V1471,1471,Bicycle,Poor,Distracted,42,4
V1472,1472,Truck,Average,Fatigue,33,4
V1473,1473,Bicycle,Poor,Distracted,54,4
V1474,1474,Bicycle,Good,Normal,40,2
V1475,1475,Bicycle,Good,Fatigue,45,4
V1476,1476,Truck,Good,Normal,37,1
V1477,1477,Car,Poor,Distracted,62,2
V1478,1478,Bicycle,Poor,Overspeeding,51,3
V1479,1479,Auto,Poor,Distracted,32,4
V1480,1480,Bus,Good,Drunk Driving,36,1
V1481,1481,Car,Average,Fatigue,42,2
V1482,1482,Bike,Good,Overspeeding,53,1
V1483,1483,Auto,Average,Fatigue,65,1
V1484,1484,Van,Good,Distracted,50,3
V1485,1485,Car,Average,Fatigue,22,4
V1486,1486,Bike,Poor,Overspeeding,50,3
V1487,1487,Car,Good,Fatigue,30,4
V1488,1488,Car,Average,Drunk Driving,56,3
V1489,1489,Car,Poor,Overspeeding,57,1
V1490,1490,Bus,Poor,Distracted,42,4
V1491,1491,Bike,Average,Fatigue,43,1
V1492,1492,Van,Poor,Distracted,36,1
V1493,1493,Van,Average,Normal,52,2
V1494,1494,Auto,Average,Drunk Driving,31,4
V1495,1495,Van,Poor,Distracted,20,5
V1496,1496,Auto,Average,Distracted,35,2
V1497,1497,Bus,Average,Normal,47,3
V1498,1498,Truck,Poor,Normal,48,1
V1499,1499,Auto,Poor,Distracted,27,2
V1500,1500,Bike,Poor,Normal,41,3
V1501,1501,Car,Poor,Fatigue,60,4
V1502,1502,Auto,Average,Normal,18,2
V1503,1503,Van,Average,Drunk Driving,63,5
V1504,1504,Bike,Good,Overspeeding,56,1
V1505,1505,Bike,Good,Distracted,52,3
V1506,1506,Van,Poor,Normal,58,3
V1507,1507,Auto,Average,Distracted,21,3
V1508,1508,Bicycle,Poor,Normal,42,2
V1509,1509,Truck,Poor,Drunk Driving,26,4
V1510,1510,Car,Poor,Distracted,25,3
V1511,1511,Van,Average,Normal,44,5
V1512,1512,Bike,Poor,Fatigue,37,1
V1513,1513,Truck,Poor,Normal,64,3
V1514,1514,Bus,Poor,Overspeeding,60,4
V1515,1515,Auto,Poor,Distracted,47,4
V1516,1516,Car,Poor,Distracted,32,5
V1517,1517,Car,Poor,Drunk Driving,32,4
V1518,1518,Truck,Poor,Drunk Driving,52,2
V1519,1519,Auto,Average,Normal,51,1
V1520,1520,Auto,Good,Drunk Driving,63,1
V1521,1521,Auto,Poor,Distracted,48,3
V1522,1522,Car,Good,Overspeeding,42,2
V1523,1523,Truck,Average,Normal,45,5
V1524,1524,Bus,Average,Overspeeding,28,1
V1525,1525,Truck,Poor,Distracted,57,2
V1526,1526,Bike,Good,Normal,56,5
V1527,1527,Car,Poor,Drunk Driving,25,1
V1528,1528,Bus,Poor,Fatigue,32,4
V1529,1529,Van,Good,Fatigue,52,1
V1530,1530,Bike,Good,Drunk Driving,54,3
V1531,1531,Car,Poor,Overspeeding,47,1
V1532,1532,Bike,Poor,Overspeeding,63,5
V1533,1533,Van,Average,Distracted,57,4
V1534,1534,Truck,Average,Drunk Driving,49,4
V1535,1535,Bike,Average,Fatigue,53,2
V1536,1536,Van,Poor,Overspeeding,56,5
V1537,1537,Van,Good,Fatigue,62,3
V1538,1538,Truck,Average,Overspeeding,55,5
V1539,1539,Bicycle,Average,Distracted,34,1
V1540,1540,Bicycle,Good,Fatigue,65,4
V1541,1541,Bike,Poor,Normal,46,5
V1542,1542,Car,Good,Normal,22,3
V1543,1543,Van,Average,Overspeeding,26,1
V1544,1544,Auto,Average,Distracted,40,3
V1545,1545,Truck,Poor,Normal,65,3
V1546,1546,Car,Average,Overspeeding,26,4
V1547,1547,Bike,Average,Distracted,21,1
V1548,1548,Bus,Average,Normal,41,5
V1549,1549,Bicycle,Poor,Drunk Driving,54,1
V1550,1550,Bicycle,Average,Normal,18,4
V1551,1551,Truck,Poor,Overspeeding,56,4
V1552,1552,Van,Average,Overspeeding,37,4
V1553,1553,Van,Average,Normal,59,2
V1554,1554,Van,Poor,Normal,65,2
V1555,1555,Van,Poor,Normal,36,5
V1556,1556,Auto,Average,Distracted,27,2
V1557,1557,Auto,Good,Overspeeding,23,3
V1558,1558,Bike,Average,Normal,32,1
V1559,1559,Auto,Poor,Normal,22,1
V1560,1560,Van,Good,Overspeeding,41,5
V1561,1561,Auto,Good,Normal,25,3
V1562,1562,Bicycle,Good,Overspeeding,46,3
V1563,1563,Truck,Average,Fatigue,28,2
V1564,1564,Auto,Average,Distracted,47,1
V1565,1565,Bus,Poor,Fatigue,36,3
V1566,1566,Car,Poor,Distracted,54,2
V1567,1567,Truck,Average,Distracted,20,4
V1568,1568,Car,Poor,Drunk Driving,40,1
V1569,1569,Van,Poor,Drunk Driving,52,3
V1570,1570,Auto,Good,Distracted,53,1
V1571,1571,Bicycle,Average,Normal,35,1
V1572,1572,Auto,Average,Fatigue,28,1
V1573,1573,Bike,Poor,Distracted,21,1
V1574,1574,Truck,Average,Normal,27,1
V1575,1575,Auto,Good,Overspeeding,60,1
V1576,1576,Bike,Average,Overspeeding,45,3
V1577,1577,Auto,Poor,Overspeeding,47,2
V1578,1578,Van,Poor,Fatigue,64,1
V1579,1579,Bicycle,Average,Fatigue,41,1
V1580,1580,Auto,Average,Distracted,18,1
V1581,1581,Van,Good,Normal,64,3
V1582,1582,Bus,Average,Distracted,25,5
V1583,1583,Auto,Good,Normal,50,3
V1584,1584,Bike,Poor,Normal,28,4
V1585,1585,Bus,Average,Drunk Driving,58,3
V1586,1586,Auto,Average,Fatigue,46,2
V1587,1587,Van,Poor,Distracted,32,4
V1588,1588,Bus,Average,Normal,39,2
V1589,1589,Car,Good,Distracted,60,5
V1590,1590,Bicycle,Poor,Overspeeding,33,1
V1591,1591,Bus,Poor,Fatigue,41,1
V1592,1592,Auto,Average,Distracted,27,2
V1593,1593,Auto,Average,Drunk Driving,53,1
V1594,1594,Bicycle,Poor,Distracted,60,5
V1595,1595,Auto,Poor,Fatigue,44,5
V1596,1596,Car,Good,Normal,35,3
V1597,1597,Van,Poor,Fatigue,56,3
V1598,1598,Van,Poor,Normal,59,5
V1599,1599,Auto,Good,Distracted,37,2
V1600,1600,Truck,Poor,Distracted,26,4
V1601,1601,Car,Good,Fatigue,57,2
V1602,1602,Bicycle,Good,Normal,41,5
V1603,1603,Bus,Good,Overspeeding,40,5
V1604,1604,Bus,Good,Drunk Driving,38,2
V1605,1605,Bus,Good,Distracted,30,4
V1606,1606,Car,Average,Fatigue,31,4
V1607,1607,Bus,Poor,Drunk Driving,61,2
V1608,1608,Bus,Poor,Normal,21,2
V1609,1609,Truck,Good,Distracted,48,5
V1610,1610,Bicycle,Poor,Overspeeding,62,1
V1611,1611,Bike,Average,Distracted,30,2
V1612,1612,Bike,Poor,Fatigue,50,1
V1613,1613,Bicycle,Average,Drunk Driving,22,2
V1614,1614,Van,Good,Overspeeding,37,3
V1615,1615,Bike,Good,Distracted,29,2
V1616,1616,Van,Good,Fatigue,60,3
V1617,1617,Auto,Poor,Distracted,19,1
V1618,1618,Auto,Poor,Distracted,33,3
V1619,1619,Bicycle,Poor,Normal,37,3
V1620,1620,Bike,Good,Normal,26,4
V1621,1621,Car,Poor,Fatigue,55,4
V1622,1622,Truck,Good,Overspeeding,27,4
V1623,1623,Car,Poor,Distracted,37,4
V1624,1624,Truck,Good,Fatigue,25,5
V1625,1625,Van,Poor,Distracted,63,5
V1626,1626,Van,Good,Overspeeding,54,4
V1627,1627,Bus,Poor,Fatigue,45,4
V1628,1628,Van,Average,Fatigue,37,3
V1629,1629,Van,Poor,Drunk Driving,58,2
V1630,1630,Bike,Good,Normal,65,4
V1631,1631,Bicycle,Average,Overspeeding,28,1
V1632,1632,Bus,Average,Drunk Driving,25,2
V1633,1633,Truck,Poor,Drunk Driving,21,3
V1634,1634,Truck,Average,Normal,39,5
V1635,1635,Bike,Good,Overspeeding,27,1
V1636,1636,Bike,Good,Normal,58,5
V1637,1637,Bike,Average,Fatigue,30,2
V1638,1638,Van,Average,Distracted,40,3
V1639,1639,Car,Average,Overspeeding,36,2
V1640,1640,Bike,Good,Fatigue,48,2
V1641,1641,Car,Poor,Distracted,39,2
V1642,1642,Car,Poor,Overspeeding,41,4
V1643,1643,Car,Average,Fatigue,64,5
V1644,1644,Car,Poor,Overspeeding,20,4
V1645,1645,Truck,Poor,Drunk Driving,47,4
V1646,1646,Car,Poor,Overspeeding,34,4
V1647,1647,Truck,Good,Drunk Driving,38,4
V1648,1648,Bus,Good,Fatigue,42,4
V1649,1649,Car,Poor,Normal,57,1
V1650,1650,Van,Poor,Drunk Driving,21,1
V1651,1651,Bike,Average,Overspeeding,21,1
V1652,1652,Bike,Good,Overspeeding,65,3
V1653,1653,Truck,Good,Fatigue,20,1
V1654,1654,Car,Poor,Overspeeding,24,4
V1655,1655,Bike,Poor,Distracted,22,4
V1656,1656,Bus,Poor,Normal,46,2
V1657,1657,Bicycle,Average,Normal,57,5
V1658,1658,Bike,Poor,Normal,58,3
V1659,1659,Van,Average,Distracted,56,3
V1660,1660,Van,Average,Fatigue,28,4
V1661,1661,Auto,Average,Distracted,58,2
V1662,1662,Bicycle,Average,Fatigue,54,2
V1663,1663,Car,Good,Fatigue,51,4
V1664,1664,Auto,Average,Normal,24,3
V1665,1665,Auto,Poor,Overspeeding,50,2
V1666,1666,Truck,Average,Distracted,47,4
V1667,1667,Van,Good,Normal,21,4
V1668,1668,Auto,Poor,Fatigue,50,2
V1669,1669,Bike,Good,Fatigue,48,2
V1670,1670,Truck,Average,Fatigue,43,4
V1671,1671,Bike,Good,Normal,56,4
V1672,1672,Van,Poor,Fatigue,48,1
V1673,1673,Auto,Good,Drunk Driving,60,2
V1674,1674,Bike,Good,Drunk Driving,38,3
V1675,1675,Car,Poor,Drunk Driving,19,4
V1676,1676,Bus,Good,Distracted,41,5
V1677,1677,Car,Average,Distracted,26,1
V1678,1678,Van,Poor,Normal,51,4
V1679,1679,Bus,Poor,Normal,47,5
V1680,1680,Bike,Average,Fatigue,42,5
V1681,1681,Truck,Average,Fatigue,39,1
V1682,1682,Van,Poor,Overspeeding,46,5
V1683,1683,Auto,Good,Overspeeding,48,4
V1684,1684,Bike,Good,Normal,32,2
V1685,1685,Auto,Good,Normal,29,3
V1686,1686,Car,Average,Fatigue,51,1
V1687,1687,Bicycle,Poor,Drunk Driving,21,4
V1688,1688,Auto,Poor,Drunk Driving,45,2
V1689,1689,Bicycle,Poor,Normal,29,3
V1690,1690,Truck,Poor,Fatigue,49,2
V1691,1691,Bicycle,Average,Distracted,29,1
V1692,1692,Bus,Good,Distracted,26,3
V1693,1693,Van,Poor,Normal,57,3
V1694,1694,Bicycle,Average,Normal,46,4
V1695,1695,Auto,Good,Drunk Driving,37,3
V1696,1696,Car,Poor,Fatigue,29,3
V1697,1697,Van,Average,Drunk Driving,36,5
V1698,1698,Bus,Poor,Drunk Driving,63,3
V1699,1699,Van,Average,Overspeeding,18,2
V1700,1700,Auto,Good,Distracted,30,1
V1701,1701,Auto,Poor,Drunk Driving,29,4
V1702,1702,Van,Poor,Fatigue,52,1
V1703,1703,Bicycle,Average,Distracted,54,2
V1704,1704,Truck,Average,Drunk Driving,26,1
V1705,1705,Bicycle,Poor,Fatigue,45,4
V1706,1706,Car,Average,Overspeeding,49,2
V1707,1707,Bike,Good,Distracted,53,2
V1708,1708,Van,Poor,Overspeeding,35,5
V1709,1709,Truck,Good,Distracted,38,3
V1710,1710,Bus,Good,Distracted,55,2
V1711,1711,Auto,Average,Drunk Driving,27,2
V1712,1712,Auto,Good,Distracted,45,1
V1713,1713,Bus,Poor,Normal,42,4
V1714,1714,Bus,Good,Fatigue,23,1
V1715,1715,Bike,Poor,Normal,58,1
V1716,1716,Bicycle,Average,Fatigue,30,4
V1717,1717,Car,Average,Drunk Driving,40,4
V1718,1718,Auto,Poor,Overspeeding,19,3
V1719,1719,Car,Poor,Drunk Driving,55,5
V1720,1720,Bus,Average,Overspeeding,39,1
V1721,1721,Van,Good,Drunk Driving,48,4
V1722,1722,Bicycle,Poor,Drunk Driving,31,5
V1723,1723,Bike,Average,Drunk Driving,61,3
V1724,1724,Van,Average,Overspeeding,33,2
V1725,1725,Bicycle,Poor,Drunk Driving,18,2
V1726,1726,Van,Poor,Normal,36,4
V1727,1727,Bike,Poor,Normal,47,3
V1728,1728,Truck,Poor,Distracted,38,3
V1729,1729,Bus,Poor,Drunk Driving,21,5
V1730,1730,Bus,Average,Normal,22,4
V1731,1731,Bike,Good,Distracted,49,2
V1732,1732,Car,Poor,Overspeeding,37,4
V1733,1733,Bike,Good,Overspeeding,22,2
V1734,1734,Auto,Good,Distracted,49,1
V1735,1735,Truck,Poor,Distracted,41,2
V1736,1736,Bike,Poor,Distracted,38,2
V1737,1737,Auto,Poor,Distracted,31,3
V1738,1738,Bike,Good,Drunk Driving,20,1
V1739,1739,Bus,Good,Fatigue,55,1
V1740,1740,Bike,Poor,Normal,38,1
V1741,1741,Truck,Average,Overspeeding,62,4
V1742,1742,Bus,Good,Distracted,65,2
V1743,1743,Truck,Poor,Overspeeding,42,1
V1744,1744,Bike,Average,Overspeeding,32,2
V1745,1745,Car,Average,Distracted,35,1
V1746,1746,Car,Good,Fatigue,33,2
V1747,1747,Bus,Good,Distracted,18,5
V1748,1748,Car,Average,Distracted,38,4
V1749,1749,Auto,Poor,Drunk Driving,50,2
V1750,1750,Truck,Poor,Overspeeding,36,5
V1751,1751,Truck,Average,Distracted,32,2
V1752,1752,Car,Average,Drunk Driving,24,5
V1753,1753,Bus,Good,Overspeeding,61,3
V1754,1754,Bus,Average,Normal,63,2
V1755,1755,Bus,Poor,Fatigue,18,1
V1756,1756,Car,Poor,Drunk Driving,38,3
V1757,1757,Bicycle,Poor,Normal,35,2
V1758,1758,Bicycle,Good,Drunk Driving,38,3
V1759,1759,Truck,Poor,Fatigue,47,2
V1760,1760,Truck,Average,Overspeeding,47,1
V1761,1761,Bus,Poor,Normal,65,4
V1762,1762,Car,Average,Fatigue,44,4
V1763,1763,Van,Good,Normal,55,4
V1764,1764,Truck,Poor,Normal,40,3
V1765,1765,Car,Average,Overspeeding,49,5
V1766,1766,Bicycle,Average,Overspeeding,51,4
V1767,1767,Truck,Average,Overspeeding,32,4
V1768,1768,Van,Good,Normal,27,2
V1769,1769,Bicycle,Average,Distracted,52,1
V1770,1770,Auto,Poor,Drunk Driving,49,1
V1771,1771,Bus,Poor,Fatigue,49,4
V1772,1772,Auto,Average,Overspeeding,25,2
V1773,1773,Auto,Poor,Overspeeding,23,3
V1774,1774,Van,Good,Overspeeding,53,4
V1775,1775,Van,Average,Fatigue,33,2
V1776,1776,Car,Good,Normal,53,3
V1777,1777,Bus,Good,Fatigue,44,4
V1778,1778,Bike,Poor,Distracted,36,4
V1779,1779,Bicycle,Poor,Distracted,62,1
V1780,1780,Bicycle,Average,Normal,30,2
V1781,1781,Truck,Good,Normal,30,2
V1782,1782,Bus,Poor,Fatigue,62,5
V1783,1783,Car,Average,Drunk Driving,36,4
V1784,1784,Van,Poor,Normal,50,2
V1785,1785,Bus,Good,Drunk Driving,33,1
V1786,1786,Bike,Average,Drunk Driving,24,3
V1787,1787,Van,Good,Distracted,65,1
V1788,1788,Bicycle,Poor,Overspeeding,19,4
V1789,1789,Bike,Good,Normal,38,1
V1790,1790,Truck,Poor,Normal,30,3
V1791,1791,Car,Average,Distracted,61,3
V1792,1792,Bicycle,Average,Normal,52,5
V1793,1793,Bicycle,Poor,Drunk Driving,38,3
V1794,1794,Auto,Good,Normal,27,3
V1795,1795,Bus,Poor,Normal,23,1
V1796,1796,Van,Average,Distracted,52,4
V1797,1797,Auto,Average,Distracted,41,3
V1798,1798,Truck,Good,Overspeeding,41,2
V1799,1799,Truck,Poor,Normal,63,5
V1800,1800,Bus,Average,Overspeeding,54,1
V1801,1801,Van,Good,Drunk Driving,33,5
V1802,1802,Car,Poor,Distracted,29,1
V1803,1803,Car,Good,Distracted,38,2
V1804,1804,Bike,Poor,Normal,47,5
V1805,1805,Car,Poor,Drunk Driving,47,4
V1806,1806,Bus,Good,Fatigue,33,2
V1807,1807,Bike,Good,Fatigue,48,4
V1808,1808,Truck,Good,Distracted,19,2
V1809,1809,Car,Poor,Distracted,38,3
V1810,1810,Bicycle,Average,Distracted,62,1
V1811,1811,Auto,Good,Distracted,36,5
V1812,1812,Bus,Good,Drunk Driving,25,2
V1813,1813,Car,Average,Normal,34,4
V1814,1814,Bicycle,Good,Drunk Driving,63,5
V1815,1815,Bike,Average,Normal,34,1
V1816,1816,Bike,Average,Normal,27,1
V1817,1817,Bicycle,Good,Normal,54,5
V1818,1818,Auto,Good,Fatigue,64,2
V1819,1819,Bicycle,Poor,Overspeeding,58,3
V1820,1820,Bus,Poor,Drunk Driving,40,2
V1821,1821,Bike,Average,Fatigue,22,4
V1822,1822,Bus,Good,Normal,43,3
V1823,1823,Bicycle,Poor,Distracted,56,1
V1824,1824,Auto,Average,Fatigue,22,1
V1825,1825,Car,Poor,Distracted,19,4
V1826,1826,Van,Average,Distracted,42,2
V1827,1827,Truck,Good,Normal,46,2
V1828,1828,Truck,Poor,Distracted,34,1
V1829,1829,Bike,Average,Distracted,49,4
V1830,1830,Van,Average,Normal,29,2
V1831,1831,Auto,Average,Fatigue,20,2
V1832,1832,Car,Average,Overspeeding,60,5
V1833,1833,Auto,Average,Fatigue,23,2
V1834,1834,Bus,Good,Drunk Driving,38,2
V1835,1835,Van,Good,Fatigue,58,2
V1836,1836,Bike,Good,Fatigue,54,4
V1837,1837,Auto,Average,Distracted,60,2
V1838,1838,Bus,Poor,Overspeeding,20,1
V1839,1839,Truck,Average,Drunk Driving,18,2
V1840,1840,Van,Poor,Overspeeding,26,3
V1841,1841,Bike,Poor,Distracted,40,4
V1842,1842,Bus,Average,Overspeeding,53,1
V1843,1843,Car,Good,Overspeeding,55,3
V1844,1844,Bicycle,Good,Distracted,57,1
V1845,1845,Auto,Poor,Drunk Driving,40,2
V1846,1846,Truck,Good,Normal,60,3
V1847,1847,Van,Poor,Distracted,18,4
V1848,1848,Bike,Poor,Drunk Driving,62,4
V1849,1849,Truck,Good,Drunk Driving,21,1
V1850,1850,Van,Poor,Overspeeding,31,3
V1851,1851,Truck,Poor,Distracted,56,1
V1852,1852,Truck,Average,Distracted,64,1
V1853,1853,Bus,Poor,Normal,41,3
V1854,1854,Auto,Average,Drunk Driving,65,4
V1855,1855,Bike,Poor,Overspeeding,26,3
V1856,1856,Van,Poor,Drunk Driving,59,3
V1857,1857,Truck,Good,Fatigue,47,4
V1858,1858,Truck,Average,Overspeeding,43,3
V1859,1859,Bus,Average,Drunk Driving,19,3
V1860,1860,Auto,Average,Fatigue,48,5
V1861,1861,Car,Good,Drunk Driving,58,5
V1862,1862,Truck,Average,Drunk Driving,50,5
V1863,1863,Car,Poor,Normal,50,5
V1864,1864,Bicycle,Good,Distracted,45,3
V1865,1865,Van,Good,Overspeeding,31,4
V1866,1866,Truck,Average,Drunk Driving,22,1
V1867,1867,Bus,Average,Drunk Driving,30,5
V1868,1868,Bicycle,Average,Distracted,25,3
V1869,1869,Bus,Good,Normal,27,5
V1870,1870,Bicycle,Average,Drunk Driving,33,1
V1871,1871,Auto,Average,Distracted,60,5
V1872,1872,Bike,Good,Fatigue,45,3
V1873,1873,Bike,Average,Overspeeding,57,1
V1874,1874,Bus,Average,Drunk Driving,30,5
V1875,1875,Truck,Good,Drunk Driving,32,3
V1876,1876,Auto,Average,Fatigue,21,4
V1877,1877,Auto,Good,Normal,18,1
V1878,1878,Bicycle,Good,Drunk Driving,18,1
V1879,1879,Auto,Good,Distracted,61,3
V1880,1880,Bicycle,Good,Fatigue,38,5
V1881,1881,Bicycle,Good,Drunk Driving,48,1
V1882,1882,Truck,Poor,Normal,33,4
V1883,1883,Bicycle,Good,Fatigue,45,1
V1884,1884,Auto,Good,Normal,49,3
V1885,1885,Van,Poor,Distracted,32,1
V1886,1886,Auto,Average,Fatigue,19,3
V1887,1887,Bus,Good,Normal,20,1
V1888,1888,Auto,Average,Distracted,38,4
V1889,1889,Bicycle,Poor,Overspeeding,54,1
V1890,1890,Car,Good,Normal,48,1
V1891,1891,Truck,Poor,Fatigue,61,4
V1892,1892,Van,Good,Overspeeding,49,2
V1893,1893,Truck,Poor,Fatigue,63,2
V1894,1894,Car,Average,Overspeeding,58,1
V1895,1895,Auto,Good,Fatigue,26,5
V1896,1896,Truck,Average,Fatigue,39,3
V1897,1897,Bicycle,Average,Overspeeding,55,3
V1898,1898,Auto,Average,Normal,37,1
V1899,1899,Truck,Good,Drunk Driving,38,4
V1900,1900,Truck,Poor,Overspeeding,63,4
V1901,1901,Car,Average,Distracted,57,5
V1902,1902,Truck,Average,Overspeeding,20,2
V1903,1903,Van,Poor,Distracted,37,3
V1904,1904,Car,Poor,Overspeeding,42,4
V1905,1905,Auto,Average,Distracted,65,4
V1906,1906,Auto,Good,Fatigue,25,3
V1907,1907,Bus,Poor,Distracted,58,4
V1908,1908,Truck,Poor,Drunk Driving,30,4
V1909,1909,Bus,Good,Fatigue,65,4
V1910,1910,Bike,Average,Fatigue,61,5
V1911,1911,Truck,Average,Drunk Driving,47,5
V1912,1912,Van,Good,Drunk Driving,57,3
V1913,1913,Bike,Good,Drunk Driving,62,1
V1914,1914,Bicycle,Average,Drunk Driving,43,3
V1915,1915,Bus,Poor,Overspeeding,20,2
V1916,1916,Truck,Poor,Normal,22,2
V1917,1917,Auto,Poor,Fatigue,32,1
V1918,1918,Car,Poor,Normal,56,2
V1919,1919,Car,Good,Fatigue,20,5
V1920,1920,Bus,Good,Drunk Driving,48,3
V1921,1921,Bike,Poor,Fatigue,34,1
V1922,1922,Van,Poor,Fatigue,34,1
V1923,1923,Car,Poor,Fatigue,49,1
V1924,1924,Bike,Average,Distracted,37,4
V1925,1925,Bicycle,Poor,Fatigue,19,1
V1926,1926,Car,Poor,Distracted,51,2
V1927,1927,Car,Good,Distracted,26,1
V1928,1928,Bike,Good,Distracted,43,4
V1929,1929,Bike,Average,Distracted,19,2
V1930,1930,Auto,Poor,Distracted,41,2
V1931,1931,Bus,Poor,Fatigue,39,3
V1932,1932,Truck,Poor,Overspeeding,18,3
V1933,1933,Auto,Poor,Fatigue,45,2
V1934,1934,Bicycle,Average,Drunk Driving,24,4
V1935,1935,Truck,Good,Normal,18,5
V1936,1936,Van,Poor,Drunk Driving,24,5
V1937,1937,Car,Good,Fatigue,29,4
V1938,1938,Auto,Average,Normal,46,2
V1939,1939,Bike,Poor,Overspeeding,57,3
V1940,1940,Truck,Good,Overspeeding,65,3
V1941,1941,Auto,Average,Overspeeding,64,1
V1942,1942,Bicycle,Good,Drunk Driving,65,2
V1943,1943,Truck,Average,Normal,49,3
V1944,1944,Auto,Poor,Drunk Driving,24,1
V1945,1945,Car,Poor,Drunk Driving,46,2
V1946,1946,Auto,Average,Drunk Driving,21,5
V1947,1947,Car,Good,Drunk Driving,34,2
V1948,1948,Bus,Poor,Drunk Driving,49,3
V1949,1949,Bus,Good,Fatigue,42,4
V1950,1950,Car,Poor,Normal,34,5
V1951,1951,Bicycle,Poor,Fatigue,60,4
V1952,1952,Truck,Good,Fatigue,28,3
V1953,1953,Bus,Good,Drunk Driving,28,3
V1954,1954,Bike,Poor,Fatigue,35,2
V1955,1955,Truck,Good,Fatigue,37,1
V1956,1956,Bus,Poor,Distracted,64,3
V1957,1957,Bus,Average,Fatigue,47,2
V1958,1958,Truck,Good,Drunk Driving,41,4
V1959,1959,Van,Good,Distracted,64,2
V1960,1960,Car,Poor,Drunk Driving,32,1
V1961,1961,Bike,Poor,Distracted,18,3
V1962,1962,Bike,Good,Distracted,55,2
V1963,1963,Auto,Good,Distracted,50,5
V1964,1964,Bike,Good,Distracted,49,1
V1965,1965,Car,Average,Overspeeding,47,1
V1966,1966,Bicycle,Poor,Drunk Driving,25,1
V1967,1967,Auto,Poor,Fatigue,23,2
V1968,1968,Auto,Average,Drunk Driving,42,3
V1969,1969,Van,Average,Distracted,39,5
V1970,1970,Bike,Average,Normal,63,5
V1971,1971,Bike,Poor,Overspeeding,20,3
V1972,1972,Bus,Good,Fatigue,44,3
V1973,1973,Car,Average,Distracted,64,1
V1974,1974,Truck,Poor,Overspeeding,26,2
V1975,1975,Car,Poor,Overspeeding,62,2
V1976,1976,Van,Average,Drunk Driving,65,5
V1977,1977,Car,Poor,Distracted,34,2
V1978,1978,Bicycle,Average,Overspeeding,58,2
V1979,1979,Auto,Average,Fatigue,31,4
V1980,1980,Auto,Average,Fatigue,36,4
V1981,1981,Bus,Average,Overspeeding,30,3
V1982,1982,Bike,Good,Fatigue,31,4
V1983,1983,Bicycle,Good,Overspeeding,20,2
V1984,1984,Van,Average,Distracted,46,1
V1985,1985,Truck,Good,Normal,32,3
V1986,1986,Car,Poor,Distracted,30,1
V1987,1987,Auto,Average,Overspeeding,30,1
V1988,1988,Car,Average,Overspeeding,62,3
V1989,1989,Bus,Poor,Overspeeding,46,4
V1990,1990,Bike,Average,Overspeeding,57,2
V1991,1991,Car,Good,Overspeeding,60,3
V1992,1992,Bus,Poor,Normal,40,1
V1993,1993,Car,Good,Normal,55,4
V1994,1994,Auto,Average,Drunk Driving,31,1
V1995,1995,Car,Good,Fatigue,40,1
V1996,1996,Bus,Poor,Overspeeding,42,4
V1997,1997,Van,Average,Drunk Driving,53,5
V1998,1998,Van,Poor,Fatigue,20,1
V1999,1999,Bus,Poor,Drunk Driving,55,4
V2000,2000,Bicycle,Poor,Normal,43,4
V2001,2001,Bicycle,Poor,Overspeeding,35,5
V2002,2002,Car,Good,Drunk Driving,47,5
V2003,2003,Bicycle,Poor,Normal,21,2
V2004,2004,Truck,Average,Distracted,42,5
V2005,2005,Car,Average,Overspeeding,57,4
V2006,2006,Bus,Average,Drunk Driving,23,1
V2007,2007,Bicycle,Good,Drunk Driving,49,5
V2008,2008,Bike,Average,Fatigue,27,5
V2009,2009,Bicycle,Poor,Drunk Driving,59,4
V2010,2010,Truck,Good,Distracted,27,5
V2011,2011,Auto,Average,Normal,32,2
V2012,2012,Bike,Average,Drunk Driving,62,1
V2013,2013,Bicycle,Average,Overspeeding,21,2
V2014,2014,Auto,Poor,Fatigue,18,2
V2015,2015,Bus,Poor,Fatigue,22,3
V2016,2016,Auto,Average,Fatigue,18,4
V2017,2017,Bicycle,Average,Distracted,31,2
V2018,2018,Truck,Average,Overspeeding,30,5
V2019,2019,Van,Poor,Drunk Driving,56,3
V2020,2020,Bus,Average,Distracted,47,3
V2021,2021,Car,Average,Normal,63,1
V2022,2022,Bike,Good,Drunk Driving,54,2
V2023,2023,Auto,Average,Fatigue,54,4
V2024,2024,Van,Average,Distracted,43,3
V2025,2025,Van,Poor,Distracted,29,3
V2026,2026,Truck,Poor,Drunk Driving,32,5
V2027,2027,Bike,Good,Overspeeding,21,1
V2028,2028,Bicycle,Poor,Normal,46,1
V2029,2029,Bike,Good,Drunk Driving,62,5
V2030,2030,Bicycle,Average,Distracted,41,3
V2031,2031,Bike,Average,Distracted,28,5
V2032,2032,Auto,Average,Fatigue,61,3
V2033,2033,Truck,Good,Overspeeding,64,3
V2034,2034,Auto,Average,Overspeeding,19,4
V2035,2035,Auto,Average,Drunk Driving,47,4
V2036,2036,Truck,Good,Overspeeding,64,5
V2037,2037,Van,Poor,Normal,23,3
V2038,2038,Bike,Average,Fatigue,39,2
V2039,2039,Van,Average,Drunk Driving,56,1
V2040,2040,Van,Good,Distracted,26,5
V2041,2041,Van,Average,Distracted,59,4
V2042,2042,Van,Average,Distracted,45,3
V2043,2043,Bike,Average,Fatigue,49,2
V2044,2044,Auto,Average,Distracted,19,5
V2045,2045,Truck,Average,Normal,57,3
V2046,2046,Car,Average,Fatigue,59,1
V2047,2047,Auto,Average,Normal,35,4
V2048,2048,Truck,Average,Fatigue,37,2
V2049,2049,Bicycle,Average,Fatigue,23,4
V2050,2050,Van,Average,Drunk Driving,55,5
V2051,2051,Car,Average,Normal,40,3
V2052,2052,Bike,Poor,Normal,35,1
V2053,2053,Car,Good,Overspeeding,26,3
V2054,2054,Truck,Average,Normal,59,4
V2055,2055,Van,Poor,Fatigue,30,3
V2056,2056,Car,Poor,Drunk Driving,37,2
V2057,2057,Bike,Good,Normal,20,1
V2058,2058,Auto,Good,Fatigue,30,4
V2059,2059,Van,Poor,Distracted,56,5
V2060,2060,Bike,Good,Normal,24,2
V2061,2061,Bicycle,Average,Normal,51,1
V2062,2062,Bus,Poor,Overspeeding,41,1
V2063,2063,Bike,Average,Fatigue,54,5
V2064,2064,Auto,Good,Overspeeding,36,5
V2065,2065,Bus,Good,Overspeeding,33,3
V2066,2066,Car,Poor,Fatigue,41,2
V2067,2067,Van,Average,Distracted,34,1
V2068,2068,Bicycle,Good,Drunk Driving,64,2
V2069,2069,Auto,Poor,Overspeeding,32,3
V2070,2070,Bicycle,Average,Drunk Driving,56,5
V2071,2071,Car,Good,Distracted,26,4
V2072,2072,Truck,Average,Overspeeding,38,2
V2073,2073,Bike,Poor,Normal,57,5
V2074,2074,Car,Poor,Fatigue,60,1
V2075,2075,Car,Good,Normal,46,1
V2076,2076,Van,Poor,Distracted,26,5
V2077,2077,Auto,Average,Distracted,26,5
V2078,2078,Auto,Average,Fatigue,29,4
V2079,2079,Bicycle,Poor,Drunk Driving,37,3
V2080,2080,Van,Poor,Drunk Driving,33,1
V2081,2081,Van,Average,Distracted,59,1
V2082,2082,Bus,Poor,Distracted,61,2
V2083,2083,Truck,Average,Fatigue,32,4
V2084,2084,Truck,Poor,Overspeeding,59,5
V2085,2085,Auto,Poor,Normal,34,1
V2086,2086,Bicycle,Poor,Distracted,31,2
V2087,2087,Truck,Poor,Overspeeding,60,4
V2088,2088,Bike,Poor,Drunk Driving,62,5
V2089,2089,Bike,Average,Overspeeding,19,5
V2090,2090,Van,Poor,Normal,58,4
V2091,2091,Truck,Average,Drunk Driving,58,3
V2092,2092,Bus,Average,Distracted,56,5
V2093,2093,Bus,Good,Distracted,49,5
V2094,2094,Van,Average,Overspeeding,50,2
V2095,2095,Bicycle,Good,Drunk Driving,59,5
V2096,2096,Bike,Good,Distracted,39,3
V2097,2097,Car,Good,Drunk Driving,40,3
V2098,2098,Bicycle,Good,Normal,43,3
V2099,2099,Van,Poor,Distracted,33,1
V2100,2100,Car,Poor,Overspeeding,56,1
V2101,2101,Bicycle,Good,Overspeeding,34,2
V2102,2102,Car,Poor,Normal,29,4
V2103,2103,Bus,Poor,Overspeeding,46,3
V2104,2104,Car,Average,Normal,39,3
V2105,2105,Truck,Average,Fatigue,50,4
V2106,2106,Bus,Good,Normal,25,4
V2107,2107,Auto,Average,Normal,61,3
V2108,2108,Van,Poor,Drunk Driving,30,5
V2109,2109,Auto,Average,Distracted,35,1
V2110,2110,Bicycle,Poor,Distracted,54,1
V2111,2111,Bicycle,Poor,Overspeeding,39,2
V2112,2112,Bike,Average,Overspeeding,35,4
V2113,2113,Car,Good,Fatigue,54,2
V2114,2114,Bike,Average,Normal,23,2
V2115,2115,Truck,Average,Normal,64,1
V2116,2116,Truck,Good,Normal,31,5
V2117,2117,Bus,Average,Overspeeding,59,1
V2118,2118,Van,Poor,Distracted,38,2
V2119,2119,Auto,Average,Distracted,39,4
V2120,2120,Van,Poor,Fatigue,49,4
V2121,2121,Bike,Average,Distracted,43,1
V2122,2122,Bike,Average,Overspeeding,21,2
V2123,2123,Auto,Average,Overspeeding,41,5
V2124,2124,Auto,Poor,Normal,42,1
V2125,2125,Bike,Average,Drunk Driving,53,5
V2126,2126,Bus,Good,Drunk Driving,31,3
V2127,2127,Bus,Average,Normal,22,3
V2128,2128,Bicycle,Good,Drunk Driving,48,4
V2129,2129,Bus,Good,Normal,61,1
V2130,2130,Van,Poor,Overspeeding,54,1
V2131,2131,Auto,Average,Overspeeding,22,4
V2132,2132,Car,Good,Fatigue,50,4
V2133,2133,Auto,Poor,Fatigue,52,3
V2134,2134,Truck,Good,Normal,25,3
V2135,2135,Truck,Poor,Normal,51,2
V2136,2136,Bike,Poor,Drunk Driving,31,2
V2137,2137,Bus,Good,Normal,50,5
V2138,2138,Car,Average,Distracted,64,5
V2139,2139,Bicycle,Poor,Drunk Driving,62,5
V2140,2140,Bicycle,Good,Overspeeding,34,2
V2141,2141,Auto,Good,Drunk Driving,30,1
V2142,2142,Bike,Average,Fatigue,19,2
V2143,2143,Van,Average,Normal,46,5
V2144,2144,Truck,Good,Drunk Driving,19,4
V2145,2145,Car,Average,Distracted,53,4
V2146,2146,Bicycle,Poor,Overspeeding,39,1
V2147,2147,Van,Poor,Overspeeding,58,5
V2148,2148,Bicycle,Good,Drunk Driving,35,3
V2149,2149,Bicycle,Good,Distracted,26,1
V2150,2150,Van,Good,Fatigue,30,5
V2151,2151,Truck,Average,Drunk Driving,61,1
V2152,2152,Van,Poor,Drunk Driving,21,3
V2153,2153,Truck,Good,Fatigue,50,3
V2154,2154,Auto,Average,Drunk Driving,59,5
V2155,2155,Bus,Poor,Fatigue,19,4
V2156,2156,Car,Good,Overspeeding,54,5
V2157,2157,Auto,Good,Normal,54,4
V2158,2158,Bicycle,Average,Distracted,36,3
V2159,2159,Car,Good,Fatigue,46,3
V2160,2160,Auto,Good,Distracted,51,3
V2161,2161,Auto,Good,Fatigue,48,1
V2162,2162,Bicycle,Average,Distracted,42,2
V2163,2163,Auto,Poor,Fatigue,26,2
V2164,2164,Truck,Average,Fatigue,45,2
V2165,2165,Car,Good,Drunk Driving,22,4
V2166,2166,Truck,Poor,Normal,48,2
V2167,2167,Truck,Average,Distracted,58,1
V2168,2168,Auto,Poor,Distracted,18,5
V2169,2169,Bicycle,Average,Overspeeding,52,1
V2170,2170,Truck,Good,Fatigue,39,3
V2171,2171,Bus,Poor,Fatigue,47,2
V2172,2172,Truck,Poor,Overspeeding,26,1
V2173,2173,Truck,Average,Overspeeding,35,4
V2174,2174,Van,Average,Normal,58,2
V2175,2175,Truck,Poor,Normal,27,5
V2176,2176,Bus,Average,Drunk Driving,56,2
V2177,2177,Auto,Good,Fatigue,42,2
V2178,2178,Bus,Poor,Drunk Driving,19,1
V2179,2179,Van,Poor,Distracted,27,3
V2180,2180,Van,Good,Distracted,36,5
V2181,2181,Bus,Good,Normal,29,4
V2182,2182,Auto,Good,Distracted,33,4
V2183,2183,Bicycle,Poor,Normal,55,3
V2184,2184,Bus,Poor,Distracted,21,2
V2185,2185,Van,Poor,Normal,43,4
V2186,2186,Truck,Average,Overspeeding,31,4
V2187,2187,Bicycle,Average,Drunk Driving,32,1
V2188,2188,Van,Average,Fatigue,45,4
V2189,2189,Truck,Poor,Fatigue,35,2
V2190,2190,Truck,Good,Distracted,31,4
V2191,2191,Truck,Poor,Overspeeding,57,2
V2192,2192,Bike,Good,Distracted,44,1
V2193,2193,Car,Good,Distracted,63,3
V2194,2194,Bicycle,Good,Distracted,55,1
V2195,2195,Truck,Average,Fatigue,57,5
V2196,2196,Auto,Average,Distracted,24,5
V2197,2197,Bus,Good,Normal,28,2
V2198,2198,Bus,Average,Fatigue,63,2
V2199,2199,Auto,Poor,Fatigue,34,5
V2200,2200,Truck,Good,Drunk Driving,43,2
V2201,2201,Bicycle,Average,Normal,49,3
V2202,2202,Van,Good,Normal,53,1
V2203,2203,Car,Average,Distracted,44,3
V2204,2204,Truck,Good,Fatigue,57,4
V2205,2205,Van,Good,Fatigue,37,2
V2206,2206,Auto,Average,Overspeeding,41,4
V2207,2207,Bus,Good,Distracted,50,2
V2208,2208,Bicycle,Average,Fatigue,63,1
V2209,2209,Bus,Good,Drunk Driving,43,2
V2210,2210,Auto,Poor,Fatigue,33,5
V2211,2211,Truck,Average,Overspeeding,46,4
V2212,2212,Auto,Good,Overspeeding,20,5
V2213,2213,Bus,Average,Drunk Driving,47,1
V2214,2214,Bus,Average,Overspeeding,49,3
V2215,2215,Auto,Average,Overspeeding,26,1
V2216,2216,Van,Average,Normal,24,5
V2217,2217,Truck,Good,Fatigue,59,5
V2218,2218,Bus,Average,Normal,31,5
V2219,2219,Bike,Average,Fatigue,38,2
V2220,2220,Bus,Average,Normal,51,5
V2221,2221,Bus,Poor,Overspeeding,58,2
V2222,2222,Truck,Good,Distracted,24,3
V2223,2223,Truck,Average,Distracted,51,4
V2224,2224,Truck,Poor,Fatigue,37,5
V2225,2225,Truck,Good,Overspeeding,50,4
V2226,2226,Auto,Good,Normal,24,2
V2227,2227,Car,Poor,Distracted,47,4
V2228,2228,Bus,Good,Distracted,57,2
V2229,2229,Bike,Poor,Drunk Driving,42,1
V2230,2230,Truck,Average,Normal,31,5
V2231,2231,Bike,Good,Fatigue,49,5
V2232,2232,Bus,Good,Overspeeding,50,5
V2233,2233,Auto,Good,Fatigue,52,4
V2234,2234,Truck,Poor,Drunk Driving,56,2
V2235,2235,Auto,Average,Drunk Driving,55,3
V2236,2236,Van,Average,Fatigue,62,5
V2237,2237,Car,Poor,Distracted,56,5
V2238,2238,Bicycle,Poor,Overspeeding,41,2
V2239,2239,Car,Poor,Drunk Driving,47,1
V2240,2240,Bike,Poor,Distracted,33,1
V2241,2241,Bicycle,Average,Overspeeding,34,4
V2242,2242,Truck,Good,Drunk Driving,43,4
V2243,2243,Auto,Average,Normal,58,5
V2244,2244,Auto,Average,Fatigue,37,1
V2245,2245,Truck,Poor,Distracted,27,4
V2246,2246,Bike,Average,Fatigue,24,2
V2247,2247,Bicycle,Poor,Overspeeding,20,3
V2248,2248,Car,Poor,Distracted,20,4
V2249,2249,Bike,Poor,Fatigue,63,3
V2250,2250,Bus,Good,Overspeeding,30,4
V2251,2251,Bike,Poor,Overspeeding,48,3
V2252,2252,Bike,Good,Fatigue,40,4
V2253,2253,Van,Poor,Drunk Driving,22,1
V2254,2254,Bicycle,Poor,Normal,18,5
V2255,2255,Bicycle,Poor,Distracted,61,2
V2256,2256,Bicycle,Good,Distracted,55,2
V2257,2257,Bus,Average,Overspeeding,48,2
V2258,2258,Truck,Poor,Distracted,39,3
V2259,2259,Auto,Poor,Overspeeding,65,1
V2260,2260,Auto,Poor,Drunk Driving,55,2
V2261,2261,Bike,Average,Drunk Driving,60,2
V2262,2262,Auto,Poor,Overspeeding,60,3
V2263,2263,Bus,Good,Normal,54,4
V2264,2264,Van,Poor,Normal,50,5
V2265,2265,Car,Poor,Overspeeding,32,3
V2266,2266,Truck,Average,Distracted,59,3
V2267,2267,Auto,Average,Drunk Driving,63,3
V2268,2268,Bike,Average,Overspeeding,19,5
V2269,2269,Truck,Average,Overspeeding,60,2
V2270,2270,Car,Poor,Drunk Driving,42,1
V2271,2271,Van,Average,Overspeeding,46,2
V2272,2272,Bicycle,Poor,Fatigue,53,5
V2273,2273,Auto,Good,Normal,37,2
V2274,2274,Bus,Good,Normal,34,2
V2275,2275,Truck,Poor,Distracted,27,2
V2276,2276,Truck,Good,Overspeeding,55,5
V2277,2277,Auto,Good,Fatigue,46,1
V2278,2278,Truck,Average,Distracted,64,5
V2279,2279,Car,Average,Distracted,38,2
V2280,2280,Bus,Poor,Distracted,41,5
V2281,2281,Truck,Good,Distracted,49,3
V2282,2282,Car,Poor,Fatigue,47,3
V2283,2283,Bicycle,Average,Fatigue,42,5
V2284,2284,Car,Average,Fatigue,29,2
V2285,2285,Bicycle,Poor,Overspeeding,56,3
V2286,2286,Car,Good,Drunk Driving,56,2
V2287,2287,Auto,Poor,Overspeeding,56,5
V2288,2288,Bicycle,Good,Normal,60,5
V2289,2289,Auto,Poor,Fatigue,31,5
V2290,2290,Truck,Average,Drunk Driving,52,1
V2291,2291,Car,Average,Fatigue,27,5
V2292,2292,Bicycle,Average,Drunk Driving,19,2
V2293,2293,Van,Poor,Normal,43,5
V2294,2294,Truck,Good,Fatigue,56,4
V2295,2295,Truck,Poor,Drunk Driving,55,4
V2296,2296,Auto,Poor,Distracted,31,1
V2297,2297,Bus,Poor,Drunk Driving,64,3
V2298,2298,Truck,Poor,Overspeeding,37,5
V2299,2299,Auto,Poor,Distracted,45,3
V2300,2300,Car,Average,Distracted,51,3
V2301,2301,Truck,Poor,Normal,45,5
V2302,2302,Car,Poor,Overspeeding,48,5
V2303,2303,Truck,Poor,Fatigue,45,1
V2304,2304,Bike,Poor,Fatigue,57,1
V2305,2305,Auto,Poor,Overspeeding,23,4
V2306,2306,Bus,Good,Drunk Driving,49,5
V2307,2307,Auto,Poor,Fatigue,33,3
V2308,2308,Car,Average,Overspeeding,61,5
V2309,2309,Bike,Average,Fatigue,27,2
V2310,2310,Truck,Good,Distracted,24,1
V2311,2311,Bike,Average,Distracted,22,3
V2312,2312,Bicycle,Poor,Fatigue,62,5
V2313,2313,Truck,Average,Normal,46,5
V2314,2314,Bike,Poor,Distracted,61,3
V2315,2315,Bicycle,Good,Normal,21,5
V2316,2316,Van,Good,Overspeeding,21,4
V2317,2317,Car,Poor,Distracted,31,4
V2318,2318,Truck,Good,Normal,38,4
V2319,2319,Bus,Good,Drunk Driving,45,5
V2320,2320,Van,Average,Drunk Driving,37,1
V2321,2321,Car,Poor,Overspeeding,38,2
V2322,2322,Car,Average,Normal,31,1
V2323,2323,Truck,Poor,Normal,29,4
V2324,2324,Bicycle,Poor,Drunk Driving,30,1
V2325,2325,Bike,Poor,Fatigue,60,1
V2326,2326,Truck,Poor,Fatigue,51,3
V2327,2327,Van,Average,Normal,33,1
V2328,2328,Bus,Average,Overspeeding,44,5
V2329,2329,Car,Average,Distracted,64,5
V2330,2330,Bus,Average,Fatigue,38,3
V2331,2331,Car,Poor,Overspeeding,46,4
V2332,2332,Van,Average,Drunk Driving,42,3
V2333,2333,Bus,Good,Drunk Driving,53,4
V2334,2334,Bus,Average,Overspeeding,44,2
V2335,2335,Truck,Average,Drunk Driving,35,5
V2336,2336,Truck,Good,Distracted,20,2
V2337,2337,Van,Average,Fatigue,65,3
V2338,2338,Car,Poor,Drunk Driving,27,1
V2339,2339,Auto,Good,Fatigue,39,5
V2340,2340,Van,Poor,Overspeeding,47,4
V2341,2341,Auto,Good,Distracted,48,5
V2342,2342,Truck,Good,Drunk Driving,36,5
V2343,2343,Auto,Good,Drunk Driving,36,5
V2344,2344,Truck,Average,Overspeeding,39,5
V2345,2345,Bicycle,Good,Overspeeding,36,4
V2346,2346,Bicycle,Good,Overspeeding,30,3
V2347,2347,Truck,Good,Normal,21,3
V2348,2348,Bike,Poor,Normal,31,3
V2349,2349,Bicycle,Good,Fatigue,28,2
V2350,2350,Car,Good,Overspeeding,29,5
V2351,2351,Truck,Good,Normal,55,4
V2352,2352,Bicycle,Good,Normal,44,2
V2353,2353,Van,Average,Overspeeding,47,4
V2354,2354,Auto,Poor,Overspeeding,63,2
V2355,2355,Auto,Average,Fatigue,30,2
V2356,2356,Car,Poor,Drunk Driving,59,2
V2357,2357,Bike,Average,Drunk Driving,48,2
V2358,2358,Bike,Good,Drunk Driving,42,5
V2359,2359,Truck,Poor,Overspeeding,53,1
V2360,2360,Bike,Good,Fatigue,23,3
V2361,2361,Bicycle,Good,Overspeeding,39,5
V2362,2362,Car,Average,Drunk Driving,55,2
V2363,2363,Auto,Poor,Normal,59,2
V2364,2364,Car,Good,Overspeeding,32,1
V2365,2365,Car,Poor,Drunk Driving,38,4
V2366,2366,Bike,Poor,Fatigue,54,3
V2367,2367,Auto,Average,Normal,45,3
V2368,2368,Van,Poor,Normal,51,3
V2369,2369,Car,Good,Drunk Driving,62,5
V2370,2370,Van,Good,Normal,44,5
V2371,2371,Van,Average,Distracted,47,1
V2372,2372,Bicycle,Average,Drunk Driving,31,3
V2373,2373,Truck,Average,Overspeeding,41,2
V2374,2374,Bicycle,Good,Normal,47,4
V2375,2375,Auto,Average,Fatigue,50,3
V2376,2376,Bike,Good,Overspeeding,58,2
V2377,2377,Car,Good,Fatigue,35,3
V2378,2378,Van,Average,Normal,59,5
V2379,2379,Truck,Good,Fatigue,37,1
V2380,2380,Auto,Good,Distracted,59,2
V2381,2381,Car,Good,Distracted,65,5
V2382,2382,Bus,Average,Distracted,20,3
V2383,2383,Bicycle,Good,Fatigue,48,4
V2384,2384,Bike,Good,Fatigue,52,3
V2385,2385,Bike,Average,Distracted,32,5
V2386,2386,Car,Average,Distracted,22,4
V2387,2387,Bus,Poor,Distracted,47,4
V2388,2388,Van,Average,Distracted,23,1
V2389,2389,Car,Poor,Normal,28,4
V2390,2390,Car,Average,Distracted,63,2
V2391,2391,Bus,Good,Overspeeding,18,2
V2392,2392,Bus,Average,Overspeeding,56,2
V2393,2393,Van,Poor,Overspeeding,31,3
V2394,2394,Auto,Average,Distracted,51,3
V2395,2395,Van,Average,Distracted,26,5
V2396,2396,Bicycle,Average,Normal,40,2
V2397,2397,Bus,Poor,Overspeeding,32,5
V2398,2398,Car,Average,Overspeeding,62,3
V2399,2399,Truck,Average,Distracted,51,3
V2400,2400,Car,Good,Overspeeding,59,3
V2401,2401,Auto,Poor,Overspeeding,29,3
V2402,2402,Auto,Average,Normal,37,2
V2403,2403,Car,Poor,Fatigue,65,4
V2404,2404,Bicycle,Good,Normal,20,1
V2405,2405,Truck,Average,Overspeeding,29,1
V2406,2406,Car,Average,Overspeeding,33,3
V2407,2407,Bike,Good,Normal,65,5
V2408,2408,Bicycle,Poor,Fatigue,24,2
V2409,2409,Bus,Average,Overspeeding,31,5
V2410,2410,Bike,Poor,Overspeeding,21,2
V2411,2411,Bike,Poor,Normal,28,1
V2412,2412,Car,Good,Drunk Driving,43,3
V2413,2413,Bike,Average,Distracted,56,5
V2414,2414,Car,Average,Overspeeding,63,4
V2415,2415,Van,Poor,Normal,54,3
V2416,2416,Bus,Average,Distracted,30,5
V2417,2417,Car,Average,Distracted,33,5
V2418,2418,Bicycle,Average,Distracted,45,3
V2419,2419,Truck,Poor,Fatigue,56,5
V2420,2420,Bus,Poor,Overspeeding,38,2
V2421,2421,Auto,Poor,Drunk Driving,46,5
V2422,2422,Bicycle,Average,Overspeeding,23,5
V2423,2423,Auto,Poor,Fatigue,64,3
V2424,2424,Van,Good,Drunk Driving,48,3
V2425,2425,Truck,Average,Fatigue,49,4
V2426,2426,Bicycle,Poor,Overspeeding,36,2
V2427,2427,Bus,Average,Drunk Driving,34,4
V2428,2428,Truck,Poor,Drunk Driving,26,1
V2429,2429,Bus,Good,Overspeeding,37,5
V2430,2430,Van,Good,Distracted,48,3
V2431,2431,Car,Poor,Drunk Driving,36,2
V2432,2432,Van,Average,Distracted,23,1
V2433,2433,Bicycle,Poor,Distracted,30,3
V2434,2434,Auto,Good,Drunk Driving,39,4
V2435,2435,Bicycle,Poor,Normal,57,5
V2436,2436,Truck,Average,Drunk Driving,23,3
V2437,2437,Truck,Poor,Normal,32,1
V2438,2438,Bus,Average,Overspeeding,20,1
V2439,2439,Bicycle,Poor,Drunk Driving,48,4
V2440,2440,Van,Good,Distracted,24,3
V2441,2441,Truck,Average,Fatigue,60,4
V2442,2442,Truck,Average,Overspeeding,40,2
V2443,2443,Van,Average,Distracted,24,1
V2444,2444,Truck,Good,Overspeeding,38,5
V2445,2445,Truck,Average,Fatigue,43,3
V2446,2446,Bicycle,Poor,Drunk Driving,54,4
V2447,2447,Car,Good,Distracted,40,1
V2448,2448,Truck,Average,Fatigue,19,2
V2449,2449,Auto,Good,Overspeeding,41,2
V2450,2450,Bicycle,Average,Drunk Driving,54,4
V2451,2451,Bike,Good,Normal,60,2
V2452,2452,Car,Good,Distracted,38,1
V2453,2453,Bus,Good,Distracted,64,3
V2454,2454,Bus,Average,Fatigue,27,5
V2455,2455,Van,Average,Normal,18,3
V2456,2456,Auto,Good,Distracted,62,2
V2457,2457,Truck,Poor,Drunk Driving,35,2
V2458,2458,Bike,Good,Overspeeding,45,4
V2459,2459,Truck,Average,Overspeeding,29,2
V2460,2460,Auto,Good,Drunk Driving,35,2
V2461,2461,Bike,Average,Overspeeding,42,5
V2462,2462,Auto,Good,Normal,20,1
V2463,2463,Van,Good,Drunk Driving,49,3
V2464,2464,Bus,Average,Normal,23,2
V2465,2465,Bus,Poor,Overspeeding,40,5
V2466,2466,Auto,Average,Overspeeding,60,2
V2467,2467,Bus,Good,Overspeeding,55,4
V2468,2468,Van,Poor,Overspeeding,40,5
V2469,2469,Van,Good,Drunk Driving,56,5
V2470,2470,Bus,Good,Drunk Driving,29,2
V2471,2471,Bike,Poor,Drunk Driving,32,1
V2472,2472,Car,Poor,Overspeeding,56,1
V2473,2473,Car,Good,Drunk Driving,46,4
V2474,2474,Car,Poor,Overspeeding,22,1
V2475,2475,Truck,Poor,Overspeeding,23,2
V2476,2476,Van,Average,Distracted,55,1
V2477,2477,Auto,Poor,Normal,32,5
V2478,2478,Car,Good,Overspeeding,48,1
V2479,2479,Auto,Average,Normal,31,4
V2480,2480,Auto,Poor,Normal,32,5
V2481,2481,Auto,Good,Fatigue,22,2
V2482,2482,Bicycle,Good,Distracted,22,2
V2483,2483,Bike,Good,Overspeeding,43,4
V2484,2484,Van,Poor,Normal,62,4
V2485,2485,Bicycle,Average,Fatigue,59,2
V2486,2486,Truck,Good,Fatigue,62,5
V2487,2487,Van,Poor,Overspeeding,64,5
V2488,2488,Bicycle,Average,Distracted,18,4
V2489,2489,Truck,Average,Distracted,51,3
V2490,2490,Truck,Good,Drunk Driving,48,1
V2491,2491,Van,Poor,Distracted,39,1
V2492,2492,Bicycle,Poor,Fatigue,33,1
V2493,2493,Bus,Average,Drunk Driving,18,4
V2494,2494,Auto,Poor,Normal,36,5
V2495,2495,Car,Good,Overspeeding,37,2
V2496,2496,Bike,Good,Overspeeding,44,2
V2497,2497,Bicycle,Poor,Normal,47,4
V2498,2498,Car,Poor,Drunk Driving,22,3
V2499,2499,Bus,Average,Drunk Driving,45,5
V2500,2500,Bus,Average,Drunk Driving,57,5
V2501,2501,Truck,Poor,Overspeeding,44,4
V2502,2502,Auto,Good,Normal,29,3
V2503,2503,Bike,Poor,Overspeeding,56,1
V2504,2504,Van,Average,Fatigue,32,5
V2505,2505,Auto,Good,Distracted,49,4
V2506,2506,Van,Poor,Distracted,47,3
V2507,2507,Auto,Good,Drunk Driving,51,1
V2508,2508,Van,Poor,Normal,27,1
V2509,2509,Bike,Average,Drunk Driving,25,3
V2510,2510,Auto,Poor,Fatigue,63,5
V2511,2511,Auto,Poor,Normal,41,5
V2512,2512,Bus,Poor,Distracted,46,5
V2513,2513,Bicycle,Poor,Normal,61,3
V2514,2514,Truck,Average,Overspeeding,34,2
V2515,2515,Van,Poor,Drunk Driving,21,3
V2516,2516,Bus,Poor,Normal,39,4
V2517,2517,Bike,Good,Fatigue,42,1
V2518,2518,Car,Average,Normal,54,1
V2519,2519,Truck,Average,Distracted,22,1
V2520,2520,Bus,Poor,Distracted,57,5
V2521,2521,Bicycle,Poor,Drunk Driving,54,4
V2522,2522,Truck,Good,Normal,42,4
V2523,2523,Van,Good,Drunk Driving,61,4
V2524,2524,Bike,Average,Overspeeding,65,3
V2525,2525,Truck,Average,Drunk Driving,23,3
V2526,2526,Bike,Good,Overspeeding,19,3
V2527,2527,Truck,Good,Normal,45,1
V2528,2528,Bike,Good,Drunk Driving,28,5
V2529,2529,Bus,Poor,Distracted,61,4
V2530,2530,Bicycle,Average,Drunk Driving,45,1
V2531,2531,Car,Good,Overspeeding,49,3
V2532,2532,Auto,Poor,Fatigue,57,2
V2533,2533,Auto,Good,Overspeeding,35,2
V2534,2534,Bus,Good,Drunk Driving,22,3
V2535,2535,Bike,Average,Normal,55,5
V2536,2536,Auto,Average,Distracted,41,5
V2537,2537,Truck,Poor,Distracted,52,2
V2538,2538,Truck,Average,Overspeeding,27,4
V2539,2539,Bus,Poor,Drunk Driving,57,5
V2540,2540,Van,Good,Overspeeding,61,5
V2541,2541,Car,Average,Overspeeding,36,5
V2542,2542,Bicycle,Good,Fatigue,22,4
V2543,2543,Bicycle,Average,Drunk Driving,28,4
V2544,2544,Bike,Poor,Overspeeding,31,3
V2545,2545,Van,Poor,Normal,37,1
V2546,2546,Car,Good,Fatigue,43,5
V2547,2547,Bus,Good,Fatigue,52,3
V2548,2548,Car,Average,Overspeeding,61,2
V2549,2549,Bus,Poor,Drunk Driving,37,4
V2550,2550,Bus,Good,Normal,52,4
V2551,2551,Bicycle,Average,Distracted,38,3
V2552,2552,Bike,Poor,Distracted,21,5
V2553,2553,Van,Average,Fatigue,49,1
V2554,2554,Bus,Good,Overspeeding,40,1
V2555,2555,Car,Poor,Distracted,32,3
V2556,2556,Auto,Average,Drunk Driving,59,5
V2557,2557,Truck,Good,Overspeeding,57,3
V2558,2558,Bicycle,Average,Normal,19,3
V2559,2559,Van,Average,Drunk Driving,30,5
V2560,2560,Van,Average,Drunk Driving,29,1
V2561,2561,Bus,Average,Drunk Driving,26,2
V2562,2562,Bus,Average,Distracted,18,1
V2563,2563,Van,Average,Overspeeding,32,1
V2564,2564,Bicycle,Poor,Distracted,59,2
V2565,2565,Van,Average,Distracted,54,2
V2566,2566,Bus,Average,Normal,37,2
V2567,2567,Truck,Good,Distracted,59,5
V2568,2568,Car,Poor,Fatigue,20,3
V2569,2569,Bus,Average,Distracted,64,4
V2570,2570,Bicycle,Good,Overspeeding,37,1
V2571,2571,Bicycle,Good,Overspeeding,30,3
V2572,2572,Auto,Poor,Drunk Driving,48,4
V2573,2573,Truck,Poor,Distracted,44,3
V2574,2574,Bike,Average,Overspeeding,19,4
V2575,2575,Van,Good,Drunk Driving,32,2
V2576,2576,Truck,Good,Drunk Driving,30,4
V2577,2577,Truck,Good,Overspeeding,19,5
V2578,2578,Truck,Average,Overspeeding,59,1
V2579,2579,Van,Good,Drunk Driving,56,4
V2580,2580,Truck,Poor,Distracted,36,1
V2581,2581,Bus,Good,Normal,43,4
V2582,2582,Bike,Average,Overspeeding,54,3
V2583,2583,Van,Good,Distracted,35,2
V2584,2584,Bus,Good,Normal,48,5
V2585,2585,Bus,Average,Normal,50,4
V2586,2586,Bike,Good,Drunk Driving,58,5
V2587,2587,Auto,Poor,Normal,24,1
V2588,2588,Van,Good,Fatigue,21,5
V2589,2589,Auto,Good,Overspeeding,61,1
V2590,2590,Bus,Good,Overspeeding,32,1
V2591,2591,Bus,Average,Overspeeding,25,1
V2592,2592,Auto,Good,Distracted,38,1
V2593,2593,Bus,Average,Fatigue,59,1
V2594,2594,Bike,Good,Normal,63,3
V2595,2595,Bicycle,Average,Distracted,30,2
V2596,2596,Auto,Average,Overspeeding,50,5
V2597,2597,Car,Good,Fatigue,26,5
V2598,2598,Car,Average,Normal,63,2
V2599,2599,Bike,Average,Normal,50,4
V2600,2600,Bike,Poor,Overspeeding,59,3
V2601,2601,Truck,Poor,Fatigue,28,4
V2602,2602,Auto,Average,Drunk Driving,41,5
V2603,2603,Van,Poor,Overspeeding,28,2
V2604,2604,Auto,Poor,Overspeeding,33,2
V2605,2605,Van,Poor,Overspeeding,43,3
V2606,2606,Auto,Good,Normal,20,5
V2607,2607,Auto,Poor,Overspeeding,45,1
V2608,2608,Van,Poor,Drunk Driving,62,4
V2609,2609,Truck,Average,Normal,42,2
V2610,2610,Van,Average,Fatigue,42,2
V2611,2611,Bike,Poor,Distracted,36,4
V2612,2612,Bicycle,Good,Normal,58,1
V2613,2613,Bus,Average,Fatigue,55,2
V2614,2614,Auto,Average,Overspeeding,52,1
V2615,2615,Car,Good,Distracted,40,3
V2616,2616,Bike,Average,Distracted,25,1
V2617,2617,Truck,Average,Overspeeding,63,5
V2618,2618,Bus,Good,Drunk Driving,19,2
V2619,2619,Van,Average,Normal,42,5
V2620,2620,Truck,Good,Normal,41,3
V2621,2621,Truck,Good,Normal,23,2
V2622,2622,Van,Poor,Drunk Driving,30,2
V2623,2623,Bike,Poor,Distracted,44,3
V2624,2624,Van,Good,Distracted,20,4
V2625,2625,Bus,Poor,Overspeeding,22,5
V2626,2626,Bus,Good,Normal,26,1
V2627,2627,Truck,Average,Fatigue,34,3
V2628,2628,Truck,Good,Fatigue,39,1
V2629,2629,Bike,Good,Fatigue,19,1
V2630,2630,Bus,Average,Distracted,27,3
V2631,2631,Truck,Average,Drunk Driving,58,2
V2632,2632,Bicycle,Good,Normal,52,5
V2633,2633,Auto,Average,Fatigue,37,5
V2634,2634,Truck,Poor,Drunk Driving,64,2
V2635,2635,Truck,Poor,Overspeeding,38,3
V2636,2636,Bike,Good,Drunk Driving,43,5
V2637,2637,Truck,Poor,Drunk Driving,54,2
V2638,2638,Truck,Good,Fatigue,51,5
V2639,2639,Auto,Poor,Distracted,28,2
V2640,2640,Bicycle,Average,Distracted,28,5
V2641,2641,Auto,Average,Overspeeding,43,3
V2642,2642,Auto,Average,Distracted,26,3
V2643,2643,Bike,Average,Distracted,49,4
V2644,2644,Truck,Poor,Distracted,60,1
V2645,2645,Truck,Average,Fatigue,35,2
V2646,2646,Bike,Good,Drunk Driving,63,3
V2647,2647,Bike,Good,Overspeeding,28,3
V2648,2648,Van,Average,Normal,22,2
V2649,2649,Car,Good,Fatigue,53,2
V2650,2650,Car,Average,Overspeeding,51,3
V2651,2651,Bus,Good,Fatigue,62,3
V2652,2652,Auto,Average,Drunk Driving,44,1
V2653,2653,Bike,Average,Distracted,24,1
V2654,2654,Van,Poor,Normal,45,1
V2655,2655,Van,Good,Fatigue,43,4
V2656,2656,Van,Average,Distracted,41,4
V2657,2657,Truck,Average,Fatigue,53,1
V2658,2658,Car,Average,Normal,49,1
V2659,2659,Bicycle,Average,Drunk Driving,45,2
V2660,2660,Van,Good,Normal,33,2
V2661,2661,Van,Good,Normal,39,5
V2662,2662,Bike,Poor,Distracted,22,2
V2663,2663,Car,Poor,Normal,49,1
V2664,2664,Car,Average,Fatigue,39,2
V2665,2665,Auto,Average,Fatigue,43,5
V2666,2666,Auto,Good,Drunk Driving,46,2
V2667,2667,Bicycle,Good,Fatigue,62,1
V2668,2668,Bicycle,Poor,Distracted,53,2
V2669,2669,Bus,Average,Overspeeding,22,1
V2670,2670,Auto,Average,Drunk Driving,27,3
V2671,2671,Van,Average,Fatigue,37,5
V2672,2672,Auto,Good,Overspeeding,65,1
V2673,2673,Auto,Average,Normal,36,3
V2674,2674,Bike,Poor,Overspeeding,26,5
V2675,2675,Auto,Good,Normal,45,3
V2676,2676,Bicycle,Good,Normal,23,5
V2677,2677,Van,Average,Drunk Driving,41,3
V2678,2678,Bicycle,Poor,Drunk Driving,53,1
V2679,2679,Van,Average,Drunk Driving,47,2
V2680,2680,Bicycle,Poor,Drunk Driving,33,3
V2681,2681,Van,Poor,Drunk Driving,24,2
V2682,2682,Bus,Poor,Distracted,53,3
V2683,2683,Bicycle,Average,Distracted,65,1
V2684,2684,Bike,Average,Fatigue,38,1
V2685,2685,Truck,Average,Normal,42,3
V2686,2686,Truck,Good,Distracted,36,4
V2687,2687,Bike,Good,Drunk Driving,43,4
V2688,2688,Auto,Average,Distracted,23,4
V2689,2689,Bike,Average,Distracted,23,2
V2690,2690,Auto,Average,Drunk Driving,34,4
V2691,2691,Bicycle,Average,Normal,33,5
V2692,2692,Van,Average,Fatigue,27,2
V2693,2693,Auto,Average,Distracted,28,2
V2694,2694,Car,Average,Normal,51,5
V2695,2695,Car,Good,Drunk Driving,18,2
V2696,2696,Bike,Average,Fatigue,58,4
V2697,2697,Bicycle,Average,Fatigue,31,1
V2698,2698,Bus,Average,Normal,48,5
V2699,2699,Van,Average,Fatigue,41,2
V2700,2700,Bike,Good,Normal,42,2
V2701,2701,Car,Poor,Drunk Driving,38,4
V2702,2702,Bus,Poor,Distracted,24,2
V2703,2703,Truck,Poor,Fatigue,61,4
V2704,2704,Auto,Average,Normal,30,2
V2705,2705,Bus,Good,Distracted,19,5
V2706,2706,Bus,Poor,Overspeeding,47,5
V2707,2707,Van,Good,Normal,61,3
V2708,2708,Car,Good,Fatigue,35,2
V2709,2709,Bus,Good,Distracted,55,3
V2710,2710,Truck,Poor,Overspeeding,43,5
V2711,2711,Truck,Good,Normal,26,2
V2712,2712,Truck,Average,Overspeeding,25,3
V2713,2713,Truck,Good,Normal,34,2
V2714,2714,Van,Average,Normal,40,4
V2715,2715,Bus,Poor,Normal,31,3
V2716,2716,Truck,Good,Drunk Driving,48,4
V2717,2717,Bus,Poor,Distracted,49,3
V2718,2718,Auto,Poor,Distracted,41,5
V2719,2719,Auto,Average,Fatigue,43,5
V2720,2720,Truck,Good,Distracted,18,5
V2721,2721,Car,Average,Fatigue,22,3
V2722,2722,Van,Good,Fatigue,54,5
V2723,2723,Bus,Average,Drunk Driving,57,3
V2724,2724,Bike,Poor,Overspeeding,50,5
V2725,2725,Truck,Poor,Drunk Driving,44,1
V2726,2726,Truck,Good,Drunk Driving,22,3
V2727,2727,Bus,Good,Overspeeding,61,4
V2728,2728,Bike,Good,Normal,63,5
V2729,2729,Bike,Poor,Fatigue,56,4
V2730,2730,Car,Poor,Distracted,27,4
V2731,2731,Truck,Poor,Distracted,20,2
V2732,2732,Car,Poor,Normal,18,3
V2733,2733,Bicycle,Average,Distracted,33,1
V2734,2734,Car,Poor,Normal,26,1
V2735,2735,Car,Poor,Distracted,39,1
V2736,2736,Auto,Good,Drunk Driving,21,2
V2737,2737,Van,Good,Distracted,35,5
V2738,2738,Truck,Good,Normal,49,2
V2739,2739,Van,Good,Normal,59,3
V2740,2740,Truck,Average,Distracted,61,3
V2741,2741,Bicycle,Average,Fatigue,53,3
V2742,2742,Car,Good,Overspeeding,45,4
V2743,2743,Bicycle,Good,Overspeeding,20,1
V2744,2744,Truck,Poor,Fatigue,21,4
V2745,2745,Truck,Poor,Distracted,35,3
V2746,2746,Auto,Good,Normal,46,3
V2747,2747,Auto,Good,Fatigue,28,4
V2748,2748,Auto,Average,Distracted,39,2
V2749,2749,Bus,Good,Drunk Driving,46,4
V2750,2750,Truck,Average,Drunk Driving,54,4
V2751,2751,Bus,Good,Normal,26,4
V2752,2752,Van,Poor,Overspeeding,57,2
V2753,2753,Van,Good,Overspeeding,21,5
V2754,2754,Auto,Poor,Distracted,56,5
V2755,2755,Bicycle,Average,Fatigue,44,4
V2756,2756,Bicycle,Average,Normal,41,5
V2757,2757,Bicycle,Good,Drunk Driving,48,3
V2758,2758,Auto,Average,Drunk Driving,43,1
V2759,2759,Bike,Good,Overspeeding,59,1
V2760,2760,Car,Good,Drunk Driving,63,5
V2761,2761,Bike,Poor,Overspeeding,45,1
V2762,2762,Bike,Good,Fatigue,56,1
V2763,2763,Car,Poor,Fatigue,24,1
V2764,2764,Bus,Good,Fatigue,41,3
V2765,2765,Car,Good,Drunk Driving,40,4
V2766,2766,Car,Average,Normal,25,5
V2767,2767,Bike,Average,Distracted,54,2
V2768,2768,Car,Average,Overspeeding,38,4
V2769,2769,Auto,Average,Drunk Driving,54,3
V2770,2770,Truck,Average,Drunk Driving,36,3
V2771,2771,Truck,Average,Overspeeding,36,3
V2772,2772,Car,Poor,Normal,42,2
V2773,2773,Van,Poor,Fatigue,21,4
V2774,2774,Bus,Average,Fatigue,20,1
V2775,2775,Car,Average,Drunk Driving,64,2
V2776,2776,Van,Poor,Overspeeding,23,1
V2777,2777,Bicycle,Good,Distracted,30,3
V2778,2778,Car,Average,Fatigue,41,4
V2779,2779,Car,Average,Drunk Driving,55,5
V2780,2780,Van,Good,Distracted,47,4
V2781,2781,Van,Poor,Drunk Driving,60,2
V2782,2782,Car,Poor,Fatigue,33,3
V2783,2783,Truck,Poor,Distracted,45,4
V2784,2784,Bus,Average,Overspeeding,38,5
V2785,2785,Auto,Poor,Normal,42,4
V2786,2786,Truck,Good,Fatigue,30,4
V2787,2787,Car,Average,Drunk Driving,44,2
V2788,2788,Truck,Poor,Overspeeding,55,2
V2789,2789,Auto,Poor,Overspeeding,22,2
V2790,2790,Bus,Poor,Overspeeding,61,4
V2791,2791,Auto,Poor,Distracted,23,5
V2792,2792,Car,Good,Distracted,53,3
V2793,2793,Bicycle,Average,Normal,60,5
V2794,2794,Auto,Average,Overspeeding,40,1
V2795,2795,Car,Good,Normal,40,1
V2796,2796,Bicycle,Average,Normal,29,5
V2797,2797,Bicycle,Average,Distracted,47,5
V2798,2798,Bicycle,Good,Normal,27,4
V2799,2799,Car,Poor,Overspeeding,24,4
V2800,2800,Van,Poor,Drunk Driving,57,2
V2801,2801,Car,Average,Fatigue,45,3
V2802,2802,Van,Average,Fatigue,24,1
V2803,2803,Bus,Good,Overspeeding,56,3
V2804,2804,Bicycle,Good,Normal,59,1
V2805,2805,Bus,Poor,Overspeeding,40,5
V2806,2806,Bicycle,Good,Drunk Driving,36,3
V2807,2807,Bike,Average,Normal,44,5
V2808,2808,Car,Average,Distracted,55,5
V2809,2809,Bus,Good,Normal,59,5
V2810,2810,Bus,Good,Overspeeding,36,3
V2811,2811,Bicycle,Good,Overspeeding,27,5
V2812,2812,Bicycle,Good,Distracted,43,5
V2813,2813,Bicycle,Poor,Distracted,41,3
V2814,2814,Van,Poor,Normal,58,1
V2815,2815,Truck,Poor,Distracted,49,4
V2816,2816,Bus,Average,Drunk Driving,37,1
V2817,2817,Auto,Average,Overspeeding,62,5
V2818,2818,Car,Good,Distracted,25,1
V2819,2819,Bus,Good,Overspeeding,55,4
V2820,2820,Auto,Poor,Distracted,55,4
V2821,2821,Car,Poor,Fatigue,45,2
V2822,2822,Bicycle,Good,Distracted,20,5
V2823,2823,Car,Poor,Drunk Driving,33,3
V2824,2824,Car,Poor,Normal,43,2
V2825,2825,Car,Poor,Normal,34,2
V2826,2826,Car,Average,Drunk Driving,41,3
V2827,2827,Bus,Good,Fatigue,23,5
V2828,2828,Truck,Good,Normal,22,4
V2829,2829,Bicycle,Good,Normal,19,2
V2830,2830,Bike,Poor,Fatigue,39,4
V2831,2831,Van,Average,Distracted,59,4
V2832,2832,Auto,Good,Fatigue,24,3
V2833,2833,Bike,Poor,Distracted,53,2
V2834,2834,Bicycle,Good,Distracted,38,5
V2835,2835,Van,Average,Distracted,52,2
V2836,2836,Truck,Average,Drunk Driving,30,4
V2837,2837,Auto,Poor,Fatigue,40,2
V2838,2838,Car,Good,Fatigue,27,5
V2839,2839,Truck,Average,Drunk Driving,57,3
V2840,2840,Bike,Good,Drunk Driving,47,2
V2841,2841,Bicycle,Poor,Distracted,45,2
V2842,2842,Auto,Poor,Fatigue,42,3
V2843,2843,Truck,Poor,Overspeeding,59,2
V2844,2844,Van,Poor,Normal,21,5
V2845,2845,Auto,Good,Drunk Driving,24,4
V2846,2846,Car,Average,Overspeeding,32,3
V2847,2847,Bike,Good,Fatigue,47,4
V2848,2848,Bus,Poor,Overspeeding,62,1
V2849,2849,Bicycle,Poor,Distracted,65,3
V2850,2850,Truck,Average,Fatigue,33,1
V2851,2851,Bike,Good,Drunk Driving,43,4
V2852,2852,Auto,Good,Overspeeding,34,2
V2853,2853,Bicycle,Average,Distracted,47,2
V2854,2854,Truck,Poor,Drunk Driving,47,5
V2855,2855,Van,Good,Overspeeding,47,3
V2856,2856,Bus,Poor,Distracted,33,5
V2857,2857,Car,Average,Overspeeding,65,1
V2858,2858,Bicycle,Good,Drunk Driving,53,1
V2859,2859,Auto,Good,Distracted,59,3
V2860,2860,Car,Good,Distracted,23,1
V2861,2861,Auto,Poor,Normal,18,3
V2862,2862,Car,Good,Normal,46,5
V2863,2863,Bicycle,Average,Overspeeding,45,5
V2864,2864,Auto,Good,Fatigue,64,1
V2865,2865,Auto,Average,Overspeeding,39,2
V2866,2866,Van,Good,Overspeeding,29,1
V2867,2867,Truck,Good,Distracted,33,3
V2868,2868,Van,Average,Fatigue,22,4
V2869,2869,Car,Poor,Drunk Driving,33,5
V2870,2870,Car,Average,Overspeeding,31,1
V2871,2871,Car,Poor,Fatigue,48,3
V2872,2872,Auto,Poor,Fatigue,43,3
V2873,2873,Van,Poor,Overspeeding,51,1
V2874,2874,Car,Average,Overspeeding,56,2
V2875,2875,Van,Good,Fatigue,30,1
V2876,2876,Bus,Good,Drunk Driving,18,3
V2877,2877,Auto,Average,Drunk Driving,25,5
V2878,2878,Bus,Good,Overspeeding,53,3
V2879,2879,Van,Average,Overspeeding,19,3
V2880,2880,Bike,Poor,Fatigue,56,2
V2881,2881,Truck,Average,Distracted,54,2
V2882,2882,Bicycle,Average,Distracted,41,4
V2883,2883,Bus,Poor,Normal,31,3
V2884,2884,Bicycle,Average,Drunk Driving,19,1
V2885,2885,Bike,Average,Normal,44,4
V2886,2886,Van,Good,Overspeeding,46,5
V2887,2887,Bicycle,Good,Overspeeding,64,2
V2888,2888,Truck,Average,Normal,28,3
V2889,2889,Bus,Good,Overspeeding,43,1
V2890,2890,Bus,Poor,Fatigue,26,4
V2891,2891,Bike,Poor,Normal,34,1
V2892,2892,Truck,Good,Distracted,39,1
V2893,2893,Auto,Average,Overspeeding,40,1
V2894,2894,Van,Average,Drunk Driving,37,3
V2895,2895,Car,Good,Distracted,41,3
V2896,2896,Bicycle,Average,Drunk Driving,64,5
V2897,2897,Auto,Poor,Distracted,50,3
V2898,2898,Bus,Good,Fatigue,18,4
V2899,2899,Truck,Poor,Overspeeding,37,4
V2900,2900,Bike,Good,Distracted,30,4
V2901,2901,Bike,Good,Fatigue,23,1
V2902,2902,Bike,Average,Normal,30,2
V2903,2903,Van,Average,Fatigue,53,5
V2904,2904,Truck,Average,Drunk Driving,51,1
V2905,2905,Auto,Good,Distracted,47,4
V2906,2906,Bus,Poor,Overspeeding,22,3
V2907,2907,Auto,Good,Fatigue,42,3
V2908,2908,Bike,Average,Drunk Driving,38,5
V2909,2909,Auto,Good,Normal,50,1
V2910,2910,Car,Poor,Distracted,62,3
V2911,2911,Bicycle,Good,Overspeeding,34,4
V2912,2912,Auto,Poor,Drunk Driving,49,5
V2913,2913,Car,Average,Fatigue,36,3
V2914,2914,Bicycle,Average,Distracted,43,4
V2915,2915,Van,Good,Drunk Driving,37,2
V2916,2916,Van,Average,Fatigue,21,3
V2917,2917,Auto,Poor,Fatigue,47,2
V2918,2918,Van,Good,Overspeeding,30,4
V2919,2919,Auto,Good,Normal,30,5
V2920,2920,Auto,Good,Drunk Driving,52,1
V2921,2921,Van,Poor,Drunk Driving,47,2
V2922,2922,Car,Poor,Normal,52,4
V2923,2923,Van,Poor,Normal,20,3
V2924,2924,Bus,Good,Overspeeding,31,2
V2925,2925,Bicycle,Poor,Normal,60,1
V2926,2926,Auto,Good,Distracted,27,3
V2927,2927,Truck,Average,Normal,64,3
V2928,2928,Bus,Poor,Drunk Driving,48,3
V2929,2929,Van,Poor,Normal,50,3
V2930,2930,Van,Good,Drunk Driving,56,4
V2931,2931,Auto,Poor,Fatigue,25,3
V2932,2932,Van,Average,Distracted,41,3
V2933,2933,Bike,Poor,Normal,60,2
V2934,2934,Bus,Good,Overspeeding,60,3
V2935,2935,Bike,Poor,Overspeeding,25,2
V2936,2936,Truck,Good,Drunk Driving,22,1
V2937,2937,Car,Good,Normal,34,4
V2938,2938,Van,Good,Distracted,43,4
V2939,2939,Truck,Poor,Fatigue,47,3
V2940,2940,Van,Good,Fatigue,44,2
V2941,2941,Bus,Good,Distracted,65,3
V2942,2942,Auto,Average,Normal,20,2
V2943,2943,Van,Poor,Fatigue,54,3
V2944,2944,Bicycle,Good,Normal,25,4
V2945,2945,Truck,Poor,Overspeeding,27,3
V2946,2946,Car,Average,Drunk Driving,24,3
V2947,2947,Bicycle,Good,Drunk Driving,34,5
V2948,2948,Bicycle,Average,Normal,19,3
V2949,2949,Bike,Good,Fatigue,20,3
V2950,2950,Bus,Average,Overspeeding,26,2
V2951,2951,Car,Average,Fatigue,35,1
V2952,2952,Bicycle,Poor,Distracted,37,5
V2953,2953,Bus,Poor,Fatigue,65,4
V2954,2954,Bike,Good,Drunk Driving,58,1
V2955,2955,Bicycle,Good,Fatigue,30,2
V2956,2956,Van,Average,Drunk Driving,31,1
V2957,2957,Bike,Poor,Normal,43,3
V2958,2958,Car,Good,Normal,47,2
V2959,2959,Van,Poor,Normal,30,2
V2960,2960,Bike,Poor,Distracted,22,2
V2961,2961,Van,Poor,Distracted,48,4
V2962,2962,Van,Average,Overspeeding,63,2
V2963,2963,Car,Poor,Normal,53,3
V2964,2964,Van,Good,Normal,65,2
V2965,2965,Bus,Average,Normal,21,2
V2966,2966,Bicycle,Good,Fatigue,64,4
V2967,2967,Truck,Good,Normal,29,3
V2968,2968,Van,Good,Fatigue,30,3
V2969,2969,Auto,Average,Fatigue,43,5
V2970,2970,Bus,Poor,Fatigue,18,5
V2971,2971,Bike,Poor,Overspeeding,48,2
V2972,2972,Bicycle,Average,Distracted,44,3
V2973,2973,Bike,Good,Normal,24,3
V2974,2974,Car,Poor,Normal,56,5
V2975,2975,Bicycle,Good,Fatigue,20,4
V2976,2976,Truck,Poor,Normal,39,4
V2977,2977,Van,Average,Fatigue,18,3
V2978,2978,Car,Average,Overspeeding,62,4
V2979,2979,Van,Poor,Overspeeding,40,3
V2980,2980,Bike,Good,Normal,26,2
V2981,2981,Car,Average,Drunk Driving,29,3
V2982,2982,Van,Good,Fatigue,29,4
V2983,2983,Truck,Good,Overspeeding,35,1
V2984,2984,Truck,Average,Distracted,22,4
V2985,2985,Truck,Poor,Distracted,60,5
V2986,2986,Bus,Poor,Normal,33,4
V2987,2987,Bicycle,Poor,Distracted,43,4
V2988,2988,Truck,Average,Drunk Driving,35,5
V2989,2989,Car,Poor,Distracted,31,4
V2990,2990,Van,Poor,Fatigue,30,4
V2991,2991,Van,Good,Fatigue,30,3
V2992,2992,Auto,Poor,Normal,51,5
V2993,2993,Bike,Good,Distracted,62,2
V2994,2994,Car,Good,Overspeeding,18,1
V2995,2995,Car,Average,Fatigue,65,4
V2996,2996,Bicycle,Poor,Distracted,45,2
V2997,2997,Van,Poor,Distracted,27,5
V2998,2998,Bike,Good,Drunk Driving,37,5
V2999,2999,Bus,Average,Overspeeding,41,2
V3000,3000,Car,Good,Distracted,25,2
V3001,3001,Bicycle,Poor,Overspeeding,47,4
V3002,3002,Van,Average,Overspeeding,24,4
V3003,3003,Bicycle,Average,Overspeeding,44,4
V3004,3004,Bus,Average,Overspeeding,42,5
V3005,3005,Bicycle,Good,Normal,51,3
V3006,3006,Bus,Poor,Fatigue,65,3
V3007,3007,Bus,Average,Drunk Driving,43,2
V3008,3008,Bike,Poor,Fatigue,42,4
V3009,3009,Truck,Average,Drunk Driving,64,3
V3010,3010,Auto,Poor,Distracted,41,5
V3011,3011,Van,Good,Overspeeding,64,3
V3012,3012,Van,Average,Drunk Driving,34,1
V3013,3013,Auto,Average,Drunk Driving,26,1
V3014,3014,Car,Average,Drunk Driving,61,1
V3015,3015,Car,Poor,Fatigue,36,3
V3016,3016,Bicycle,Average,Fatigue,25,2
V3017,3017,Bicycle,Good,Overspeeding,63,3
V3018,3018,Van,Average,Drunk Driving,28,2
V3019,3019,Van,Average,Normal,26,3
V3020,3020,Car,Poor,Overspeeding,40,3
V3021,3021,Bus,Good,Normal,48,3
V3022,3022,Truck,Average,Fatigue,36,5
V3023,3023,Bike,Average,Overspeeding,39,1
V3024,3024,Truck,Poor,Distracted,52,1
V3025,3025,Auto,Poor,Fatigue,45,1
V3026,3026,Bike,Poor,Distracted,27,1
V3027,3027,Auto,Good,Drunk Driving,27,4
V3028,3028,Van,Poor,Overspeeding,42,4
V3029,3029,Bus,Average,Fatigue,37,5
V3030,3030,Auto,Average,Overspeeding,26,1
V3031,3031,Truck,Average,Overspeeding,42,1
V3032,3032,Auto,Poor,Overspeeding,53,2
V3033,3033,Truck,Poor,Overspeeding,38,5
V3034,3034,Bus,Average,Distracted,59,5
V3035,3035,Auto,Poor,Distracted,50,1
V3036,3036,Bus,Average,Drunk Driving,22,1
V3037,3037,Van,Poor,Distracted,47,2
V3038,3038,Bike,Good,Normal,37,5
V3039,3039,Truck,Good,Distracted,24,1
V3040,3040,Car,Poor,Normal,44,1
V3041,3041,Car,Poor,Fatigue,21,4
V3042,3042,Auto,Good,Fatigue,21,5
V3043,3043,Auto,Average,Fatigue,23,2
V3044,3044,Van,Poor,Distracted,51,3
V3045,3045,Car,Average,Drunk Driving,35,1
V3046,3046,Truck,Average,Distracted,36,3
V3047,3047,Truck,Good,Distracted,42,4
V3048,3048,Truck,Poor,Drunk Driving,50,1
V3049,3049,Truck,Average,Drunk Driving,47,4
V3050,3050,Truck,Average,Drunk Driving,62,4
V3051,3051,Auto,Average,Distracted,40,4
V3052,3052,Van,Average,Drunk Driving,50,5
V3053,3053,Truck,Good,Distracted,18,5
V3054,3054,Auto,Poor,Drunk Driving,51,1
V3055,3055,Bike,Poor,Drunk Driving,55,5
V3056,3056,Truck,Good,Distracted,49,5
V3057,3057,Car,Poor,Normal,56,5
V3058,3058,Bike,Poor,Fatigue,58,4
V3059,3059,Truck,Good,Distracted,55,4
V3060,3060,Car,Good,Normal,25,1
V3061,3061,Car,Good,Normal,22,4
V3062,3062,Bus,Poor,Normal,42,4
V3063,3063,Bus,Average,Fatigue,21,5
V3064,3064,Truck,Good,Fatigue,25,3
V3065,3065,Truck,Good,Normal,61,5
V3066,3066,Car,Average,Normal,63,5
V3067,3067,Bike,Average,Drunk Driving,36,3
V3068,3068,Van,Average,Overspeeding,31,2
V3069,3069,Bike,Average,Overspeeding,33,5
V3070,3070,Truck,Average,Distracted,24,5
V3071,3071,Bike,Poor,Normal,19,1
V3072,3072,Auto,Poor,Overspeeding,47,4
V3073,3073,Bike,Good,Fatigue,25,4
V3074,3074,Van,Good,Fatigue,46,3
V3075,3075,Bicycle,Poor,Overspeeding,30,3
V3076,3076,Auto,Good,Normal,45,2
V3077,3077,Auto,Good,Overspeeding,27,1
V3078,3078,Auto,Poor,Drunk Driving,40,4
V3079,3079,Bus,Average,Overspeeding,28,4
V3080,3080,Truck,Average,Overspeeding,52,5
V3081,3081,Auto,Poor,Fatigue,31,5
V3082,3082,Van,Average,Drunk Driving,47,3
V3083,3083,Van,Poor,Drunk Driving,59,1
V3084,3084,Bus,Poor,Distracted,25,4
V3085,3085,Bicycle,Poor,Overspeeding,57,3
V3086,3086,Car,Good,Drunk Driving,65,5
V3087,3087,Bike,Poor,Overspeeding,18,3
V3088,3088,Auto,Good,Normal,29,3
V3089,3089,Bike,Average,Distracted,34,2
V3090,3090,Bicycle,Poor,Distracted,45,4
V3091,3091,Van,Poor,Drunk Driving,32,4
V3092,3092,Truck,Average,Fatigue,20,1
V3093,3093,Bus,Average,Fatigue,42,3
V3094,3094,Van,Average,Overspeeding,52,1
V3095,3095,Auto,Poor,Distracted,28,4
V3096,3096,Bike,Average,Drunk Driving,51,5
V3097,3097,Auto,Average,Distracted,21,2
V3098,3098,Car,Poor,Overspeeding,26,4
V3099,3099,Bike,Average,Overspeeding,60,3
V3100,3100,Van,Poor,Distracted,36,3
V3101,3101,Car,Average,Overspeeding,49,4
V3102,3102,Van,Good,Distracted,21,3
V3103,3103,Bicycle,Poor,Distracted,58,2
V3104,3104,Auto,Average,Normal,62,1
V3105,3105,Truck,Average,Drunk Driving,21,3
V3106,3106,Van,Poor,Distracted,46,4
V3107,3107,Truck,Poor,Distracted,38,2
V3108,3108,Auto,Average,Fatigue,39,5
V3109,3109,Van,Poor,Overspeeding,44,4
V3110,3110,Auto,Good,Drunk Driving,59,2
V3111,3111,Bicycle,Poor,Distracted,53,2
V3112,3112,Bike,Good,Normal,65,1
V3113,3113,Auto,Average,Distracted,27,2
V3114,3114,Van,Average,Overspeeding,57,1
V3115,3115,Truck,Good,Drunk Driving,32,5
V3116,3116,Bus,Good,Fatigue,41,4
V3117,3117,Bicycle,Good,Fatigue,24,4
V3118,3118,Bicycle,Average,Distracted,39,2
V3119,3119,Auto,Good,Normal,35,4
V3120,3120,Bicycle,Good,Drunk Driving,57,1
V3121,3121,Bicycle,Good,Normal,65,1
V3122,3122,Bike,Good,Fatigue,40,1
V3123,3123,Truck,Average,Overspeeding,61,5
V3124,3124,Truck,Good,Normal,60,5
V3125,3125,Truck,Poor,Overspeeding,25,2
V3126,3126,Bike,Average,Drunk Driving,39,3
V3127,3127,Car,Average,Distracted,37,5
V3128,3128,Car,Poor,Normal,33,4
V3129,3129,Auto,Good,Normal,29,1
V3130,3130,Bike,Good,Distracted,49,1
V3131,3131,Van,Average,Normal,51,2
V3132,3132,Bike,Poor,Distracted,46,3
V3133,3133,Car,Average,Drunk Driving,54,1
V3134,3134,Bike,Good,Normal,46,2
V3135,3135,Truck,Poor,Fatigue,18,1
V3136,3136,Van,Average,Drunk Driving,48,2
V3137,3137,Truck,Poor,Distracted,58,3
V3138,3138,Auto,Good,Distracted,20,3
V3139,3139,Bus,Good,Fatigue,39,3
V3140,3140,Bus,Good,Fatigue,27,4
V3141,3141,Bike,Average,Normal,22,3
V3142,3142,Bicycle,Good,Overspeeding,32,1
V3143,3143,Bicycle,Poor,Drunk Driving,18,5
V3144,3144,Van,Average,Distracted,37,1
V3145,3145,Car,Poor,Drunk Driving,26,1
V3146,3146,Bicycle,Poor,Drunk Driving,57,5
V3147,3147,Truck,Poor,Distracted,33,1
V3148,3148,Bicycle,Good,Normal,63,3
V3149,3149,Auto,Poor,Drunk Driving,36,5
V3150,3150,Truck,Average,Fatigue,32,3
V3151,3151,Car,Good,Distracted,34,4
V3152,3152,Car,Good,Fatigue,22,2
V3153,3153,Truck,Good,Fatigue,20,1
V3154,3154,Auto,Good,Drunk Driving,34,5
V3155,3155,Bike,Average,Normal,61,2
V3156,3156,Truck,Poor,Fatigue,39,4
V3157,3157,Bicycle,Good,Distracted,60,2
V3158,3158,Truck,Good,Fatigue,57,3
V3159,3159,Auto,Good,Fatigue,64,5
V3160,3160,Car,Poor,Fatigue,57,1
V3161,3161,Bike,Average,Overspeeding,26,1
V3162,3162,Auto,Average,Fatigue,57,2
V3163,3163,Truck,Poor,Normal,28,5
V3164,3164,Bus,Average,Overspeeding,40,3
V3165,3165,Auto,Average,Drunk Driving,26,5
V3166,3166,Truck,Good,Fatigue,37,1
V3167,3167,Bicycle,Good,Overspeeding,44,5
V3168,3168,Truck,Poor,Distracted,18,3
V3169,3169,Car,Poor,Overspeeding,62,5
V3170,3170,Truck,Good,Overspeeding,61,5
V3171,3171,Bus,Average,Fatigue,60,1
V3172,3172,Car,Good,Drunk Driving,44,2
V3173,3173,Van,Average,Drunk Driving,58,4
V3174,3174,Car,Average,Normal,59,5
V3175,3175,Auto,Good,Distracted,21,1
V3176,3176,Bus,Average,Drunk Driving,59,1
V3177,3177,Van,Poor,Drunk Driving,50,3
V3178,3178,Bus,Average,Drunk Driving,52,2
V3179,3179,Auto,Good,Normal,53,4
V3180,3180,Car,Average,Normal,37,3
V3181,3181,Auto,Average,Distracted,42,2
V3182,3182,Bike,Average,Drunk Driving,38,3
V3183,3183,Bus,Good,Distracted,32,2
V3184,3184,Auto,Good,Fatigue,42,5
V3185,3185,Bicycle,Poor,Drunk Driving,60,1
V3186,3186,Bus,Good,Drunk Driving,65,4
V3187,3187,Bike,Average,Normal,50,3
V3188,3188,Auto,Poor,Normal,32,1
V3189,3189,Truck,Poor,Distracted,48,1
V3190,3190,Bicycle,Good,Drunk Driving,36,5
V3191,3191,Auto,Poor,Overspeeding,27,5
V3192,3192,Van,Good,Normal,61,4
V3193,3193,Bus,Average,Normal,20,3
V3194,3194,Van,Poor,Drunk Driving,46,3
V3195,3195,Auto,Average,Distracted,22,5
V3196,3196,Truck,Poor,Fatigue,21,1
V3197,3197,Bus,Poor,Normal,39,5
V3198,3198,Bus,Good,Distracted,60,2
V3199,3199,Bicycle,Good,Drunk Driving,43,3
V3200,3200,Bike,Average,Fatigue,43,5
V3201,3201,Truck,Poor,Overspeeding,24,1
V3202,3202,Bike,Average,Distracted,49,5
V3203,3203,Van,Poor,Fatigue,42,2
V3204,3204,Auto,Average,Drunk Driving,54,5
V3205,3205,Car,Poor,Overspeeding,59,2
V3206,3206,Auto,Good,Drunk Driving,24,4
V3207,3207,Car,Poor,Drunk Driving,42,1
V3208,3208,Van,Poor,Normal,50,1
V3209,3209,Bike,Poor,Drunk Driving,61,4
V3210,3210,Car,Average,Drunk Driving,30,3
V3211,3211,Car,Good,Normal,60,3
V3212,3212,Auto,Poor,Normal,28,4
V3213,3213,Bicycle,Good,Fatigue,65,5
V3214,3214,Bike,Average,Distracted,25,1
V3215,3215,Bicycle,Average,Fatigue,46,5
V3216,3216,Auto,Poor,Fatigue,44,1
V3217,3217,Bike,Average,Distracted,45,4
V3218,3218,Auto,Poor,Drunk Driving,65,4
V3219,3219,Auto,Average,Fatigue,43,3
V3220,3220,Bike,Average,Drunk Driving,36,2
V3221,3221,Bicycle,Good,Drunk Driving,52,4
V3222,3222,Auto,Average,Drunk Driving,55,3
V3223,3223,Bike,Average,Distracted,30,1
V3224,3224,Van,Poor,Overspeeding,20,4
V3225,3225,Bike,Good,Distracted,40,4
V3226,3226,Bike,Poor,Overspeeding,34,1
V3227,3227,Bicycle,Poor,Drunk Driving,59,1
V3228,3228,Bus,Average,Normal,18,5
V3229,3229,Van,Average,Overspeeding,62,5
V3230,3230,Car,Poor,Normal,65,5
V3231,3231,Bus,Good,Drunk Driving,49,3
V3232,3232,Truck,Good,Drunk Driving,21,4
V3233,3233,Bus,Good,Normal,28,3
V3234,3234,Van,Poor,Normal,24,1
V3235,3235,Van,Good,Normal,28,4
V3236,3236,Truck,Good,Overspeeding,59,2
V3237,3237,Car,Average,Fatigue,22,1
V3238,3238,Bus,Poor,Overspeeding,39,3
V3239,3239,Van,Poor,Distracted,24,5
V3240,3240,Truck,Average,Fatigue,32,4
V3241,3241,Bike,Average,Fatigue,23,3
V3242,3242,Bus,Good,Overspeeding,53,1
V3243,3243,Bus,Poor,Fatigue,21,3
V3244,3244,Van,Average,Normal,60,3
V3245,3245,Truck,Good,Distracted,50,2
V3246,3246,Bicycle,Average,Overspeeding,52,3
V3247,3247,Bus,Good,Distracted,24,4
V3248,3248,Bike,Good,Normal,62,2
V3249,3249,Van,Average,Fatigue,49,4
V3250,3250,Bike,Poor,Normal,25,1
V3251,3251,Van,Good,Drunk Driving,37,1
V3252,3252,Car,Poor,Drunk Driving,47,3
V3253,3253,Van,Average,Drunk Driving,41,1
V3254,3254,Auto,Poor,Normal,38,1
V3255,3255,Bus,Average,Overspeeding,49,2
V3256,3256,Auto,Average,Normal,28,5
V3257,3257,Bus,Average,Overspeeding,37,4
V3258,3258,Bike,Average,Overspeeding,18,3
V3259,3259,Bike,Good,Normal,57,2
V3260,3260,Auto,Average,Drunk Driving,29,3
V3261,3261,Bus,Average,Drunk Driving,47,1
V3262,3262,Bus,Good,Drunk Driving,26,1
V3263,3263,Bike,Good,Overspeeding,44,5
V3264,3264,Bike,Poor,Overspeeding,48,1
V3265,3265,Van,Poor,Normal,53,2
V3266,3266,Bicycle,Poor,Normal,48,1
V3267,3267,Car,Good,Normal,37,5
V3268,3268,Bike,Average,Overspeeding,59,2
V3269,3269,Bike,Good,Fatigue,64,2
V3270,3270,Auto,Good,Distracted,54,2
V3271,3271,Van,Poor,Drunk Driving,62,5
V3272,3272,Bicycle,Average,Fatigue,43,5
V3273,3273,Bike,Poor,Fatigue,60,2
V3274,3274,Bike,Good,Fatigue,64,3
V3275,3275,Truck,Good,Overspeeding,46,4
V3276,3276,Van,Poor,Distracted,52,5
V3277,3277,Auto,Average,Overspeeding,35,5
V3278,3278,Van,Poor,Normal,26,2
V3279,3279,Bicycle,Good,Distracted,57,1
V3280,3280,Bus,Poor,Overspeeding,32,5
V3281,3281,Bike,Good,Overspeeding,51,1
V3282,3282,Car,Average,Drunk Driving,61,4
V3283,3283,Car,Good,Fatigue,55,5
V3284,3284,Auto,Average,Fatigue,20,2
V3285,3285,Bike,Poor,Drunk Driving,31,1
V3286,3286,Truck,Average,Distracted,30,1
V3287,3287,Bus,Good,Fatigue,47,3
V3288,3288,Truck,Poor,Drunk Driving,35,1
V3289,3289,Bus,Poor,Normal,46,3
V3290,3290,Truck,Poor,Drunk Driving,51,4
V3291,3291,Auto,Average,Drunk Driving,46,5
V3292,3292,Car,Good,Fatigue,32,4
V3293,3293,Auto,Average,Overspeeding,22,1
V3294,3294,Bus,Good,Overspeeding,36,1
V3295,3295,Car,Good,Overspeeding,52,3
V3296,3296,Van,Average,Drunk Driving,49,3
V3297,3297,Truck,Poor,Normal,37,2
V3298,3298,Van,Poor,Normal,38,4
V3299,3299,Van,Average,Distracted,50,4
V3300,3300,Bicycle,Good,Drunk Driving,18,1
V3301,3301,Van,Poor,Distracted,54,5
V3302,3302,Car,Poor,Normal,41,2
V3303,3303,Van,Poor,Distracted,25,2
V3304,3304,Van,Poor,Fatigue,45,2
V3305,3305,Auto,Average,Normal,62,3
V3306,3306,Van,Average,Distracted,47,5
V3307,3307,Auto,Good,Fatigue,19,5
V3308,3308,Bus,Poor,Fatigue,27,1
V3309,3309,Truck,Average,Overspeeding,39,2
V3310,3310,Bicycle,Average,Fatigue,43,2
V3311,3311,Truck,Poor,Normal,60,4
V3312,3312,Bus,Good,Distracted,18,4
V3313,3313,Car,Poor,Distracted,60,3
V3314,3314,Auto,Poor,Fatigue,64,4
V3315,3315,Auto,Good,Overspeeding,56,2
V3316,3316,Bike,Poor,Normal,39,5
V3317,3317,Truck,Average,Fatigue,37,4
V3318,3318,Car,Poor,Overspeeding,30,3
V3319,3319,Truck,Average,Normal,32,1
V3320,3320,Auto,Good,Overspeeding,42,2
V3321,3321,Truck,Poor,Normal,64,1
V3322,3322,Car,Good,Distracted,40,4
V3323,3323,Bicycle,Good,Fatigue,47,5
V3324,3324,Truck,Poor,Fatigue,24,4
V3325,3325,Van,Good,Normal,56,3
V3326,3326,Bus,Good,Drunk Driving,41,1
V3327,3327,Auto,Average,Normal,55,2
V3328,3328,Auto,Poor,Overspeeding,59,1
V3329,3329,Van,Good,Fatigue,32,2
V3330,3330,Bike,Good,Distracted,51,4
V3331,3331,Auto,Average,Fatigue,63,1
V3332,3332,Truck,Poor,Drunk Driving,59,3
V3333,3333,Bus,Poor,Overspeeding,48,3
V3334,3334,Bicycle,Poor,Normal,33,1
V3335,3335,Truck,Average,Distracted,54,3
V3336,3336,Van,Good,Overspeeding,54,5
V3337,3337,Auto,Average,Overspeeding,21,4
V3338,3338,Truck,Poor,Distracted,62,5
V3339,3339,Truck,Good,Distracted,31,4
V3340,3340,Van,Good,Normal,20,5
V3341,3341,Van,Poor,Overspeeding,45,4
V3342,3342,Bicycle,Average,Drunk Driving,34,3
V3343,3343,Bike,Average,Normal,56,3
V3344,3344,Van,Poor,Drunk Driving,65,3
V3345,3345,Truck,Poor,Overspeeding,38,2
V3346,3346,Auto,Poor,Distracted,36,5
V3347,3347,Truck,Good,Drunk Driving,29,2
V3348,3348,Bike,Good,Fatigue,32,1
V3349,3349,Auto,Average,Drunk Driving,31,5
V3350,3350,Auto,Poor,Distracted,33,3
V3351,3351,Bicycle,Average,Distracted,43,5
V3352,3352,Bike,Poor,Fatigue,63,3
V3353,3353,Car,Poor,Normal,52,1
V3354,3354,Auto,Average,Distracted,40,2
V3355,3355,Bus,Good,Distracted,35,1
V3356,3356,Van,Poor,Normal,56,1
V3357,3357,Car,Poor,Drunk Driving,33,3
V3358,3358,Van,Poor,Normal,53,3
V3359,3359,Bus,Poor,Distracted,64,2
V3360,3360,Bike,Average,Drunk Driving,24,2
V3361,3361,Van,Poor,Drunk Driving,47,3
V3362,3362,Bus,Good,Normal,22,3
V3363,3363,Bicycle,Poor,Distracted,37,4
V3364,3364,Bus,Average,Normal,49,4
V3365,3365,Car,Average,Overspeeding,62,3
V3366,3366,Truck,Average,Overspeeding,43,2
V3367,3367,Truck,Average,Overspeeding,29,4
V3368,3368,Auto,Poor,Fatigue,38,2
V3369,3369,Bicycle,Poor,Normal,22,2
V3370,3370,Truck,Good,Overspeeding,29,3
V3371,3371,Van,Average,Fatigue,41,4
V3372,3372,Car,Good,Distracted,55,3
V3373,3373,Auto,Good,Overspeeding,33,1
V3374,3374,Bike,Average,Distracted,20,1
V3375,3375,Car,Average,Normal,40,3
V3376,3376,Auto,Good,Normal,41,4
V3377,3377,Bicycle,Good,Overspeeding,28,5
V3378,3378,Bicycle,Good,Normal,43,3
V3379,3379,Van,Poor,Fatigue,43,2
V3380,3380,Bicycle,Poor,Drunk Driving,55,4
V3381,3381,Bicycle,Average,Distracted,41,2
V3382,3382,Bicycle,Average,Overspeeding,21,5
V3383,3383,Bus,Poor,Overspeeding,47,2
V3384,3384,Car,Good,Drunk Driving,43,2
V3385,3385,Bike,Poor,Distracted,42,3
V3386,3386,Truck,Average,Fatigue,60,5
V3387,3387,Bicycle,Poor,Overspeeding,26,5
V3388,3388,Auto,Good,Overspeeding,33,1
V3389,3389,Car,Good,Overspeeding,33,1
V3390,3390,Bike,Good,Distracted,37,5
V3391,3391,Bicycle,Poor,Overspeeding,61,3
V3392,3392,Bicycle,Average,Distracted,51,4
V3393,3393,Bus,Good,Drunk Driving,64,1
V3394,3394,Bicycle,Average,Distracted,28,1
V3395,3395,Car,Poor,Distracted,19,3
V3396,3396,Bicycle,Good,Fatigue,54,4
V3397,3397,Car,Average,Drunk Driving,48,3
V3398,3398,Van,Average,Drunk Driving,53,2
V3399,3399,Bus,Average,Fatigue,65,3
V3400,3400,Bus,Poor,Drunk Driving,52,3
V3401,3401,Bus,Average,Distracted,58,1
V3402,3402,Bus,Poor,Distracted,33,4
V3403,3403,Bus,Average,Overspeeding,59,1
V3404,3404,Car,Good,Distracted,46,3
V3405,3405,Van,Average,Fatigue,45,4
V3406,3406,Auto,Good,Normal,48,4
V3407,3407,Van,Average,Overspeeding,27,1
V3408,3408,Bicycle,Good,Drunk Driving,25,4
V3409,3409,Bus,Good,Drunk Driving,39,1
V3410,3410,Van,Poor,Drunk Driving,62,1
V3411,3411,Auto,Poor,Drunk Driving,51,5
V3412,3412,Bus,Average,Normal,18,1
V3413,3413,Bike,Average,Drunk Driving,42,1
V3414,3414,Van,Good,Overspeeding,34,4
V3415,3415,Bus,Average,Fatigue,53,5
V3416,3416,Truck,Good,Drunk Driving,41,2
V3417,3417,Van,Poor,Normal,40,2
V3418,3418,Bus,Average,Distracted,59,3
V3419,3419,Van,Average,Drunk Driving,21,1
V3420,3420,Van,Average,Fatigue,65,3
V3421,3421,Truck,Poor,Overspeeding,33,4
V3422,3422,Bicycle,Average,Fatigue,34,5
V3423,3423,Bike,Average,Normal,44,2
V3424,3424,Van,Good,Fatigue,47,2
V3425,3425,Van,Average,Normal,34,4
V3426,3426,Car,Poor,Drunk Driving,53,4
V3427,3427,Bus,Good,Normal,21,1
V3428,3428,Auto,Average,Drunk Driving,59,1
V3429,3429,Auto,Good,Drunk Driving,26,3
V3430,3430,Bus,Poor,Normal,54,4
V3431,3431,Auto,Average,Normal,52,3
V3432,3432,Truck,Poor,Normal,30,3
V3433,3433,Bus,Average,Normal,34,5
V3434,3434,Van,Poor,Drunk Driving,57,2
V3435,3435,Van,Average,Drunk Driving,23,2
V3436,3436,Truck,Average,Drunk Driving,50,4
V3437,3437,Truck,Average,Drunk Driving,33,3
V3438,3438,Bicycle,Good,Normal,46,3
V3439,3439,Bike,Poor,Normal,63,3
V3440,3440,Van,Average,Distracted,24,4
V3441,3441,Truck,Average,Distracted,24,4
V3442,3442,Bike,Poor,Distracted,65,3
V3443,3443,Car,Good,Fatigue,51,2
V3444,3444,Bike,Poor,Fatigue,50,2
V3445,3445,Bus,Poor,Drunk Driving,41,4
V3446,3446,Auto,Poor,Drunk Driving,42,3
V3447,3447,Bicycle,Good,Fatigue,42,3
V3448,3448,Bus,Average,Drunk Driving,63,4
V3449,3449,Truck,Average,Overspeeding,64,5
V3450,3450,Van,Poor,Drunk Driving,54,2
V3451,3451,Auto,Good,Normal,57,5
V3452,3452,Van,Good,Distracted,40,3
V3453,3453,Van,Poor,Distracted,46,2
V3454,3454,Bike,Average,Fatigue,21,3
V3455,3455,Car,Poor,Distracted,31,1
V3456,3456,Bike,Poor,Drunk Driving,36,3
V3457,3457,Truck,Average,Normal,24,4
V3458,3458,Car,Average,Fatigue,53,5
V3459,3459,Truck,Average,Distracted,20,2
V3460,3460,Auto,Average,Fatigue,24,5
V3461,3461,Auto,Poor,Normal,26,5
V3462,3462,Truck,Average,Overspeeding,59,4
V3463,3463,Car,Average,Distracted,64,4
V3464,3464,Bike,Good,Distracted,52,1
V3465,3465,Bicycle,Average,Fatigue,50,3
V3466,3466,Car,Average,Distracted,22,2
V3467,3467,Bike,Average,Distracted,24,2
V3468,3468,Truck,Poor,Distracted,56,3
V3469,3469,Van,Good,Distracted,59,1
V3470,3470,Car,Average,Distracted,55,1
V3471,3471,Auto,Good,Distracted,58,3
V3472,3472,Bike,Average,Drunk Driving,35,4
V3473,3473,Auto,Average,Normal,43,5
V3474,3474,Truck,Good,Distracted,57,1
V3475,3475,Bicycle,Average,Drunk Driving,50,2
V3476,3476,Bike,Poor,Normal,18,1
V3477,3477,Van,Poor,Drunk Driving,50,2
V3478,3478,Auto,Good,Normal,44,5
V3479,3479,Bike,Good,Distracted,60,1
V3480,3480,Car,Average,Drunk Driving,35,5
V3481,3481,Bus,Average,Drunk Driving,30,2
V3482,3482,Bicycle,Average,Distracted,34,5
V3483,3483,Bicycle,Poor,Normal,35,1
V3484,3484,Auto,Good,Drunk Driving,61,1
V3485,3485,Bike,Poor,Distracted,58,5
V3486,3486,Bike,Good,Drunk Driving,30,3
V3487,3487,Bike,Poor,Fatigue,25,1
V3488,3488,Van,Average,Fatigue,46,4
V3489,3489,Truck,Good,Normal,22,1
V3490,3490,Bike,Poor,Normal,56,5
V3491,3491,Van,Average,Overspeeding,59,3
V3492,3492,Bicycle,Poor,Distracted,59,2
V3493,3493,Truck,Poor,Drunk Driving,25,3
V3494,3494,Bike,Average,Normal,56,3
V3495,3495,Car,Average,Fatigue,40,3
V3496,3496,Van,Good,Drunk Driving,30,4
V3497,3497,Bike,Good,Overspeeding,63,4
V3498,3498,Auto,Poor,Distracted,50,3
V3499,3499,Auto,Poor,Distracted,39,3
V3500,3500,Car,Poor,Overspeeding,23,2
V3501,3501,Auto,Good,Fatigue,43,4
V3502,3502,Bus,Good,Distracted,46,5
V3503,3503,Van,Average,Overspeeding,18,5
V3504,3504,Bus,Poor,Overspeeding,24,4
V3505,3505,Bicycle,Poor,Normal,20,2
V3506,3506,Truck,Average,Fatigue,59,2
V3507,3507,Bus,Good,Distracted,56,2
V3508,3508,Truck,Average,Overspeeding,60,2
V3509,3509,Bike,Good,Drunk Driving,23,1
V3510,3510,Car,Poor,Distracted,41,5
V3511,3511,Bicycle,Good,Drunk Driving,32,2
V3512,3512,Bike,Good,Fatigue,39,3
V3513,3513,Truck,Poor,Drunk Driving,49,5
V3514,3514,Van,Poor,Fatigue,35,3
V3515,3515,Bicycle,Poor,Fatigue,54,5
V3516,3516,Auto,Poor,Drunk Driving,19,2
V3517,3517,Bike,Poor,Overspeeding,57,1
V3518,3518,Bicycle,Good,Drunk Driving,57,3
V3519,3519,Bike,Average,Distracted,42,2
V3520,3520,Bus,Good,Normal,62,1
V3521,3521,Car,Average,Fatigue,19,1
V3522,3522,Bus,Good,Drunk Driving,61,3
V3523,3523,Car,Good,Normal,27,5
V3524,3524,Car,Poor,Distracted,65,4
V3525,3525,Auto,Good,Normal,43,4
V3526,3526,Auto,Average,Overspeeding,21,5
V3527,3527,Truck,Good,Distracted,64,5
V3528,3528,Truck,Average,Overspeeding,27,1
V3529,3529,Car,Poor,Distracted,28,3
V3530,3530,Auto,Poor,Overspeeding,21,4
V3531,3531,Bicycle,Good,Fatigue,58,1
V3532,3532,Car,Good,Distracted,57,3
V3533,3533,Bicycle,Poor,Distracted,51,2
V3534,3534,Van,Good,Drunk Driving,44,4
V3535,3535,Bike,Good,Drunk Driving,24,2
V3536,3536,Bus,Poor,Overspeeding,48,1
V3537,3537,Bicycle,Poor,Drunk Driving,35,4
V3538,3538,Truck,Average,Normal,18,5
V3539,3539,Auto,Good,Distracted,30,2
V3540,3540,Van,Average,Overspeeding,47,2
V3541,3541,Van,Good,Overspeeding,18,4
V3542,3542,Bike,Average,Overspeeding,54,5
V3543,3543,Bus,Average,Distracted,42,1
V3544,3544,Bus,Average,Distracted,44,3
V3545,3545,Auto,Average,Drunk Driving,29,2
V3546,3546,Bike,Average,Normal,44,1
V3547,3547,Van,Poor,Overspeeding,23,5
V3548,3548,Bike,Average,Drunk Driving,31,1
V3549,3549,Auto,Good,Drunk Driving,22,4
V3550,3550,Truck,Good,Fatigue,38,2
V3551,3551,Bicycle,Poor,Overspeeding,29,4
V3552,3552,Auto,Poor,Overspeeding,54,5
V3553,3553,Truck,Average,Distracted,64,1
V3554,3554,Car,Poor,Distracted,28,3
V3555,3555,Car,Poor,Overspeeding,64,2
V3556,3556,Car,Average,Drunk Driving,55,4
V3557,3557,Car,Good,Overspeeding,45,1
V3558,3558,Van,Good,Fatigue,35,4
V3559,3559,Bicycle,Average,Normal,56,5
V3560,3560,Car,Good,Fatigue,64,2
V3561,3561,Van,Good,Distracted,26,4
V3562,3562,Bus,Poor,Normal,24,1
V3563,3563,Bicycle,Poor,Distracted,62,4
V3564,3564,Bike,Poor,Overspeeding,62,5
V3565,3565,Bicycle,Average,Fatigue,48,5
V3566,3566,Bike,Good,Distracted,26,2
V3567,3567,Bus,Average,Overspeeding,43,4
V3568,3568,Bike,Average,Distracted,54,2
V3569,3569,Bike,Poor,Normal,27,2
V3570,3570,Bicycle,Average,Drunk Driving,34,2
V3571,3571,Truck,Good,Normal,28,1
V3572,3572,Bike,Poor,Drunk Driving,23,1
V3573,3573,Van,Poor,Normal,24,4
V3574,3574,Van,Good,Normal,35,2
V3575,3575,Bus,Average,Drunk Driving,23,1
V3576,3576,Auto,Poor,Normal,30,4
V3577,3577,Bus,Poor,Overspeeding,41,2
V3578,3578,Bus,Average,Distracted,43,2
V3579,3579,Bicycle,Poor,Overspeeding,56,3
V3580,3580,Bus,Good,Normal,65,3
V3581,3581,Bike,Poor,Drunk Driving,56,2
V3582,3582,Van,Average,Overspeeding,20,5
V3583,3583,Van,Poor,Drunk Driving,52,5
V3584,3584,Truck,Good,Fatigue,40,3
V3585,3585,Bike,Good,Drunk Driving,60,5
V3586,3586,Truck,Good,Fatigue,47,5
V3587,3587,Bicycle,Poor,Distracted,43,3
V3588,3588,Bus,Poor,Overspeeding,22,2
V3589,3589,Van,Poor,Fatigue,39,5
V3590,3590,Auto,Poor,Drunk Driving,35,3
V3591,3591,Bus,Average,Distracted,42,3
V3592,3592,Bus,Good,Drunk Driving,22,1
V3593,3593,Auto,Average,Overspeeding,36,2
V3594,3594,Bike,Poor,Distracted,43,2
V3595,3595,Truck,Good,Distracted,48,2
V3596,3596,Bicycle,Average,Drunk Driving,37,5
V3597,3597,Truck,Good,Drunk Driving,46,1
V3598,3598,Bike,Good,Overspeeding,30,1
V3599,3599,Car,Good,Drunk Driving,20,5
V3600,3600,Bike,Poor,Drunk Driving,55,3
V3601,3601,Van,Average,Normal,25,1
V3602,3602,Bike,Good,Overspeeding,65,2
V3603,3603,Bicycle,Average,Overspeeding,50,4
V3604,3604,Truck,Good,Normal,51,3
V3605,3605,Bicycle,Average,Fatigue,65,1
V3606,3606,Van,Average,Drunk Driving,54,3
V3607,3607,Truck,Poor,Overspeeding,44,1
V3608,3608,Van,Good,Distracted,64,3
V3609,3609,Van,Average,Fatigue,59,1
V3610,3610,Bicycle,Good,Normal,62,2
V3611,3611,Bicycle,Average,Fatigue,40,1
V3612,3612,Bike,Good,Overspeeding,18,2
V3613,3613,Auto,Good,Fatigue,38,4
V3614,3614,Bicycle,Poor,Drunk Driving,18,4
V3615,3615,Bicycle,Good,Normal,56,4
V3616,3616,Bicycle,Average,Fatigue,32,4
V3617,3617,Truck,Average,Normal,56,1
V3618,3618,Bicycle,Poor,Fatigue,40,5
V3619,3619,Bicycle,Average,Normal,44,5
V3620,3620,Van,Average,Drunk Driving,54,5
V3621,3621,Car,Poor,Overspeeding,54,3
V3622,3622,Van,Poor,Distracted,61,1
V3623,3623,Truck,Good,Fatigue,23,1
V3624,3624,Bike,Average,Drunk Driving,30,1
V3625,3625,Bicycle,Good,Fatigue,57,5
V3626,3626,Car,Poor,Overspeeding,25,5
V3627,3627,Car,Good,Overspeeding,61,3
V3628,3628,Bus,Average,Distracted,65,3
V3629,3629,Auto,Poor,Normal,61,1
V3630,3630,Bike,Good,Fatigue,27,5
V3631,3631,Bus,Good,Fatigue,46,4
V3632,3632,Auto,Average,Fatigue,28,3
V3633,3633,Truck,Poor,Fatigue,62,3
V3634,3634,Van,Poor,Normal,56,2
V3635,3635,Bike,Poor,Overspeeding,56,2
V3636,3636,Van,Average,Overspeeding,58,5
V3637,3637,Car,Poor,Drunk Driving,53,4
V3638,3638,Car,Average,Fatigue,24,2
V3639,3639,Bicycle,Poor,Overspeeding,32,3
V3640,3640,Van,Average,Distracted,29,3
V3641,3641,Auto,Poor,Normal,64,5
V3642,3642,Bus,Good,Normal,52,4
V3643,3643,Bike,Good,Overspeeding,22,1
V3644,3644,Bus,Average,Normal,20,5
V3645,3645,Bus,Good,Fatigue,32,2
V3646,3646,Truck,Poor,Distracted,37,4
V3647,3647,Truck,Poor,Normal,38,3
V3648,3648,Bicycle,Average,Distracted,32,1
V3649,3649,Truck,Average,Distracted,37,4
V3650,3650,Car,Average,Overspeeding,62,2
V3651,3651,Car,Poor,Distracted,65,3
V3652,3652,Truck,Good,Normal,23,1
V3653,3653,Bus,Poor,Drunk Driving,42,4
V3654,3654,Auto,Poor,Overspeeding,31,2
V3655,3655,Car,Poor,Drunk Driving,48,2
V3656,3656,Truck,Good,Fatigue,50,1
V3657,3657,Car,Average,Normal,32,3
V3658,3658,Truck,Good,Overspeeding,23,5
V3659,3659,Auto,Good,Drunk Driving,51,4
V3660,3660,Van,Poor,Overspeeding,54,3
V3661,3661,Bus,Good,Distracted,46,1
V3662,3662,Car,Average,Overspeeding,40,4
V3663,3663,Car,Poor,Normal,47,1
V3664,3664,Bike,Poor,Drunk Driving,45,5
V3665,3665,Bicycle,Good,Overspeeding,36,3
V3666,3666,Bike,Average,Drunk Driving,37,2
V3667,3667,Bike,Poor,Distracted,56,3
V3668,3668,Bike,Good,Fatigue,48,4
V3669,3669,Bus,Poor,Distracted,38,1
V3670,3670,Bike,Average,Distracted,34,2
V3671,3671,Bicycle,Good,Normal,52,4
V3672,3672,Bicycle,Good,Fatigue,22,1
V3673,3673,Bike,Average,Distracted,57,5
V3674,3674,Truck,Average,Drunk Driving,39,1
V3675,3675,Truck,Good,Distracted,45,4
V3676,3676,Truck,Poor,Normal,48,4
V3677,3677,Auto,Average,Normal,25,5
V3678,3678,Bus,Good,Normal,42,3
V3679,3679,Van,Poor,Overspeeding,18,4
V3680,3680,Van,Poor,Distracted,58,1
V3681,3681,Truck,Good,Fatigue,31,5
V3682,3682,Car,Average,Normal,44,4
V3683,3683,Bicycle,Average,Drunk Driving,25,4
V3684,3684,Bicycle,Good,Distracted,37,3
V3685,3685,Van,Good,Drunk Driving,44,4
V3686,3686,Van,Average,Fatigue,64,3
V3687,3687,Bicycle,Poor,Distracted,21,1
V3688,3688,Car,Poor,Distracted,37,1
V3689,3689,Bicycle,Poor,Overspeeding,36,1
V3690,3690,Bus,Good,Distracted,33,5
V3691,3691,Auto,Poor,Fatigue,26,1
V3692,3692,Bicycle,Good,Normal,53,2
V3693,3693,Bicycle,Average,Drunk Driving,26,3
V3694,3694,Auto,Average,Fatigue,57,5
V3695,3695,Auto,Good,Fatigue,24,1
V3696,3696,Bus,Good,Normal,19,1
V3697,3697,Bike,Poor,Distracted,48,4
V3698,3698,Van,Good,Fatigue,38,3
V3699,3699,Auto,Good,Fatigue,50,4
V3700,3700,Bus,Good,Distracted,37,2
V3701,3701,Bike,Poor,Drunk Driving,43,2
V3702,3702,Bike,Average,Overspeeding,18,4
V3703,3703,Auto,Good,Distracted,55,5
V3704,3704,Auto,Good,Drunk Driving,40,2
V3705,3705,Auto,Poor,Fatigue,27,2
V3706,3706,Auto,Good,Fatigue,37,4
V3707,3707,Auto,Average,Drunk Driving,19,2
V3708,3708,Truck,Poor,Fatigue,44,1
V3709,3709,Van,Average,Fatigue,50,1
V3710,3710,Bicycle,Good,Normal,27,1
V3711,3711,Auto,Good,Fatigue,18,2
V3712,3712,Van,Average,Overspeeding,51,4
V3713,3713,Bike,Poor,Overspeeding,49,1
V3714,3714,Truck,Poor,Overspeeding,41,3
V3715,3715,Bus,Good,Drunk Driving,23,5
V3716,3716,Bike,Average,Fatigue,18,4
V3717,3717,Auto,Average,Normal,48,2
V3718,3718,Van,Poor,Overspeeding,20,3
V3719,3719,Bus,Poor,Overspeeding,46,5
V3720,3720,Car,Average,Drunk Driving,37,5
V3721,3721,Truck,Poor,Drunk Driving,44,4
V3722,3722,Bike,Average,Drunk Driving,38,2
V3723,3723,Bicycle,Poor,Drunk Driving,58,5
V3724,3724,Auto,Good,Distracted,28,1
V3725,3725,Bus,Average,Normal,64,4
V3726,3726,Bus,Good,Fatigue,35,2
V3727,3727,Bike,Average,Fatigue,24,3
V3728,3728,Car,Average,Overspeeding,32,2
V3729,3729,Car,Poor,Fatigue,34,3
V3730,3730,Bus,Poor,Normal,56,4
V3731,3731,Auto,Average,Distracted,59,2
V3732,3732,Bike,Good,Fatigue,49,2
V3733,3733,Van,Good,Normal,29,4
V3734,3734,Auto,Poor,Drunk Driving,60,5
V3735,3735,Bicycle,Good,Distracted,48,5
V3736,3736,Van,Good,Overspeeding,61,1
V3737,3737,Auto,Good,Distracted,28,1
V3738,3738,Bicycle,Good,Overspeeding,35,2
V3739,3739,Bus,Average,Normal,48,5
V3740,3740,Van,Good,Normal,52,5
V3741,3741,Bike,Average,Distracted,43,3
V3742,3742,Van,Good,Distracted,24,5
V3743,3743,Van,Average,Drunk Driving,38,4
V3744,3744,Truck,Good,Drunk Driving,46,4
V3745,3745,Bicycle,Average,Normal,29,3
V3746,3746,Auto,Poor,Normal,65,3
V3747,3747,Truck,Good,Overspeeding,50,3
V3748,3748,Auto,Average,Drunk Driving,38,4
V3749,3749,Auto,Poor,Distracted,47,2
V3750,3750,Van,Good,Drunk Driving,23,1
V3751,3751,Truck,Good,Fatigue,60,4
V3752,3752,Bus,Poor,Normal,26,4
V3753,3753,Bicycle,Poor,Drunk Driving,46,4
V3754,3754,Car,Average,Overspeeding,38,1
V3755,3755,Bus,Good,Distracted,45,4
V3756,3756,Truck,Good,Drunk Driving,24,4
V3757,3757,Car,Good,Drunk Driving,64,5
V3758,3758,Van,Good,Overspeeding,21,4
V3759,3759,Bus,Good,Overspeeding,23,4
V3760,3760,Bus,Poor,Drunk Driving,31,5
V3761,3761,Auto,Good,Overspeeding,20,2
V3762,3762,Car,Good,Drunk Driving,28,5
V3763,3763,Van,Average,Overspeeding,29,2
V3764,3764,Van,Good,Normal,51,1
V3765,3765,Bicycle,Average,Overspeeding,28,2
V3766,3766,Bicycle,Good,Overspeeding,64,1
V3767,3767,Bicycle,Good,Overspeeding,41,3
V3768,3768,Truck,Poor,Distracted,28,5
V3769,3769,Bike,Good,Distracted,46,1
V3770,3770,Truck,Average,Drunk Driving,26,5
V3771,3771,Bus,Good,Normal,32,5
V3772,3772,Van,Average,Distracted,64,1
V3773,3773,Truck,Poor,Overspeeding,65,3
V3774,3774,Car,Average,Distracted,59,3
V3775,3775,Auto,Good,Distracted,21,4
V3776,3776,Car,Poor,Normal,27,5
V3777,3777,Van,Poor,Normal,21,1
V3778,3778,Van,Average,Drunk Driving,40,4
V3779,3779,Van,Average,Normal,59,4
V3780,3780,Bike,Good,Distracted,64,1
V3781,3781,Truck,Good,Normal,43,3
V3782,3782,Truck,Average,Distracted,62,4
V3783,3783,Auto,Average,Overspeeding,55,1
V3784,3784,Van,Average,Fatigue,47,3
V3785,3785,Bike,Poor,Normal,53,4
V3786,3786,Bicycle,Good,Fatigue,61,4
V3787,3787,Van,Poor,Drunk Driving,22,3
V3788,3788,Bus,Good,Normal,61,5
V3789,3789,Van,Good,Overspeeding,59,4
V3790,3790,Bicycle,Poor,Drunk Driving,39,2
V3791,3791,Bike,Good,Overspeeding,37,3
V3792,3792,Bus,Average,Fatigue,18,4
V3793,3793,Bicycle,Poor,Overspeeding,18,5
V3794,3794,Car,Poor,Overspeeding,60,3
V3795,3795,Car,Average,Fatigue,54,2
V3796,3796,Auto,Good,Fatigue,40,3
V3797,3797,Bike,Average,Distracted,27,4
V3798,3798,Bicycle,Poor,Distracted,55,3
V3799,3799,Bicycle,Average,Overspeeding,22,3
V3800,3800,Bus,Good,Normal,63,2
V3801,3801,Bicycle,Good,Drunk Driving,24,2
V3802,3802,Auto,Good,Overspeeding,63,1
V3803,3803,Bus,Average,Drunk Driving,26,3
V3804,3804,Bus,Average,Fatigue,34,4
V3805,3805,Truck,Average,Distracted,62,5
V3806,3806,Truck,Average,Normal,57,3
V3807,3807,Bike,Average,Fatigue,30,4
V3808,3808,Bicycle,Good,Overspeeding,31,4
V3809,3809,Auto,Average,Overspeeding,56,4
V3810,3810,Auto,Poor,Overspeeding,64,5
V3811,3811,Auto,Poor,Normal,38,4
V3812,3812,Truck,Poor,Drunk Driving,18,4
V3813,3813,Bicycle,Average,Distracted,25,3
V3814,3814,Bus,Poor,Fatigue,18,5
V3815,3815,Van,Average,Distracted,44,2
V3816,3816,Car,Poor,Fatigue,32,1
V3817,3817,Bike,Good,Fatigue,45,2
V3818,3818,Van,Poor,Distracted,43,2
V3819,3819,Truck,Good,Drunk Driving,48,3
V3820,3820,Bike,Good,Normal,18,4
V3821,3821,Bicycle,Poor,Distracted,52,3
V3822,3822,Bicycle,Poor,Distracted,35,4
V3823,3823,Auto,Poor,Normal,49,2
V3824,3824,Van,Poor,Normal,41,2
V3825,3825,Auto,Good,Overspeeding,40,2
V3826,3826,Car,Average,Fatigue,32,4
V3827,3827,Auto,Average,Fatigue,19,1
V3828,3828,Bicycle,Poor,Overspeeding,33,1
V3829,3829,Auto,Good,Normal,61,4
V3830,3830,Bike,Good,Drunk Driving,59,1
V3831,3831,Auto,Good,Drunk Driving,45,4
V3832,3832,Van,Average,Drunk Driving,51,2
V3833,3833,Bus,Poor,Overspeeding,53,4
V3834,3834,Bicycle,Average,Fatigue,18,4
V3835,3835,Auto,Average,Normal,30,3
V3836,3836,Car,Good,Overspeeding,33,5
V3837,3837,Bicycle,Average,Normal,51,5
V3838,3838,Bus,Poor,Drunk Driving,50,5
V3839,3839,Van,Good,Normal,62,3
V3840,3840,Car,Good,Drunk Driving,28,2
V3841,3841,Auto,Good,Normal,22,2
V3842,3842,Auto,Poor,Drunk Driving,62,1
V3843,3843,Bike,Average,Normal,30,4
V3844,3844,Bicycle,Poor,Normal,63,5
V3845,3845,Bicycle,Good,Distracted,59,2
V3846,3846,Truck,Average,Drunk Driving,27,3
V3847,3847,Bicycle,Poor,Overspeeding,38,5
V3848,3848,Car,Good,Distracted,42,1
V3849,3849,Bus,Poor,Fatigue,31,2
V3850,3850,Van,Average,Fatigue,57,2
V3851,3851,Truck,Average,Drunk Driving,52,4
V3852,3852,Bus,Good,Drunk Driving,48,3
V3853,3853,Van,Good,Drunk Driving,49,2
V3854,3854,Truck,Poor,Distracted,32,3
V3855,3855,Bicycle,Poor,Normal,21,2
V3856,3856,Auto,Average,Fatigue,19,5
V3857,3857,Auto,Average,Distracted,45,4
V3858,3858,Auto,Good,Fatigue,50,4
V3859,3859,Bus,Average,Distracted,59,2
V3860,3860,Bicycle,Poor,Overspeeding,26,1
V3861,3861,Bicycle,Average,Overspeeding,18,5
V3862,3862,Bus,Average,Drunk Driving,37,3
V3863,3863,Truck,Poor,Drunk Driving,32,3
V3864,3864,Van,Average,Distracted,20,1
V3865,3865,Car,Good,Overspeeding,63,5
V3866,3866,Truck,Average,Drunk Driving,43,2
V3867,3867,Bike,Average,Overspeeding,27,4
V3868,3868,Bicycle,Average,Distracted,60,4
V3869,3869,Truck,Poor,Overspeeding,59,5
V3870,3870,Bus,Good,Drunk Driving,34,4
V3871,3871,Car,Good,Normal,29,1
V3872,3872,Van,Good,Fatigue,39,1
V3873,3873,Van,Average,Fatigue,32,2
V3874,3874,Bus,Good,Drunk Driving,28,5
V3875,3875,Bike,Poor,Overspeeding,20,4
V3876,3876,Van,Poor,Normal,34,1
V3877,3877,Bicycle,Poor,Overspeeding,60,5
V3878,3878,Bus,Poor,Fatigue,42,2
V3879,3879,Van,Poor,Overspeeding,28,4
V3880,3880,Truck,Average,Distracted,58,1
V3881,3881,Bike,Good,Overspeeding,28,1
V3882,3882,Bike,Good,Fatigue,22,1
V3883,3883,Van,Poor,Normal,51,5
V3884,3884,Bike,Poor,Distracted,37,4
V3885,3885,Truck,Good,Distracted,60,3
V3886,3886,Truck,Poor,Distracted,65,1
V3887,3887,Van,Good,Overspeeding,61,3
V3888,3888,Bus,Average,Fatigue,56,1
V3889,3889,Bus,Poor,Overspeeding,37,1
V3890,3890,Auto,Good,Normal,60,5
V3891,3891,Van,Poor,Overspeeding,63,3
V3892,3892,Car,Average,Overspeeding,51,4
V3893,3893,Bicycle,Average,Distracted,33,1
V3894,3894,Bike,Average,Drunk Driving,31,4
V3895,3895,Truck,Good,Fatigue,43,5
V3896,3896,Auto,Poor,Drunk Driving,40,1
V3897,3897,Bicycle,Average,Normal,57,2
V3898,3898,Bicycle,Poor,Normal,56,1
V3899,3899,Bicycle,Average,Drunk Driving,36,1
V3900,3900,Bicycle,Average,Drunk Driving,29,2
V3901,3901,Bus,Average,Distracted,41,1
V3902,3902,Bike,Poor,Drunk Driving,43,4
V3903,3903,Bicycle,Poor,Overspeeding,51,4
V3904,3904,Van,Average,Overspeeding,63,3
V3905,3905,Bus,Average,Drunk Driving,63,5
V3906,3906,Car,Average,Drunk Driving,46,1
V3907,3907,Truck,Average,Drunk Driving,21,4
V3908,3908,Bike,Average,Distracted,37,3
V3909,3909,Auto,Poor,Distracted,50,5
V3910,3910,Van,Good,Fatigue,43,3
V3911,3911,Bus,Good,Distracted,29,4
V3912,3912,Car,Average,Fatigue,26,5
V3913,3913,Bicycle,Poor,Drunk Driving,41,1
V3914,3914,Bike,Average,Fatigue,37,5
V3915,3915,Car,Poor,Distracted,35,4
V3916,3916,Truck,Poor,Distracted,46,4
V3917,3917,Bus,Average,Overspeeding,50,4
V3918,3918,Truck,Good,Distracted,43,1
V3919,3919,Bus,Average,Distracted,51,1
V3920,3920,Truck,Average,Normal,48,2
V3921,3921,Car,Good,Normal,59,2
V3922,3922,Bicycle,Good,Distracted,46,2
V3923,3923,Truck,Average,Normal,21,2
V3924,3924,Truck,Average,Distracted,28,1
V3925,3925,Car,Average,Drunk Driving,60,5
V3926,3926,Car,Poor,Distracted,31,1
V3927,3927,Van,Good,Fatigue,63,3
V3928,3928,Car,Average,Normal,47,3
V3929,3929,Bus,Good,Fatigue,40,1
V3930,3930,Truck,Good,Distracted,30,2
V3931,3931,Van,Average,Normal,46,3
V3932,3932,Bus,Average,Drunk Driving,40,3
V3933,3933,Auto,Poor,Normal,20,1
V3934,3934,Bicycle,Good,Normal,30,2
V3935,3935,Car,Good,Fatigue,50,2
V3936,3936,Auto,Average,Distracted,19,5
V3937,3937,Bus,Good,Overspeeding,30,5
V3938,3938,Car,Poor,Overspeeding,63,4
V3939,3939,Truck,Good,Fatigue,45,5
V3940,3940,Truck,Average,Distracted,19,5
V3941,3941,Bus,Poor,Normal,41,1
V3942,3942,Van,Average,Distracted,20,3
V3943,3943,Truck,Poor,Overspeeding,24,4
V3944,3944,Bicycle,Good,Distracted,30,4
V3945,3945,Van,Poor,Normal,28,3
V3946,3946,Auto,Good,Overspeeding,56,3
V3947,3947,Bicycle,Good,Drunk Driving,32,4
V3948,3948,Bus,Poor,Fatigue,60,1
V3949,3949,Auto,Poor,Distracted,59,5
V3950,3950,Auto,Good,Normal,32,1
V3951,3951,Auto,Average,Fatigue,59,3
V3952,3952,Bicycle,Poor,Distracted,62,1
V3953,3953,Truck,Good,Normal,50,2
V3954,3954,Bicycle,Good,Normal,30,2
V3955,3955,Van,Good,Overspeeding,29,2
V3956,3956,Auto,Average,Drunk Driving,28,4
V3957,3957,Bus,Average,Distracted,63,5
V3958,3958,Car,Poor,Normal,43,3
V3959,3959,Bike,Poor,Fatigue,43,4
V3960,3960,Bus,Poor,Distracted,39,2
V3961,3961,Bus,Good,Normal,28,3
V3962,3962,Van,Average,Fatigue,18,5
V3963,3963,Van,Good,Distracted,52,1
V3964,3964,Car,Poor,Fatigue,56,5
V3965,3965,Bus,Average,Drunk Driving,52,2
V3966,3966,Car,Poor,Normal,62,5
V3967,3967,Van,Average,Distracted,22,2
V3968,3968,Bike,Average,Fatigue,61,2
V3969,3969,Car,Poor,Drunk Driving,50,1
V3970,3970,Auto,Poor,Drunk Driving,58,4
V3971,3971,Van,Poor,Distracted,63,1
V3972,3972,Auto,Good,Distracted,33,4
V3973,3973,Truck,Good,Normal,55,3
V3974,3974,Van,Average,Distracted,21,1
V3975,3975,Van,Poor,Overspeeding,56,3
V3976,3976,Van,Good,Fatigue,32,5
V3977,3977,Truck,Good,Distracted,48,1
V3978,3978,Truck,Average,Fatigue,30,4
V3979,3979,Auto,Poor,Fatigue,58,4
V3980,3980,Truck,Good,Drunk Driving,47,2
V3981,3981,Van,Average,Overspeeding,65,4
V3982,3982,Car,Good,Normal,48,5
V3983,3983,Bike,Average,Overspeeding,53,5
V3984,3984,Van,Poor,Fatigue,32,2
V3985,3985,Car,Average,Fatigue,64,2
V3986,3986,Car,Average,Overspeeding,54,1
V3987,3987,Bus,Good,Overspeeding,31,3
V3988,3988,Van,Average,Distracted,24,5
V3989,3989,Bus,Poor,Overspeeding,21,4
V3990,3990,Bike,Poor,Drunk Driving,26,4
V3991,3991,Car,Good,Drunk Driving,27,5
V3992,3992,Van,Good,Normal,33,3
V3993,3993,Bike,Average,Overspeeding,43,2
V3994,3994,Van,Poor,Fatigue,33,3
V3995,3995,Auto,Average,Distracted,52,3
V3996,3996,Bicycle,Average,Normal,56,5
V3997,3997,Car,Poor,Distracted,31,4
V3998,3998,Bus,Average,Distracted,65,4
V3999,3999,Bus,Poor,Normal,45,4
V4000,4000,Bus,Average,Normal,42,4
V4001,4001,Auto,Good,Normal,44,2
V4002,4002,Van,Good,Overspeeding,26,2
V4003,4003,Auto,Poor,Drunk Driving,35,3
V4004,4004,Van,Good,Overspeeding,43,5
V4005,4005,Bike,Poor,Drunk Driving,21,2
V4006,4006,Bus,Average,Distracted,60,3
V4007,4007,Truck,Poor,Overspeeding,22,5
V4008,4008,Truck,Poor,Distracted,47,3
V4009,4009,Van,Poor,Fatigue,36,3
V4010,4010,Car,Average,Overspeeding,25,3
V4011,4011,Car,Average,Drunk Driving,18,2
V4012,4012,Van,Good,Overspeeding,48,2
V4013,4013,Bicycle,Average,Drunk Driving,48,1
V4014,4014,Bicycle,Poor,Normal,41,3
V4015,4015,Bicycle,Average,Normal,25,5
V4016,4016,Bicycle,Good,Fatigue,26,4
V4017,4017,Car,Good,Drunk Driving,55,2
V4018,4018,Auto,Poor,Overspeeding,39,1
V4019,4019,Van,Poor,Overspeeding,24,4
V4020,4020,Car,Good,Drunk Driving,57,4
V4021,4021,Truck,Average,Distracted,51,1
V4022,4022,Van,Good,Distracted,35,1
V4023,4023,Bike,Poor,Distracted,63,1
V4024,4024,Truck,Good,Distracted,51,4
V4025,4025,Bicycle,Poor,Fatigue,31,3
V4026,4026,Van,Average,Drunk Driving,35,4
V4027,4027,Bicycle,Poor,Normal,65,1
V4028,4028,Car,Average,Normal,43,2
V4029,4029,Bicycle,Good,Normal,24,3
V4030,4030,Bicycle,Good,Drunk Driving,47,1
V4031,4031,Car,Good,Fatigue,19,5
V4032,4032,Van,Poor,Fatigue,39,3
V4033,4033,Bicycle,Average,Normal,19,1
V4034,4034,Bike,Poor,Distracted,59,1
V4035,4035,Auto,Good,Drunk Driving,45,3
V4036,4036,Bike,Average,Fatigue,31,3
V4037,4037,Bicycle,Poor,Drunk Driving,35,2
V4038,4038,Truck,Poor,Normal,35,1
V4039,4039,Bike,Good,Normal,48,1
V4040,4040,Van,Poor,Drunk Driving,23,4
V4041,4041,Auto,Average,Overspeeding,18,3
V4042,4042,Bus,Good,Distracted,20,1
V4043,4043,Car,Good,Normal,52,3
V4044,4044,Bike,Poor,Overspeeding,20,4
V4045,4045,Van,Average,Fatigue,58,2
V4046,4046,Car,Good,Fatigue,60,1
V4047,4047,Bike,Poor,Normal,54,1
V4048,4048,Bicycle,Good,Distracted,39,2
V4049,4049,Truck,Poor,Normal,24,4
V4050,4050,Bus,Good,Drunk Driving,21,3
V4051,4051,Bike,Poor,Drunk Driving,25,5
V4052,4052,Car,Average,Normal,36,5
V4053,4053,Bike,Good,Fatigue,53,2
V4054,4054,Van,Average,Normal,24,5
V4055,4055,Bus,Good,Drunk Driving,61,2
V4056,4056,Auto,Average,Overspeeding,61,4
V4057,4057,Bus,Poor,Fatigue,43,3
V4058,4058,Van,Average,Drunk Driving,20,5
V4059,4059,Bus,Poor,Fatigue,26,4
V4060,4060,Auto,Good,Fatigue,44,1
V4061,4061,Van,Average,Normal,37,2
V4062,4062,Truck,Poor,Overspeeding,20,3
V4063,4063,Van,Poor,Drunk Driving,40,3
V4064,4064,Auto,Poor,Overspeeding,29,3
V4065,4065,Bike,Average,Overspeeding,55,3
V4066,4066,Bicycle,Good,Distracted,64,4
V4067,4067,Bike,Average,Fatigue,18,4
V4068,4068,Bicycle,Good,Fatigue,43,1
V4069,4069,Van,Average,Overspeeding,44,5
V4070,4070,Auto,Good,Drunk Driving,49,5
V4071,4071,Car,Poor,Distracted,61,2
V4072,4072,Bicycle,Poor,Normal,53,5
V4073,4073,Auto,Poor,Fatigue,44,5
V4074,4074,Van,Poor,Distracted,60,5
V4075,4075,Bike,Good,Fatigue,65,2
V4076,4076,Truck,Good,Normal,37,4
V4077,4077,Truck,Good,Overspeeding,54,4
V4078,4078,Van,Good,Drunk Driving,63,2
V4079,4079,Auto,Good,Distracted,31,2
V4080,4080,Bicycle,Poor,Overspeeding,56,5
V4081,4081,Van,Average,Normal,30,1
V4082,4082,Car,Good,Drunk Driving,42,4
V4083,4083,Bus,Good,Overspeeding,31,5
V4084,4084,Car,Good,Distracted,58,1
V4085,4085,Van,Good,Drunk Driving,33,1
V4086,4086,Truck,Average,Overspeeding,62,3
V4087,4087,Bike,Average,Normal,59,1
V4088,4088,Bus,Good,Fatigue,33,2
V4089,4089,Van,Average,Normal,51,2
V4090,4090,Bike,Poor,Normal,25,5
V4091,4091,Auto,Poor,Distracted,25,1
V4092,4092,Bike,Poor,Distracted,53,3
V4093,4093,Bus,Poor,Overspeeding,35,1
V4094,4094,Car,Good,Overspeeding,58,2
V4095,4095,Bus,Poor,Distracted,31,3
V4096,4096,Auto,Average,Overspeeding,29,5
V4097,4097,Bicycle,Good,Normal,27,2
V4098,4098,Bicycle,Poor,Distracted,28,5
V4099,4099,Auto,Poor,Distracted,40,5
V4100,4100,Bike,Average,Distracted,46,3
V4101,4101,Van,Poor,Normal,41,3
V4102,4102,Van,Average,Overspeeding,52,4
V4103,4103,Bike,Poor,Normal,40,5
V4104,4104,Bike,Poor,Distracted,62,4
V4105,4105,Truck,Poor,Drunk Driving,40,2
V4106,4106,Auto,Average,Drunk Driving,19,4
V4107,4107,Van,Poor,Distracted,43,4
V4108,4108,Van,Average,Overspeeding,53,4
V4109,4109,Auto,Good,Distracted,47,4
V4110,4110,Truck,Good,Distracted,29,4
V4111,4111,Truck,Average,Fatigue,39,1
V4112,4112,Auto,Poor,Distracted,64,5
V4113,4113,Auto,Poor,Fatigue,27,2
V4114,4114,Bike,Average,Distracted,32,4
V4115,4115,Bus,Average,Distracted,20,4
V4116,4116,Van,Poor,Distracted,26,4
V4117,4117,Car,Good,Fatigue,63,5
V4118,4118,Bike,Poor,Fatigue,58,5
V4119,4119,Auto,Poor,Distracted,29,3
V4120,4120,Truck,Average,Fatigue,51,1
V4121,4121,Van,Good,Normal,26,4
V4122,4122,Truck,Average,Drunk Driving,28,3
V4123,4123,Bicycle,Average,Distracted,53,2
V4124,4124,Auto,Poor,Distracted,60,1
V4125,4125,Bicycle,Good,Distracted,18,4
V4126,4126,Van,Poor,Normal,65,2
V4127,4127,Bus,Good,Drunk Driving,49,5
V4128,4128,Bike,Poor,Overspeeding,55,4
V4129,4129,Van,Good,Distracted,43,1
V4130,4130,Bike,Good,Fatigue,34,5
V4131,4131,Auto,Poor,Fatigue,23,4
V4132,4132,Bicycle,Poor,Drunk Driving,58,5
V4133,4133,Van,Poor,Fatigue,42,3
V4134,4134,Bus,Poor,Drunk Driving,24,1
V4135,4135,Bus,Average,Fatigue,26,5
V4136,4136,Car,Average,Normal,31,1
V4137,4137,Car,Average,Normal,62,5
V4138,4138,Van,Good,Overspeeding,39,3
V4139,4139,Truck,Poor,Distracted,18,2
V4140,4140,Auto,Good,Overspeeding,27,3
V4141,4141,Bike,Average,Fatigue,48,2
V4142,4142,Car,Poor,Fatigue,45,2
V4143,4143,Bike,Poor,Normal,55,4
V4144,4144,Truck,Average,Overspeeding,65,4
V4145,4145,Truck,Good,Fatigue,62,5
V4146,4146,Truck,Poor,Distracted,36,4
V4147,4147,Bus,Poor,Overspeeding,30,5
V4148,4148,Van,Poor,Fatigue,41,2
V4149,4149,Truck,Good,Fatigue,22,3
V4150,4150,Bicycle,Good,Fatigue,34,5
V4151,4151,Bicycle,Average,Fatigue,26,4
V4152,4152,Truck,Poor,Distracted,21,2
V4153,4153,Car,Average,Drunk Driving,35,5
V4154,4154,Auto,Poor,Fatigue,59,1
V4155,4155,Truck,Poor,Drunk Driving,64,3
V4156,4156,Bus,Average,Drunk Driving,33,1
V4157,4157,Car,Poor,Fatigue,51,5
V4158,4158,Bicycle,Average,Overspeeding,64,1
V4159,4159,Auto,Average,Normal,55,1
V4160,4160,Truck,Poor,Drunk Driving,38,4
V4161,4161,Car,Average,Drunk Driving,27,4
V4162,4162,Bike,Average,Fatigue,44,4
V4163,4163,Auto,Good,Distracted,35,2
V4164,4164,Bus,Good,Fatigue,55,4
V4165,4165,Bus,Average,Fatigue,61,1
V4166,4166,Bus,Average,Overspeeding,20,4
V4167,4167,Bike,Poor,Fatigue,40,3
V4168,4168,Auto,Good,Normal,18,3
V4169,4169,Truck,Good,Drunk Driving,31,4
V4170,4170,Bus,Average,Normal,26,3
V4171,4171,Bicycle,Good,Overspeeding,56,4
V4172,4172,Truck,Average,Distracted,32,4
V4173,4173,Auto,Average,Distracted,18,5
V4174,4174,Bicycle,Good,Overspeeding,53,5
V4175,4175,Auto,Average,Normal,38,2
V4176,4176,Bike,Poor,Distracted,34,5
V4177,4177,Bike,Poor,Distracted,52,1
V4178,4178,Car,Good,Fatigue,50,1
V4179,4179,Auto,Good,Normal,39,3
V4180,4180,Bicycle,Poor,Drunk Driving,26,5
V4181,4181,Car,Average,Normal,43,5
V4182,4182,Bike,Good,Drunk Driving,46,5
V4183,4183,Car,Good,Fatigue,55,2
V4184,4184,Bike,Average,Distracted,40,4
V4185,4185,Truck,Average,Distracted,39,4
V4186,4186,Van,Average,Normal,28,3
V4187,4187,Car,Poor,Distracted,48,5
V4188,4188,Truck,Good,Distracted,25,1
V4189,4189,Car,Good,Drunk Driving,44,4
V4190,4190,Bike,Average,Normal,65,5
V4191,4191,Bicycle,Poor,Overspeeding,59,3
V4192,4192,Car,Poor,Drunk Driving,50,2
V4193,4193,Bus,Good,Drunk Driving,55,1
V4194,4194,Auto,Poor,Drunk Driving,62,3
V4195,4195,Truck,Average,Normal,18,2
V4196,4196,Bicycle,Poor,Normal,34,1
V4197,4197,Van,Poor,Distracted,21,5
V4198,4198,Bus,Average,Drunk Driving,30,2
V4199,4199,Van,Poor,Fatigue,28,5
V4200,4200,Bicycle,Average,Normal,45,2
V4201,4201,Bus,Good,Normal,41,5
V4202,4202,Truck,Average,Drunk Driving,52,1
V4203,4203,Bike,Poor,Normal,38,3
V4204,4204,Car,Good,Fatigue,40,2
V4205,4205,Auto,Good,Overspeeding,65,5
V4206,4206,Bus,Poor,Normal,51,2
V4207,4207,Auto,Poor,Overspeeding,63,2
V4208,4208,Car,Poor,Drunk Driving,51,3
V4209,4209,Bus,Good,Distracted,52,1
V4210,4210,Bicycle,Average,Distracted,20,4
V4211,4211,Bike,Poor,Fatigue,59,4
V4212,4212,Bike,Average,Fatigue,34,2
V4213,4213,Auto,Average,Fatigue,53,3
V4214,4214,Bike,Average,Overspeeding,20,5
V4215,4215,Truck,Average,Drunk Driving,23,2
V4216,4216,Car,Poor,Overspeeding,26,5
V4217,4217,Car,Average,Normal,33,2
V4218,4218,Van,Average,Fatigue,19,2
V4219,4219,Auto,Poor,Distracted,64,3
V4220,4220,Bike,Average,Overspeeding,46,1
V4221,4221,Auto,Poor,Normal,32,3
V4222,4222,Car,Good,Drunk Driving,27,2
V4223,4223,Bicycle,Good,Drunk Driving,20,1
V4224,4224,Bike,Poor,Drunk Driving,20,2
V4225,4225,Truck,Average,Fatigue,60,4
V4226,4226,Bus,Good,Drunk Driving,39,5
V4227,4227,Truck,Poor,Drunk Driving,61,2
V4228,4228,Auto,Good,Fatigue,18,3
V4229,4229,Truck,Good,Distracted,39,3
V4230,4230,Bicycle,Good,Overspeeding,28,4
V4231,4231,Car,Average,Normal,45,2
V4232,4232,Bike,Average,Overspeeding,37,2
V4233,4233,Bike,Average,Normal,44,2
V4234,4234,Auto,Poor,Distracted,51,1
V4235,4235,Auto,Good,Normal,63,1
V4236,4236,Van,Poor,Overspeeding,42,1
V4237,4237,Auto,Good,Fatigue,53,2
V4238,4238,Truck,Good,Distracted,25,5
V4239,4239,Bus,Average,Drunk Driving,52,4
V4240,4240,Bicycle,Average,Drunk Driving,40,2
V4241,4241,Auto,Poor,Drunk Driving,45,3
V4242,4242,Car,Poor,Fatigue,35,2
V4243,4243,Auto,Good,Fatigue,23,5
V4244,4244,Bus,Good,Fatigue,58,3
V4245,4245,Auto,Good,Fatigue,38,4
V4246,4246,Truck,Good,Normal,23,3
V4247,4247,Bike,Good,Normal,31,5
V4248,4248,Bike,Good,Fatigue,20,4
V4249,4249,Auto,Poor,Overspeeding,37,1
V4250,4250,Auto,Good,Fatigue,30,2
V4251,4251,Van,Good,Overspeeding,32,5
V4252,4252,Bus,Good,Overspeeding,55,3
V4253,4253,Bicycle,Good,Overspeeding,65,4
V4254,4254,Truck,Average,Normal,32,1
V4255,4255,Bus,Average,Overspeeding,29,4
V4256,4256,Auto,Average,Overspeeding,55,2
V4257,4257,Truck,Good,Fatigue,25,2
V4258,4258,Truck,Average,Overspeeding,24,3
V4259,4259,Car,Good,Fatigue,58,3
V4260,4260,Van,Poor,Overspeeding,35,1
V4261,4261,Bus,Poor,Drunk Driving,55,2
V4262,4262,Car,Good,Distracted,50,4
V4263,4263,Van,Poor,Overspeeding,41,1
V4264,4264,Bicycle,Good,Drunk Driving,30,4
V4265,4265,Auto,Good,Overspeeding,54,1
V4266,4266,Auto,Poor,Normal,58,1
V4267,4267,Van,Poor,Normal,58,3
V4268,4268,Bike,Poor,Overspeeding,25,1
V4269,4269,Truck,Good,Drunk Driving,20,4
V4270,4270,Car,Good,Fatigue,44,3
V4271,4271,Truck,Poor,Distracted,22,2
V4272,4272,Car,Poor,Fatigue,51,2
V4273,4273,Bike,Good,Distracted,33,2
V4274,4274,Van,Average,Drunk Driving,24,5
V4275,4275,Van,Good,Distracted,30,3
V4276,4276,Bus,Average,Distracted,28,4
V4277,4277,Bike,Good,Fatigue,49,2
V4278,4278,Bike,Poor,Drunk Driving,54,3
V4279,4279,Bike,Poor,Overspeeding,20,5
V4280,4280,Auto,Good,Fatigue,19,3
V4281,4281,Bike,Poor,Fatigue,34,4
V4282,4282,Bicycle,Average,Overspeeding,61,1
V4283,4283,Bike,Good,Drunk Driving,50,1
V4284,4284,Bike,Good,Normal,49,5
V4285,4285,Truck,Average,Normal,25,1
V4286,4286,Bike,Average,Distracted,40,1
V4287,4287,Car,Poor,Drunk Driving,22,1
V4288,4288,Car,Average,Normal,22,5
V4289,4289,Bike,Poor,Normal,26,3
V4290,4290,Bicycle,Average,Fatigue,45,2
V4291,4291,Van,Poor,Normal,39,3
V4292,4292,Van,Average,Normal,30,2
V4293,4293,Bicycle,Poor,Normal,46,5
V4294,4294,Truck,Poor,Fatigue,20,4
V4295,4295,Car,Average,Overspeeding,51,4
V4296,4296,Truck,Good,Normal,47,4
V4297,4297,Auto,Good,Overspeeding,41,1
V4298,4298,Auto,Average,Fatigue,22,5
V4299,4299,Bus,Average,Fatigue,21,2
V4300,4300,Bus,Good,Distracted,64,1
V4301,4301,Bus,Poor,Fatigue,28,3
V4302,4302,Bicycle,Average,Drunk Driving,46,1
V4303,4303,Auto,Poor,Normal,23,5
V4304,4304,Auto,Poor,Distracted,35,5
V4305,4305,Bike,Poor,Distracted,54,2
V4306,4306,Bike,Average,Fatigue,29,1
V4307,4307,Van,Average,Distracted,31,2
V4308,4308,Bus,Poor,Normal,51,2
V4309,4309,Car,Good,Normal,56,4
V4310,4310,Car,Poor,Drunk Driving,45,4
V4311,4311,Car,Poor,Fatigue,58,4
V4312,4312,Bike,Good,Drunk Driving,30,2
V4313,4313,Van,Poor,Normal,21,4
V4314,4314,Auto,Average,Normal,27,1
V4315,4315,Bus,Poor,Drunk Driving,45,4
V4316,4316,Bike,Average,Fatigue,60,3
V4317,4317,Bicycle,Poor,Overspeeding,24,2
V4318,4318,Bike,Average,Distracted,48,3
V4319,4319,Bus,Good,Fatigue,27,5
V4320,4320,Van,Average,Fatigue,53,1
V4321,4321,Auto,Average,Overspeeding,18,2
V4322,4322,Truck,Average,Fatigue,45,2
V4323,4323,Car,Good,Normal,56,5
V4324,4324,Bus,Average,Distracted,29,1
V4325,4325,Bike,Poor,Overspeeding,56,5
V4326,4326,Bus,Average,Fatigue,19,1
V4327,4327,Bus,Good,Distracted,47,5
V4328,4328,Truck,Poor,Overspeeding,54,1
V4329,4329,Bicycle,Good,Normal,63,4
V4330,4330,Bus,Poor,Normal,21,2
V4331,4331,Van,Average,Normal,62,2
V4332,4332,Car,Poor,Normal,21,5
V4333,4333,Van,Average,Fatigue,57,2
V4334,4334,Auto,Poor,Fatigue,47,4
V4335,4335,Auto,Average,Drunk Driving,61,3
V4336,4336,Bus,Poor,Fatigue,49,1
V4337,4337,Bike,Average,Distracted,23,1
V4338,4338,Truck,Good,Fatigue,52,5
V4339,4339,Van,Average,Normal,20,2
V4340,4340,Bike,Average,Distracted,19,5
V4341,4341,Bicycle,Good,Fatigue,47,3
V4342,4342,Van,Poor,Normal,46,2
V4343,4343,Auto,Good,Overspeeding,64,3
V4344,4344,Auto,Good,Drunk Driving,38,2
V4345,4345,Truck,Poor,Overspeeding,42,1
V4346,4346,Car,Good,Distracted,20,3
V4347,4347,Auto,Good,Fatigue,51,2
V4348,4348,Truck,Good,Overspeeding,19,1
V4349,4349,Bus,Good,Overspeeding,64,2
V4350,4350,Auto,Average,Drunk Driving,58,1
V4351,4351,Van,Average,Drunk Driving,63,3
V4352,4352,Auto,Average,Fatigue,58,2
V4353,4353,Auto,Poor,Drunk Driving,18,3
V4354,4354,Truck,Average,Distracted,64,4
V4355,4355,Auto,Poor,Normal,61,2
V4356,4356,Bike,Good,Normal,62,4
V4357,4357,Bike,Average,Distracted,29,2
V4358,4358,Auto,Average,Overspeeding,19,5
V4359,4359,Car,Poor,Overspeeding,59,3
V4360,4360,Van,Good,Normal,22,2
V4361,4361,Bus,Average,Normal,64,3
V4362,4362,Van,Good,Fatigue,56,5
V4363,4363,Truck,Good,Drunk Driving,31,2
V4364,4364,Car,Good,Drunk Driving,32,2
V4365,4365,Car,Average,Overspeeding,33,2
V4366,4366,Bike,Good,Distracted,42,3
V4367,4367,Bike,Average,Drunk Driving,37,5
V4368,4368,Bus,Poor,Overspeeding,45,3
V4369,4369,Bicycle,Good,Fatigue,21,3
V4370,4370,Bus,Average,Overspeeding,43,1
V4371,4371,Truck,Average,Fatigue,52,5
V4372,4372,Van,Average,Normal,25,5
V4373,4373,Auto,Poor,Normal,51,5
V4374,4374,Auto,Poor,Fatigue,35,5
V4375,4375,Van,Average,Distracted,63,3
V4376,4376,Car,Average,Normal,36,2
V4377,4377,Bus,Poor,Distracted,54,1
V4378,4378,Car,Good,Normal,45,2
V4379,4379,Car,Poor,Fatigue,52,3
V4380,4380,Van,Average,Distracted,60,1
V4381,4381,Car,Good,Drunk Driving,38,3
V4382,4382,Bicycle,Average,Normal,47,5
V4383,4383,Bicycle,Good,Drunk Driving,43,2
V4384,4384,Bicycle,Good,Normal,55,4
V4385,4385,Auto,Average,Normal,51,5
V4386,4386,Truck,Poor,Overspeeding,26,5
V4387,4387,Van,Poor,Normal,23,1
V4388,4388,Bus,Good,Overspeeding,63,1
V4389,4389,Bike,Good,Drunk Driving,34,1
V4390,4390,Car,Good,Distracted,39,2
V4391,4391,Bus,Good,Drunk Driving,28,4
V4392,4392,Van,Poor,Fatigue,25,4
V4393,4393,Van,Average,Normal,29,5
V4394,4394,Auto,Good,Fatigue,29,1
V4395,4395,Bus,Good,Normal,29,5
V4396,4396,Bus,Average,Drunk Driving,61,5
V4397,4397,Bicycle,Good,Fatigue,65,3
V4398,4398,Auto,Good,Distracted,40,5
V4399,4399,Bicycle,Good,Drunk Driving,19,1
V4400,4400,Truck,Average,Overspeeding,24,2
V4401,4401,Bus,Average,Drunk Driving,43,2
V4402,4402,Auto,Average,Normal,18,2
V4403,4403,Van,Average,Normal,56,2
V4404,4404,Bus,Good,Distracted,20,3
V4405,4405,Bus,Poor,Overspeeding,56,5
V4406,4406,Bike,Poor,Fatigue,26,1
V4407,4407,Truck,Good,Drunk Driving,20,1
V4408,4408,Bicycle,Poor,Drunk Driving,42,5
V4409,4409,Van,Poor,Drunk Driving,20,4
V4410,4410,Van,Good,Fatigue,32,2
V4411,4411,Bus,Poor,Distracted,38,4
V4412,4412,Bicycle,Poor,Drunk Driving,29,1
V4413,4413,Bicycle,Average,Fatigue,58,1
V4414,4414,Bike,Poor,Overspeeding,24,5
V4415,4415,Van,Poor,Drunk Driving,57,3
V4416,4416,Bus,Average,Drunk Driving,54,4
V4417,4417,Bicycle,Good,Overspeeding,49,5
V4418,4418,Truck,Good,Fatigue,52,1
V4419,4419,Truck,Average,Normal,24,2
V4420,4420,Car,Good,Distracted,41,2
V4421,4421,Truck,Poor,Overspeeding,26,2
V4422,4422,Bicycle,Average,Overspeeding,20,4
V4423,4423,Truck,Good,Fatigue,48,5
V4424,4424,Truck,Average,Fatigue,21,3
V4425,4425,Van,Average,Distracted,34,1
V4426,4426,Bus,Average,Overspeeding,32,3
V4427,4427,Truck,Average,Normal,43,3
V4428,4428,Bicycle,Poor,Distracted,65,1
V4429,4429,Bicycle,Poor,Overspeeding,35,3
V4430,4430,Bus,Average,Distracted,50,3
V4431,4431,Car,Average,Overspeeding,46,5
V4432,4432,Auto,Average,Drunk Driving,24,5
V4433,4433,Bike,Average,Overspeeding,40,2
V4434,4434,Car,Poor,Distracted,65,4
V4435,4435,Bus,Good,Drunk Driving,46,2
V4436,4436,Car,Good,Distracted,55,4
V4437,4437,Car,Poor,Overspeeding,52,4
V4438,4438,Bike,Poor,Fatigue,32,2
V4439,4439,Van,Average,Fatigue,27,2
V4440,4440,Bus,Average,Fatigue,40,4
V4441,4441,Bike,Poor,Overspeeding,48,1
V4442,4442,Bicycle,Average,Fatigue,60,2
V4443,4443,Auto,Good,Normal,33,5
V4444,4444,Auto,Average,Distracted,47,1
V4445,4445,Van,Poor,Fatigue,53,1
V4446,4446,Bus,Good,Normal,57,1
V4447,4447,Bike,Poor,Normal,37,4
V4448,4448,Bicycle,Good,Fatigue,40,2
V4449,4449,Van,Poor,Drunk Driving,43,1
V4450,4450,Car,Good,Fatigue,45,5
V4451,4451,Car,Good,Distracted,64,2
V4452,4452,Truck,Average,Fatigue,37,2
V4453,4453,Van,Average,Overspeeding,61,5
V4454,4454,Truck,Poor,Drunk Driving,24,3
V4455,4455,Bicycle,Poor,Distracted,38,2
V4456,4456,Car,Good,Overspeeding,26,5
V4457,4457,Bus,Good,Overspeeding,40,1
V4458,4458,Bus,Good,Normal,38,2
V4459,4459,Van,Good,Distracted,41,1
V4460,4460,Car,Good,Overspeeding,24,3
V4461,4461,Bus,Average,Drunk Driving,57,2
V4462,4462,Bicycle,Good,Fatigue,41,1
V4463,4463,Car,Poor,Overspeeding,21,3
V4464,4464,Truck,Good,Fatigue,32,1
V4465,4465,Bike,Good,Drunk Driving,64,5
V4466,4466,Bicycle,Good,Distracted,28,3
V4467,4467,Truck,Good,Distracted,32,2
V4468,4468,Car,Good,Overspeeding,48,2
V4469,4469,Auto,Poor,Drunk Driving,57,4
V4470,4470,Van,Poor,Fatigue,24,3
V4471,4471,Van,Average,Fatigue,30,3
V4472,4472,Bicycle,Poor,Distracted,34,4
V4473,4473,Bicycle,Average,Drunk Driving,33,2
V4474,4474,Auto,Average,Drunk Driving,32,3
V4475,4475,Van,Good,Drunk Driving,33,1
V4476,4476,Bicycle,Good,Distracted,53,3
V4477,4477,Bicycle,Poor,Distracted,20,3
V4478,4478,Car,Poor,Distracted,44,3
V4479,4479,Van,Good,Distracted,50,5
V4480,4480,Truck,Good,Distracted,62,3
V4481,4481,Truck,Poor,Overspeeding,58,5
V4482,4482,Bus,Poor,Drunk Driving,58,2
V4483,4483,Auto,Good,Drunk Driving,64,2
V4484,4484,Bike,Poor,Overspeeding,47,1
V4485,4485,Van,Good,Overspeeding,48,2
V4486,4486,Bus,Good,Drunk Driving,21,3
V4487,4487,Auto,Average,Fatigue,42,2
V4488,4488,Bus,Average,Normal,37,1
V4489,4489,Auto,Average,Overspeeding,20,2
V4490,4490,Van,Poor,Overspeeding,24,3
V4491,4491,Auto,Good,Distracted,43,3
V4492,4492,Bike,Good,Overspeeding,54,5
V4493,4493,Van,Good,Fatigue,50,4
V4494,4494,Bicycle,Poor,Fatigue,53,5
V4495,4495,Bike,Good,Drunk Driving,34,4
V4496,4496,Van,Average,Overspeeding,53,2
V4497,4497,Bicycle,Poor,Normal,32,4
V4498,4498,Bus,Average,Normal,59,5
V4499,4499,Bike,Average,Drunk Driving,28,5
V4500,4500,Bike,Poor,Drunk Driving,41,1
V4501,4501,Bus,Good,Fatigue,38,1
V4502,4502,Bike,Average,Drunk Driving,18,5
V4503,4503,Car,Average,Drunk Driving,26,1
V4504,4504,Bicycle,Good,Normal,60,1
V4505,4505,Bike,Poor,Fatigue,49,5
V4506,4506,Truck,Average,Distracted,60,2
V4507,4507,Truck,Poor,Normal,37,1
V4508,4508,Auto,Good,Fatigue,62,4
V4509,4509,Truck,Good,Overspeeding,49,5
V4510,4510,Bike,Average,Normal,25,2
V4511,4511,Auto,Good,Fatigue,57,2
V4512,4512,Truck,Good,Normal,23,3
V4513,4513,Van,Good,Drunk Driving,20,2
V4514,4514,Auto,Poor,Drunk Driving,62,2
V4515,4515,Van,Average,Drunk Driving,29,2
V4516,4516,Bike,Average,Drunk Driving,65,2
V4517,4517,Van,Good,Drunk Driving,59,5
V4518,4518,Car,Average,Fatigue,60,4
V4519,4519,Auto,Poor,Drunk Driving,28,1
V4520,4520,Bicycle,Poor,Drunk Driving,33,1
V4521,4521,Bus,Average,Fatigue,26,2
V4522,4522,Car,Good,Drunk Driving,33,1
V4523,4523,Car,Poor,Distracted,31,2
V4524,4524,Auto,Average,Overspeeding,43,1
V4525,4525,Bike,Good,Distracted,36,3
V4526,4526,Bus,Good,Fatigue,23,4
V4527,4527,Bus,Good,Drunk Driving,64,2
V4528,4528,Auto,Good,Overspeeding,48,1
V4529,4529,Bus,Poor,Normal,44,4
V4530,4530,Car,Good,Normal,51,2
V4531,4531,Car,Good,Drunk Driving,24,2
V4532,4532,Car,Poor,Drunk Driving,27,5
V4533,4533,Van,Average,Drunk Driving,62,5
V4534,4534,Auto,Poor,Overspeeding,55,1
V4535,4535,Van,Good,Drunk Driving,60,1
V4536,4536,Bike,Average,Normal,59,2
V4537,4537,Car,Good,Overspeeding,28,3
V4538,4538,Bus,Average,Distracted,29,4
V4539,4539,Van,Poor,Fatigue,62,2
V4540,4540,Van,Average,Overspeeding,41,4
V4541,4541,Bicycle,Poor,Distracted,49,5
V4542,4542,Car,Poor,Drunk Driving,50,3
V4543,4543,Bicycle,Average,Fatigue,28,5
V4544,4544,Auto,Average,Distracted,21,3
V4545,4545,Van,Average,Normal,44,5
V4546,4546,Auto,Average,Overspeeding,24,2
V4547,4547,Truck,Good,Drunk Driving,46,1
V4548,4548,Bike,Good,Drunk Driving,51,2
V4549,4549,Car,Poor,Fatigue,55,1
V4550,4550,Bike,Good,Normal,34,4
V4551,4551,Bus,Poor,Drunk Driving,65,2
V4552,4552,Bus,Good,Overspeeding,39,4
V4553,4553,Car,Good,Distracted,39,4
V4554,4554,Car,Good,Distracted,22,3
V4555,4555,Auto,Good,Normal,50,1
V4556,4556,Bike,Poor,Normal,46,2
V4557,4557,Van,Good,Fatigue,37,4
V4558,4558,Van,Average,Normal,49,4
V4559,4559,Bus,Average,Drunk Driving,31,3
V4560,4560,Van,Good,Overspeeding,57,5
V4561,4561,Auto,Good,Drunk Driving,40,2
V4562,4562,Bicycle,Good,Fatigue,29,5
V4563,4563,Bicycle,Poor,Drunk Driving,50,3
V4564,4564,Bike,Poor,Fatigue,31,3
V4565,4565,Bike,Poor,Distracted,49,2
V4566,4566,Bike,Good,Overspeeding,57,3
V4567,4567,Bus,Poor,Fatigue,47,5
V4568,4568,Bicycle,Poor,Drunk Driving,43,5
V4569,4569,Bus,Poor,Fatigue,23,5
V4570,4570,Truck,Good,Fatigue,41,5
V4571,4571,Bike,Good,Distracted,44,4
V4572,4572,Truck,Good,Overspeeding,44,3
V4573,4573,Bicycle,Poor,Distracted,36,1
V4574,4574,Bus,Poor,Distracted,32,4
V4575,4575,Auto,Good,Normal,48,4
V4576,4576,Auto,Poor,Fatigue,47,4
V4577,4577,Car,Poor,Drunk Driving,28,5
V4578,4578,Bike,Poor,Fatigue,47,4
V4579,4579,Auto,Average,Distracted,35,2
V4580,4580,Bike,Good,Fatigue,54,3
V4581,4581,Bus,Good,Overspeeding,39,2
V4582,4582,Bike,Poor,Normal,45,1
V4583,4583,Truck,Average,Overspeeding,42,4
V4584,4584,Bicycle,Poor,Fatigue,57,2
V4585,4585,Bike,Average,Normal,40,2
V4586,4586,Bike,Poor,Fatigue,21,1
V4587,4587,Bike,Poor,Fatigue,53,4
V4588,4588,Bike,Good,Fatigue,34,5
V4589,4589,Auto,Good,Normal,18,4
V4590,4590,Van,Poor,Fatigue,36,4
V4591,4591,Car,Average,Drunk Driving,55,3
V4592,4592,Bike,Good,Fatigue,31,2
V4593,4593,Auto,Good,Overspeeding,38,5
V4594,4594,Auto,Poor,Overspeeding,29,5
V4595,4595,Bicycle,Poor,Drunk Driving,44,4
V4596,4596,Auto,Average,Drunk Driving,26,2
V4597,4597,Bus,Poor,Distracted,33,1
V4598,4598,Truck,Average,Distracted,20,5
V4599,4599,Bus,Good,Overspeeding,64,5
V4600,4600,Auto,Poor,Fatigue,24,5
V4601,4601,Bus,Poor,Drunk Driving,29,4
V4602,4602,Bicycle,Average,Overspeeding,36,3
V4603,4603,Bus,Poor,Normal,47,4
V4604,4604,Truck,Average,Normal,34,5
V4605,4605,Van,Average,Distracted,41,5
V4606,4606,Car,Poor,Drunk Driving,44,1
V4607,4607,Auto,Poor,Overspeeding,58,4
V4608,4608,Bus,Poor,Normal,55,2
V4609,4609,Bicycle,Average,Drunk Driving,58,5
V4610,4610,Bike,Poor,Fatigue,62,5
V4611,4611,Van,Good,Fatigue,37,4
V4612,4612,Car,Poor,Overspeeding,23,5
V4613,4613,Bus,Average,Normal,50,4
V4614,4614,Auto,Average,Fatigue,47,3
V4615,4615,Car,Average,Normal,56,3
V4616,4616,Van,Average,Normal,40,3
V4617,4617,Van,Poor,Overspeeding,39,4
V4618,4618,Bike,Good,Normal,57,5
V4619,4619,Bicycle,Poor,Distracted,51,4
V4620,4620,Auto,Good,Distracted,33,4
V4621,4621,Bicycle,Average,Drunk Driving,21,2
V4622,4622,Auto,Good,Fatigue,20,3
V4623,4623,Auto,Poor,Normal,31,1
V4624,4624,Van,Good,Drunk Driving,26,1
V4625,4625,Car,Average,Fatigue,20,5
V4626,4626,Bus,Good,Normal,60,5
V4627,4627,Bicycle,Average,Fatigue,24,4
V4628,4628,Car,Poor,Drunk Driving,27,1
V4629,4629,Bicycle,Average,Drunk Driving,37,2
V4630,4630,Auto,Good,Fatigue,65,3
V4631,4631,Van,Good,Drunk Driving,24,1
V4632,4632,Van,Good,Normal,23,4
V4633,4633,Bicycle,Average,Fatigue,55,1
V4634,4634,Truck,Average,Distracted,54,2
V4635,4635,Bicycle,Good,Drunk Driving,58,5
V4636,4636,Auto,Good,Normal,28,3
V4637,4637,Bus,Good,Fatigue,40,2
V4638,4638,Truck,Good,Drunk Driving,60,2
V4639,4639,Auto,Average,Normal,64,1
V4640,4640,Bike,Average,Distracted,45,1
V4641,4641,Bike,Poor,Drunk Driving,48,3
V4642,4642,Truck,Poor,Overspeeding,22,2
V4643,4643,Bike,Average,Drunk Driving,29,4
V4644,4644,Bicycle,Average,Distracted,33,2
V4645,4645,Auto,Poor,Normal,40,3
V4646,4646,Car,Poor,Distracted,25,4
V4647,4647,Van,Average,Overspeeding,41,3
V4648,4648,Van,Poor,Overspeeding,59,3
V4649,4649,Truck,Good,Fatigue,44,3
V4650,4650,Truck,Poor,Normal,40,4
V4651,4651,Car,Poor,Fatigue,50,4
V4652,4652,Car,Good,Fatigue,62,5
V4653,4653,Van,Poor,Normal,42,3
V4654,4654,Bicycle,Poor,Normal,19,1
V4655,4655,Van,Good,Fatigue,63,5
V4656,4656,Bicycle,Poor,Drunk Driving,48,3
V4657,4657,Bus,Poor,Overspeeding,64,1
V4658,4658,Bicycle,Average,Overspeeding,18,2
V4659,4659,Truck,Good,Fatigue,29,2
V4660,4660,Bicycle,Good,Drunk Driving,35,5
V4661,4661,Auto,Poor,Distracted,28,3
V4662,4662,Car,Poor,Distracted,55,4
V4663,4663,Car,Poor,Fatigue,54,4
V4664,4664,Van,Average,Overspeeding,27,2
V4665,4665,Van,Average,Overspeeding,27,1
V4666,4666,Bike,Good,Normal,62,4
V4667,4667,Van,Poor,Normal,23,1
V4668,4668,Van,Good,Distracted,62,3
V4669,4669,Truck,Average,Fatigue,21,5
V4670,4670,Truck,Average,Normal,30,3
V4671,4671,Bicycle,Good,Fatigue,63,1
V4672,4672,Bicycle,Good,Overspeeding,39,5
V4673,4673,Van,Good,Overspeeding,36,1
V4674,4674,Van,Good,Normal,41,5
V4675,4675,Van,Poor,Drunk Driving,64,1
V4676,4676,Bicycle,Average,Drunk Driving,47,1
V4677,4677,Auto,Poor,Fatigue,23,4
V4678,4678,Auto,Poor,Overspeeding,63,4
V4679,4679,Van,Good,Distracted,58,5
V4680,4680,Auto,Average,Overspeeding,28,2
V4681,4681,Bus,Average,Distracted,18,4
V4682,4682,Car,Good,Fatigue,60,4
V4683,4683,Bus,Good,Overspeeding,48,3
V4684,4684,Bicycle,Poor,Normal,26,1
V4685,4685,Bus,Poor,Distracted,56,3
V4686,4686,Truck,Poor,Normal,35,3
V4687,4687,Car,Average,Distracted,36,1
V4688,4688,Car,Poor,Fatigue,34,2
V4689,4689,Van,Average,Fatigue,23,5
V4690,4690,Bus,Average,Overspeeding,61,2
V4691,4691,Car,Good,Drunk Driving,58,3
V4692,4692,Car,Average,Overspeeding,19,3
V4693,4693,Bus,Average,Drunk Driving,57,4
V4694,4694,Van,Good,Normal,63,2
V4695,4695,Bus,Average,Overspeeding,58,1
V4696,4696,Bus,Average,Drunk Driving,47,2
V4697,4697,Auto,Good,Normal,42,3
V4698,4698,Auto,Good,Fatigue,45,5
V4699,4699,Bike,Average,Normal,57,3
V4700,4700,Bus,Poor,Drunk Driving,29,4
V4701,4701,Bicycle,Poor,Normal,40,3
V4702,4702,Bicycle,Good,Drunk Driving,30,2
V4703,4703,Car,Poor,Drunk Driving,18,4
V4704,4704,Car,Average,Distracted,36,2
V4705,4705,Car,Good,Overspeeding,32,4
V4706,4706,Auto,Poor,Overspeeding,20,3
V4707,4707,Van,Average,Drunk Driving,42,2
V4708,4708,Van,Good,Normal,39,3
V4709,4709,Truck,Good,Overspeeding,27,3
V4710,4710,Truck,Good,Fatigue,47,3
V4711,4711,Auto,Poor,Normal,42,1
V4712,4712,Bike,Average,Normal,50,3
V4713,4713,Auto,Good,Fatigue,38,3
V4714,4714,Car,Average,Drunk Driving,42,2
V4715,4715,Van,Average,Overspeeding,46,2
V4716,4716,Bike,Good,Overspeeding,61,1
V4717,4717,Bus,Poor,Overspeeding,49,4
V4718,4718,Bus,Good,Drunk Driving,51,5
V4719,4719,Bike,Average,Normal,56,4
V4720,4720,Auto,Average,Distracted,41,2
V4721,4721,Car,Average,Normal,20,2
V4722,4722,Van,Poor,Distracted,41,5
V4723,4723,Auto,Poor,Drunk Driving,44,5
V4724,4724,Auto,Good,Normal,34,2
V4725,4725,Car,Poor,Drunk Driving,65,5
V4726,4726,Van,Poor,Distracted,27,4
V4727,4727,Truck,Poor,Drunk Driving,42,2
V4728,4728,Van,Average,Distracted,34,4
V4729,4729,Van,Poor,Fatigue,31,5
V4730,4730,Truck,Poor,Fatigue,40,2
V4731,4731,Car,Good,Normal,59,5
V4732,4732,Bicycle,Average,Drunk Driving,44,4
V4733,4733,Truck,Poor,Drunk Driving,25,4
V4734,4734,Auto,Average,Drunk Driving,64,5
V4735,4735,Auto,Good,Drunk Driving,60,5
V4736,4736,Bike,Average,Distracted,56,2
V4737,4737,Bicycle,Average,Distracted,32,2
V4738,4738,Van,Average,Drunk Driving,61,3
V4739,4739,Bus,Good,Fatigue,46,5
V4740,4740,Bus,Good,Distracted,30,5
V4741,4741,Truck,Good,Distracted,37,1
V4742,4742,Auto,Average,Normal,44,5
V4743,4743,Bicycle,Good,Normal,18,3
V4744,4744,Bus,Poor,Distracted,48,5
V4745,4745,Bus,Average,Distracted,62,3
V4746,4746,Bus,Average,Drunk Driving,25,2
V4747,4747,Car,Good,Normal,33,3
V4748,4748,Bicycle,Good,Drunk Driving,32,5
V4749,4749,Auto,Poor,Distracted,25,5
V4750,4750,Van,Average,Overspeeding,50,1
V4751,4751,Car,Average,Normal,33,1
V4752,4752,Truck,Average,Drunk Driving,50,2
V4753,4753,Car,Poor,Fatigue,58,4
V4754,4754,Van,Average,Distracted,65,5
V4755,4755,Bus,Average,Normal,41,2
V4756,4756,Bicycle,Good,Overspeeding,24,3
V4757,4757,Car,Poor,Fatigue,59,5
V4758,4758,Bus,Poor,Distracted,65,4
V4759,4759,Auto,Poor,Fatigue,65,5
V4760,4760,Bus,Poor,Fatigue,26,2
V4761,4761,Van,Good,Overspeeding,40,1
V4762,4762,Truck,Average,Normal,21,2
V4763,4763,Van,Average,Fatigue,35,2
V4764,4764,Van,Good,Distracted,61,3
V4765,4765,Car,Poor,Distracted,56,4
V4766,4766,Bus,Poor,Normal,51,4
V4767,4767,Bike,Good,Normal,19,2
V4768,4768,Car,Good,Distracted,54,4
V4769,4769,Van,Good,Distracted,47,4
V4770,4770,Car,Average,Distracted,37,2
V4771,4771,Car,Poor,Drunk Driving,27,4
V4772,4772,Car,Good,Overspeeding,23,4
V4773,4773,Auto,Average,Fatigue,38,1
V4774,4774,Van,Good,Distracted,35,4
V4775,4775,Car,Average,Drunk Driving,43,1
V4776,4776,Van,Average,Normal,24,2
V4777,4777,Bus,Good,Overspeeding,24,4
V4778,4778,Van,Good,Drunk Driving,42,1
V4779,4779,Bicycle,Average,Distracted,19,2
V4780,4780,Bike,Poor,Distracted,37,2
V4781,4781,Truck,Good,Normal,21,3
V4782,4782,Truck,Good,Overspeeding,45,4
V4783,4783,Auto,Poor,Fatigue,62,2
V4784,4784,Car,Good,Distracted,22,2
V4785,4785,Car,Good,Distracted,51,2
V4786,4786,Van,Average,Distracted,20,2
V4787,4787,Bus,Poor,Overspeeding,40,3
V4788,4788,Truck,Average,Overspeeding,41,3
V4789,4789,Truck,Average,Distracted,44,3
V4790,4790,Bus,Poor,Drunk Driving,52,2
V4791,4791,Bike,Average,Drunk Driving,40,3
V4792,4792,Truck,Good,Overspeeding,48,3
V4793,4793,Truck,Average,Drunk Driving,59,1
V4794,4794,Bike,Good,Normal,54,4
V4795,4795,Bike,Average,Normal,49,5
V4796,4796,Bike,Average,Drunk Driving,48,4
V4797,4797,Auto,Poor,Overspeeding,24,2
V4798,4798,Van,Poor,Overspeeding,23,3
V4799,4799,Bus,Average,Drunk Driving,26,1
V4800,4800,Auto,Poor,Distracted,27,2
V4801,4801,Bike,Poor,Normal,42,4
V4802,4802,Bus,Good,Overspeeding,27,1
V4803,4803,Bicycle,Average,Fatigue,46,3
V4804,4804,Bus,Average,Fatigue,32,3
V4805,4805,Bike,Poor,Drunk Driving,36,5
V4806,4806,Auto,Good,Normal,26,4
V4807,4807,Bicycle,Average,Distracted,48,4
V4808,4808,Auto,Good,Distracted,58,3
V4809,4809,Auto,Poor,Overspeeding,60,3
V4810,4810,Van,Average,Drunk Driving,41,5
V4811,4811,Van,Average,Drunk Driving,29,2
V4812,4812,Van,Average,Drunk Driving,50,1
V4813,4813,Car,Average,Distracted,49,4
V4814,4814,Truck,Good,Drunk Driving,53,5
V4815,4815,Truck,Average,Fatigue,64,2
V4816,4816,Bicycle,Good,Drunk Driving,62,5
V4817,4817,Bicycle,Poor,Normal,59,2
V4818,4818,Truck,Poor,Overspeeding,58,1
V4819,4819,Truck,Average,Distracted,39,4
V4820,4820,Bike,Good,Overspeeding,30,5
V4821,4821,Bike,Good,Fatigue,24,1
V4822,4822,Bike,Average,Distracted,33,3
V4823,4823,Auto,Average,Overspeeding,57,1
V4824,4824,Van,Poor,Drunk Driving,25,4
V4825,4825,Car,Average,Overspeeding,55,1
V4826,4826,Truck,Average,Overspeeding,26,1
V4827,4827,Truck,Good,Overspeeding,21,1
V4828,4828,Auto,Good,Fatigue,60,4
V4829,4829,Bicycle,Average,Drunk Driving,27,3
V4830,4830,Bike,Good,Normal,32,4
V4831,4831,Auto,Average,Fatigue,39,1
V4832,4832,Van,Average,Fatigue,44,3
V4833,4833,Truck,Good,Overspeeding,58,3
V4834,4834,Truck,Good,Fatigue,32,4
V4835,4835,Van,Good,Distracted,54,5
V4836,4836,Bus,Poor,Drunk Driving,37,4
V4837,4837,Van,Average,Fatigue,51,2
V4838,4838,Van,Good,Fatigue,51,5
V4839,4839,Bus,Average,Normal,31,1
V4840,4840,Auto,Good,Distracted,56,4
V4841,4841,Bike,Poor,Normal,57,4
V4842,4842,Van,Average,Fatigue,29,3
V4843,4843,Bicycle,Good,Fatigue,57,5
V4844,4844,Bicycle,Poor,Normal,42,4
V4845,4845,Bus,Poor,Normal,48,1
V4846,4846,Bike,Poor,Distracted,37,3
V4847,4847,Bike,Average,Drunk Driving,56,1
V4848,4848,Truck,Poor,Normal,20,5
V4849,4849,Bicycle,Average,Distracted,35,2
V4850,4850,Truck,Good,Distracted,63,3
V4851,4851,Bike,Good,Normal,65,4
V4852,4852,Van,Average,Overspeeding,39,4
V4853,4853,Car,Poor,Overspeeding,47,1
V4854,4854,Van,Good,Overspeeding,38,1
V4855,4855,Van,Average,Overspeeding,25,5
V4856,4856,Truck,Good,Fatigue,46,3
V4857,4857,Bicycle,Average,Drunk Driving,64,3
V4858,4858,Auto,Average,Normal,48,1
V4859,4859,Car,Average,Normal,37,1
V4860,4860,Auto,Average,Fatigue,42,5
V4861,4861,Van,Good,Drunk Driving,27,2
V4862,4862,Truck,Poor,Fatigue,59,4
V4863,4863,Van,Good,Distracted,18,2
V4864,4864,Bicycle,Poor,Normal,37,3
V4865,4865,Auto,Poor,Overspeeding,25,1
V4866,4866,Car,Good,Fatigue,63,4
V4867,4867,Car,Poor,Fatigue,20,3
V4868,4868,Auto,Poor,Normal,40,5
V4869,4869,Bike,Average,Distracted,26,2
V4870,4870,Truck,Poor,Fatigue,52,5
V4871,4871,Bicycle,Good,Fatigue,27,5
V4872,4872,Bicycle,Poor,Normal,36,5
V4873,4873,Bicycle,Poor,Drunk Driving,58,3
V4874,4874,Car,Poor,Fatigue,32,5
V4875,4875,Bicycle,Average,Fatigue,24,3
V4876,4876,Truck,Poor,Drunk Driving,65,1
V4877,4877,Bus,Poor,Drunk Driving,20,1
V4878,4878,Auto,Good,Drunk Driving,61,2
V4879,4879,Bicycle,Average,Drunk Driving,26,5
V4880,4880,Truck,Poor,Normal,60,4
V4881,4881,Truck,Good,Normal,57,2
V4882,4882,Car,Average,Fatigue,49,2
V4883,4883,Bicycle,Poor,Distracted,59,4
V4884,4884,Car,Average,Overspeeding,18,4
V4885,4885,Car,Average,Distracted,53,4
V4886,4886,Bike,Good,Overspeeding,31,5
V4887,4887,Truck,Poor,Overspeeding,51,2
V4888,4888,Van,Average,Drunk Driving,58,2
V4889,4889,Auto,Good,Drunk Driving,57,2
V4890,4890,Bicycle,Average,Fatigue,52,1
V4891,4891,Auto,Good,Distracted,28,1
V4892,4892,Car,Good,Drunk Driving,43,3
V4893,4893,Truck,Average,Drunk Driving,48,3
V4894,4894,Bus,Good,Drunk Driving,26,4
V4895,4895,Bike,Good,Distracted,52,5
V4896,4896,Bus,Average,Fatigue,19,2
V4897,4897,Bus,Good,Drunk Driving,64,5
V4898,4898,Truck,Average,Distracted,54,3
V4899,4899,Car,Poor,Distracted,23,4
V4900,4900,Bicycle,Poor,Normal,24,4
V4901,4901,Bus,Average,Normal,51,5
V4902,4902,Truck,Average,Drunk Driving,62,3
V4903,4903,Auto,Average,Drunk Driving,31,5
V4904,4904,Van,Good,Normal,18,5
V4905,4905,Truck,Average,Overspeeding,36,4
V4906,4906,Bus,Poor,Normal,47,4
V4907,4907,Van,Good,Fatigue,23,2
V4908,4908,Truck,Poor,Drunk Driving,26,2
V4909,4909,Truck,Average,Overspeeding,41,3
V4910,4910,Car,Poor,Overspeeding,26,3
V4911,4911,Bike,Poor,Normal,59,4
V4912,4912,Truck,Poor,Fatigue,18,4
V4913,4913,Auto,Good,Normal,32,3
V4914,4914,Truck,Average,Distracted,18,2
V4915,4915,Bike,Poor,Overspeeding,65,1
V4916,4916,Bike,Poor,Overspeeding,31,5
V4917,4917,Truck,Good,Normal,52,5
V4918,4918,Van,Good,Drunk Driving,47,5
V4919,4919,Truck,Average,Fatigue,25,4
V4920,4920,Bicycle,Poor,Normal,65,1
V4921,4921,Bus,Average,Normal,33,5
V4922,4922,Auto,Good,Fatigue,48,2
V4923,4923,Bicycle,Average,Normal,42,3
V4924,4924,Auto,Poor,Fatigue,35,5
V4925,4925,Auto,Poor,Fatigue,22,1
V4926,4926,Bus,Good,Distracted,20,3
V4927,4927,Bicycle,Average,Drunk Driving,45,3
V4928,4928,Bicycle,Poor,Distracted,59,3
V4929,4929,Bicycle,Good,Overspeeding,49,3
V4930,4930,Truck,Good,Drunk Driving,53,2
V4931,4931,Bicycle,Average,Overspeeding,52,3
V4932,4932,Bike,Average,Normal,61,4
V4933,4933,Car,Poor,Fatigue,61,5
V4934,4934,Car,Good,Fatigue,64,4
V4935,4935,Truck,Average,Distracted,60,2
V4936,4936,Bike,Good,Distracted,49,3
V4937,4937,Car,Good,Normal,29,2
V4938,4938,Car,Average,Normal,49,1
V4939,4939,Truck,Average,Distracted,53,2
V4940,4940,Truck,Good,Normal,58,5
V4941,4941,Van,Good,Distracted,42,1
V4942,4942,Van,Average,Distracted,25,2
V4943,4943,Van,Poor,Drunk Driving,43,3
V4944,4944,Bus,Poor,Overspeeding,54,1
V4945,4945,Bicycle,Good,Drunk Driving,56,5
V4946,4946,Van,Average,Overspeeding,43,3
V4947,4947,Bike,Good,Overspeeding,44,2
V4948,4948,Auto,Average,Normal,43,1
V4949,4949,Truck,Poor,Distracted,52,5
V4950,4950,Truck,Good,Overspeeding,32,4
V4951,4951,Bicycle,Poor,Normal,47,3
V4952,4952,Bicycle,Average,Fatigue,21,2
V4953,4953,Car,Good,Distracted,58,4
V4954,4954,Car,Average,Fatigue,64,4
V4955,4955,Auto,Good,Fatigue,19,5
V4956,4956,Bicycle,Poor,Overspeeding,63,2
V4957,4957,Bicycle,Average,Normal,47,4
V4958,4958,Car,Average,Distracted,51,2
V4959,4959,Van,Poor,Fatigue,44,4
V4960,4960,Truck,Good,Fatigue,25,3
V4961,4961,Car,Good,Drunk Driving,29,4
V4962,4962,Van,Good,Drunk Driving,54,2
V4963,4963,Bus,Average,Overspeeding,55,5
V4964,4964,Truck,Average,Normal,46,5
V4965,4965,Van,Poor,Normal,19,2
V4966,4966,Bike,Good,Fatigue,54,3
V4967,4967,Auto,Average,Normal,49,2
V4968,4968,Van,Poor,Drunk Driving,34,4
V4969,4969,Bike,Poor,Overspeeding,47,3
V4970,4970,Truck,Good,Overspeeding,52,5
V4971,4971,Bicycle,Good,Drunk Driving,61,3
V4972,4972,Bike,Poor,Overspeeding,36,5
V4973,4973,Auto,Average,Distracted,27,5
V4974,4974,Car,Average,Normal,53,2
V4975,4975,Bicycle,Poor,Drunk Driving,36,2
V4976,4976,Van,Average,Normal,38,2
V4977,4977,Auto,Average,Drunk Driving,27,3
V4978,4978,Bike,Average,Distracted,38,4
V4979,4979,Auto,Average,Distracted,22,4
V4980,4980,Bike,Average,Overspeeding,44,4
V4981,4981,Car,Good,Distracted,51,2
V4982,4982,Bicycle,Good,Overspeeding,22,5
V4983,4983,Truck,Average,Distracted,22,2
V4984,4984,Truck,Poor,Normal,45,4
V4985,4985,Bicycle,Good,Distracted,47,4
V4986,4986,Truck,Good,Fatigue,27,4
V4987,4987,Bike,Poor,Normal,65,5
V4988,4988,Truck,Good,Distracted,58,5
V4989,4989,Bicycle,Average,Normal,55,4
V4990,4990,Truck,Good,Overspeeding,60,5
V4991,4991,Car,Poor,Fatigue,50,5
V4992,4992,Van,Poor,Overspeeding,41,2
V4993,4993,Bus,Poor,Drunk Driving,21,3
V4994,4994,Bicycle,Good,Overspeeding,44,4
V4995,4995,Van,Poor,Drunk Driving,42,5
V4996,4996,Bus,Average,Drunk Driving,57,2
V4997,4997,Bicycle,Average,Normal,61,2
V4998,4998,Car,Average,Fatigue,36,1
V4999,4999,Truck,Good,Fatigue,29,2
V5000,5000,Bicycle,Average,Drunk Driving,59,2
