accident_id,date,time,time_of_day,location,state,severity,weather,traffic
1,2026-04-03,22:40:07,Night,Mumbai,Maharashtra,Serious,Fog,Low
2,2025-09-13,15:40:45,Afternoon,Delhi,Delhi,Fatal,Drizzle,Moderate
3,2025-12-05,08:00:53,Morning,Delhi,Delhi,Serious,Fog,Heavy
4,2026-01-11,15:30:09,Afternoon,Chennai,Tamil Nadu,Fatal,Cloudy,Heavy
5,2025-05-02,10:03:59,Morning,Visakhapatnam,Andhra Pradesh,Fatal,Drizzle,Low
6,2025-09-06,17:14:08,Evening,Delhi,Delhi,Minor,Cloudy,Low
7,2026-03-07,05:30:51,Morning,Hyderabad,Telangana,Fatal,Cloudy,Heavy
8,2025-06-07,18:24:08,Evening,Delhi,Delhi,Fatal,Drizzle,Moderate
9,2025-10-20,18:34:27,Evening,Mumbai,Maharashtra,Minor,Fog,Heavy
10,2025-11-08,23:43:26,Night,Bangalore,Karnataka,Serious,Clear,Low
11,2025-07-02,15:49:21,Afternoon,Delhi,Delhi,Fatal,Storm,Moderate
12,2025-09-10,08:40:22,Morning,Visakhapatnam,Andhra Pradesh,Minor,Storm,Heavy
13,2025-12-29,00:29:09,Night,Mumbai,Maharashtra,Serious,Drizzle,Heavy
14,2026-02-09,13:36:44,Afternoon,Delhi,Delhi,Serious,Clear,Moderate
15,2025-10-12,11:07:13,Morning,Chennai,Tamil Nadu,Minor,Drizzle,Heavy
16,2025-08-20,05:22:12,Morning,Mumbai,Maharashtra,Serious,Fog,Heavy
17,2025-10-04,03:57:49,Night,Hyderabad,Telangana,Serious,Clear,Heavy
18,2025-12-31,03:48:28,Night,Mumbai,Maharashtra,Fatal,Drizzle,Low
19,2025-05-20,14:20:48,Afternoon,Visakhapatnam,Andhra Pradesh,Serious,Rain,Moderate
20,2025-06-27,01:36:02,Night,Bangalore,Karnataka,Fatal,Clear,Heavy
21,2026-01-06,16:22:04,Afternoon,Mumbai,Maharashtra,Serious,Rain,Heavy
22,2025-09-09,03:40:29,Night,Chennai,Tamil Nadu,Fatal,Clear,Low
23,2026-03-15,23:19:52,Night,Chennai,Tamil Nadu,Minor,Clear,Moderate
24,2025-08-21,02:38:30,Night,Chennai,Tamil Nadu,Serious,Cloudy,Heavy
25,2025-06-04,08:23:42,Morning,Chennai,Tamil Nadu,Minor,Drizzle,Moderate
26,2026-04-01,12:38:53,Afternoon,Mumbai,Maharashtra,Fatal,Rain,Low
27,2025-05-24,02:53:04,Night,Delhi,Delhi,Serious,Rain,Moderate
28,2026-02-20,07:27:41,Morning,Delhi,Delhi,Minor,Rain,Low
29,2025-05-22,22:13:59,Night,Hyderabad,Telangana,Minor,Clear,Heavy
30,2026-04-02,02:07:36,Night,Hyderabad,Telangana,Serious,Rain,Heavy
31,2025-12-02,14:19:34,Afternoon,Bangalore,Karnataka,Serious,Fog,Heavy
32,2026-03-28,16:43:15,Afternoon,Hyderabad,Telangana,Fatal,Cloudy,Moderate
33,2025-08-26,05:28:12,Morning,Visakhapatnam,Andhra Pradesh,Minor,Rain,Moderate
34,2025-11-10,17:11:52,Evening,Delhi,Delhi,Fatal,Drizzle,Low
35,2025-07-18,21:56:41,Night,Hyderabad,Telangana,Fatal,Fog,Heavy
36,2025-05-17,12:23:33,Afternoon,Visakhapatnam,Andhra Pradesh,Serious,Clear,Low
37,2025-08-27,20:07:34,Evening,Chennai,Tamil Nadu,Fatal,Cloudy,Moderate
38,2025-10-20,08:37:59,Morning,Bangalore,Karnataka,Minor,Storm,Heavy
39,2025-07-24,03:07:35,Night,Bangalore,Karnataka,Serious,Storm,Heavy
40,2025-08-03,00:15:29,Night,Visakhapatnam,Andhra Pradesh,Fatal,Fog,Heavy
41,2025-10-07,17:34:10,Evening,Mumbai,Maharashtra,Serious,Drizzle,Moderate
42,2025-05-07,20:48:22,Evening,Chennai,Tamil Nadu,Minor,Rain,Moderate
43,2025-05-05,05:02:25,Morning,Chennai,Tamil Nadu,Minor,Cloudy,Moderate
44,2026-01-19,12:00:04,Afternoon,Mumbai,Maharashtra,Minor,Storm,Heavy
45,2026-03-23,02:11:52,Night,Visakhapatnam,Andhra Pradesh,Serious,Clear,Heavy
46,2025-10-26,03:44:07,Night,Bangalore,Karnataka,Minor,Storm,Low
47,2025-06-28,15:45:24,Afternoon,Visakhapatnam,Andhra Pradesh,Minor,Fog,Moderate
48,2026-02-25,02:44:44,Night,Delhi,Delhi,Fatal,Storm,Heavy
49,2025-11-13,08:48:23,Morning,Chennai,Tamil Nadu,Fatal,Storm,Moderate
50,2025-12-15,04:27:41,Night,Bangalore,Karnataka,Fatal,Clear,Heavy
51,2025-04-16,09:13:33,Morning,Bangalore,Karnataka,Fatal,Storm,Low
52,2025-05-05,04:49:51,Night,Visakhapatnam,Andhra Pradesh,Serious,Storm,Moderate
53,2025-07-07,08:35:18,Morning,Bangalore,Karnataka,Fatal,Drizzle,Moderate
54,2025-04-15,02:24:16,Night,Hyderabad,Telangana,Serious,Fog,Heavy
55,2025-10-04,04:40:03,Night,Visakhapatnam,Andhra Pradesh,Fatal,Clear,Moderate
56,2025-09-14,05:56:03,Morning,Bangalore,Karnataka,Minor,Storm,Low
57,2026-01-05,06:36:20,Morning,Mumbai,Maharashtra,Fatal,Clear,Heavy
58,2025-09-18,18:03:33,Evening,Delhi,Delhi,Serious,Rain,Heavy
59,2025-11-03,13:10:33,Afternoon,Visakhapatnam,Andhra Pradesh,Serious,Drizzle,Heavy
60,2026-01-26,15:41:39,Afternoon,Bangalore,Karnataka,Serious,Cloudy,Heavy
61,2025-09-09,15:23:41,Afternoon,Delhi,Delhi,Fatal,Storm,Low
62,2025-12-21,00:47:30,Night,Chennai,Tamil Nadu,Fatal,Storm,Low
63,2025-08-21,22:50:16,Night,Bangalore,Karnataka,Minor,Cloudy,Heavy
64,2025-07-28,03:18:04,Night,Delhi,Delhi,Fatal,Drizzle,Heavy
65,2026-03-12,18:09:57,Evening,Mumbai,Maharashtra,Serious,Fog,Low
66,2025-08-08,12:52:24,Afternoon,Mumbai,Maharashtra,Minor,Rain,Heavy
67,2025-06-16,04:37:02,Night,Bangalore,Karnataka,Serious,Rain,Low
68,2025-12-06,20:23:23,Evening,Hyderabad,Telangana,Fatal,Fog,Moderate
69,2025-04-07,22:33:59,Night,Chennai,Tamil Nadu,Fatal,Clear,Heavy
70,2025-05-09,12:14:26,Afternoon,Chennai,Tamil Nadu,Minor,Storm,Moderate
71,2025-06-28,01:20:25,Night,Delhi,Delhi,Serious,Fog,Low
72,2026-01-18,16:16:56,Afternoon,Visakhapatnam,Andhra Pradesh,Serious,Storm,Moderate
73,2025-04-13,16:34:49,Afternoon,Mumbai,Maharashtra,Serious,Cloudy,Low
74,2025-06-01,04:30:39,Night,Chennai,Tamil Nadu,Minor,Storm,Heavy
75,2025-12-01,05:01:12,Morning,Chennai,Tamil Nadu,Serious,Clear,Heavy
76,2025-05-22,07:37:17,Morning,Hyderabad,Telangana,Fatal,Drizzle,Heavy
77,2025-05-29,11:01:09,Morning,Chennai,Tamil Nadu,Serious,Rain,Moderate
78,2025-07-05,07:30:19,Morning,Visakhapatnam,Andhra Pradesh,Serious,Drizzle,Heavy
79,2026-01-26,04:47:05,Night,Delhi,Delhi,Fatal,Rain,Low
80,2025-07-06,13:27:54,Afternoon,Delhi,Delhi,Minor,Fog,Moderate
81,2025-09-23,07:48:47,Morning,Delhi,Delhi,Serious,Fog,Moderate
82,2025-06-22,10:10:06,Morning,Delhi,Delhi,Fatal,Fog,Heavy
83,2025-10-30,09:44:39,Morning,Visakhapatnam,Andhra Pradesh,Fatal,Rain,Heavy
84,2025-10-27,11:18:57,Morning,Bangalore,Karnataka,Fatal,Clear,Low
85,2025-04-10,21:02:04,Night,Chennai,Tamil Nadu,Minor,Drizzle,Heavy
86,2026-02-04,23:36:45,Night,Delhi,Delhi,Serious,Storm,Moderate
87,2025-11-09,11:46:44,Morning,Mumbai,Maharashtra,Serious,Rain,Moderate
88,2025-06-18,11:03:02,Morning,Delhi,Delhi,Serious,Drizzle,Heavy
89,2026-01-30,02:34:11,Night,Hyderabad,Telangana,Minor,Cloudy,Heavy
90,2025-09-25,13:32:57,Afternoon,Chennai,Tamil Nadu,Serious,Cloudy,Heavy
91,2025-04-07,13:27:46,Afternoon,Mumbai,Maharashtra,Fatal,Drizzle,Low
92,2026-03-21,14:40:37,Afternoon,Mumbai,Maharashtra,Fatal,Drizzle,Low
93,2025-06-26,20:13:29,Evening,Mumbai,Maharashtra,Serious,Storm,Moderate
94,2025-09-04,02:27:42,Night,Visakhapatnam,Andhra Pradesh,Minor,Rain,Moderate
95,2025-05-15,21:42:08,Night,Delhi,Delhi,Serious,Clear,Low
96,2026-01-19,13:07:41,Afternoon,Visakhapatnam,Andhra Pradesh,Fatal,Cloudy,Heavy
97,2025-06-14,17:26:47,Evening,Mumbai,Maharashtra,Serious,Cloudy,Low
98,2025-05-08,13:01:49,Afternoon,Visakhapatnam,Andhra Pradesh,Minor,Fog,Low
99,2025-12-02,01:14:22,Night,Mumbai,Maharashtra,Fatal,Storm,Low
100,2025-12-29,22:39:31,Night,Hyderabad,Telangana,Fatal,Drizzle,Moderate
101,2025-10-01,06:49:37,Morning,Hyderabad,Telangana,Serious,Drizzle,Heavy
102,2025-09-18,05:08:08,Morning,Bangalore,Karnataka,Serious,Rain,Low
103,2025-12-30,15:01:31,Afternoon,Mumbai,Maharashtra,Fatal,Storm,Low
104,2025-07-31,14:07:39,Afternoon,Mumbai,Maharashtra,Serious,Drizzle,Low
105,2025-12-15,02:39:39,Night,Hyderabad,Telangana,Fatal,Storm,Moderate
106,2026-04-06,11:47:24,Morning,Bangalore,Karnataka,Fatal,Clear,Moderate
107,2025-10-27,10:55:05,Morning,Bangalore,Karnataka,Serious,Storm,Heavy
108,2026-03-16,02:09:21,Night,Bangalore,Karnataka,Serious,Clear,Heavy
109,2025-07-14,11:38:52,Morning,Hyderabad,Telangana,Minor,Cloudy,Moderate
110,2025-06-07,14:04:26,Afternoon,Chennai,Tamil Nadu,Fatal,Clear,Low
111,2025-10-21,14:51:02,Afternoon,Visakhapatnam,Andhra Pradesh,Serious,Rain,Heavy
112,2025-08-15,06:35:57,Morning,Mumbai,Maharashtra,Fatal,Clear,Low
113,2025-04-28,19:46:17,Evening,Delhi,Delhi,Fatal,Fog,Low
114,2025-05-31,08:41:12,Morning,Visakhapatnam,Andhra Pradesh,Fatal,Storm,Low
115,2026-02-09,13:31:36,Afternoon,Chennai,Tamil Nadu,Fatal,Rain,Low
116,2025-11-21,16:05:45,Afternoon,Bangalore,Karnataka,Minor,Fog,Low
117,2025-05-20,13:25:32,Afternoon,Chennai,Tamil Nadu,Minor,Storm,Heavy
118,2025-08-14,04:48:28,Night,Mumbai,Maharashtra,Fatal,Cloudy,Low
119,2026-01-29,22:11:08,Night,Chennai,Tamil Nadu,Serious,Drizzle,Heavy
120,2026-04-01,03:58:13,Night,Hyderabad,Telangana,Fatal,Fog,Moderate
121,2025-09-04,02:08:56,Night,Bangalore,Karnataka,Serious,Fog,Moderate
122,2025-05-04,23:30:00,Night,Bangalore,Karnataka,Serious,Drizzle,Moderate
123,2025-05-10,15:59:25,Afternoon,Hyderabad,Telangana,Serious,Cloudy,Low
124,2026-02-03,20:09:05,Evening,Chennai,Tamil Nadu,Minor,Clear,Low
125,2025-12-12,22:34:02,Night,Delhi,Delhi,Fatal,Clear,Low
126,2025-10-17,16:58:00,Afternoon,Visakhapatnam,Andhra Pradesh,Minor,Drizzle,Moderate
127,2025-06-18,13:37:40,Afternoon,Hyderabad,Telangana,Fatal,Fog,Low
128,2025-08-09,12:33:56,Afternoon,Chennai,Tamil Nadu,Serious,Storm,Low
129,2025-09-29,01:47:19,Night,Mumbai,Maharashtra,Serious,Drizzle,Moderate
130,2025-04-26,03:04:12,Night,Chennai,Tamil Nadu,Serious,Drizzle,Low
131,2025-06-20,07:41:06,Morning,Mumbai,Maharashtra,Minor,Fog,Moderate
132,2026-03-31,06:23:56,Morning,Hyderabad,Telangana,Serious,Cloudy,Low
133,2025-11-03,19:34:27,Evening,Chennai,Tamil Nadu,Serious,Fog,Heavy
134,2025-12-30,06:15:35,Morning,Delhi,Delhi,Fatal,Cloudy,Moderate
135,2026-03-20,08:11:36,Morning,Mumbai,Maharashtra,Serious,Fog,Moderate
136,2025-07-05,02:58:48,Night,Bangalore,Karnataka,Fatal,Drizzle,Low
137,2025-09-29,21:04:51,Night,Bangalore,Karnataka,Serious,Drizzle,Heavy
138,2025-12-15,00:12:02,Night,Mumbai,Maharashtra,Minor,Cloudy,Heavy
139,2025-05-22,22:13:50,Night,Mumbai,Maharashtra,Fatal,Rain,Low
140,2026-03-18,08:30:25,Morning,Chennai,Tamil Nadu,Minor,Clear,Low
141,2026-01-18,16:07:13,Afternoon,Chennai,Tamil Nadu,Minor,Drizzle,Low
142,2025-07-26,05:52:46,Morning,Visakhapatnam,Andhra Pradesh,Serious,Drizzle,Low
143,2026-01-14,12:17:32,Afternoon,Visakhapatnam,Andhra Pradesh,Minor,Clear,Low
144,2025-09-29,22:09:52,Night,Mumbai,Maharashtra,Minor,Fog,Heavy
145,2025-08-07,07:50:35,Morning,Chennai,Tamil Nadu,Minor,Drizzle,Moderate
146,2025-06-14,16:31:19,Afternoon,Hyderabad,Telangana,Minor,Drizzle,Low
147,2025-11-17,06:53:50,Morning,Hyderabad,Telangana,Serious,Drizzle,Heavy
148,2025-08-14,23:20:53,Night,Chennai,Tamil Nadu,Serious,Drizzle,Moderate
149,2025-11-11,23:15:47,Night,Delhi,Delhi,Serious,Storm,Moderate
150,2025-08-13,07:49:59,Morning,Hyderabad,Telangana,Fatal,Cloudy,Low
151,2025-07-23,06:49:42,Morning,Mumbai,Maharashtra,Fatal,Fog,Low
152,2025-04-19,20:19:12,Evening,Bangalore,Karnataka,Minor,Storm,Heavy
153,2026-01-29,22:32:41,Night,Mumbai,Maharashtra,Minor,Rain,Moderate
154,2025-12-29,08:07:23,Morning,Hyderabad,Telangana,Serious,Drizzle,Moderate
155,2025-08-17,19:36:54,Evening,Hyderabad,Telangana,Serious,Cloudy,Low
156,2025-08-30,00:17:41,Night,Hyderabad,Telangana,Serious,Clear,Moderate
157,2026-01-20,18:04:05,Evening,Bangalore,Karnataka,Serious,Drizzle,Moderate
158,2025-08-25,00:14:06,Night,Hyderabad,Telangana,Fatal,Clear,Heavy
159,2025-11-11,05:48:44,Morning,Hyderabad,Telangana,Minor,Fog,Moderate
160,2025-12-20,05:56:11,Morning,Bangalore,Karnataka,Serious,Rain,Heavy
161,2025-05-04,09:44:04,Morning,Chennai,Tamil Nadu,Fatal,Fog,Moderate
162,2026-01-01,16:56:49,Afternoon,Mumbai,Maharashtra,Serious,Drizzle,Moderate
163,2025-05-03,02:17:15,Night,Delhi,Delhi,Serious,Clear,Moderate
164,2025-09-11,17:57:36,Evening,Visakhapatnam,Andhra Pradesh,Serious,Drizzle,Low
165,2026-02-05,14:29:35,Afternoon,Bangalore,Karnataka,Serious,Fog,Heavy
166,2025-04-20,05:43:36,Morning,Chennai,Tamil Nadu,Fatal,Storm,Heavy
167,2026-04-01,07:11:28,Morning,Hyderabad,Telangana,Serious,Clear,Heavy
168,2026-01-17,14:34:15,Afternoon,Hyderabad,Telangana,Minor,Storm,Moderate
169,2025-04-23,15:28:26,Afternoon,Visakhapatnam,Andhra Pradesh,Serious,Rain,Moderate
170,2026-03-22,17:10:50,Evening,Hyderabad,Telangana,Serious,Storm,Heavy
171,2026-04-07,15:23:00,Afternoon,Visakhapatnam,Andhra Pradesh,Minor,Rain,Moderate
172,2026-03-03,06:33:55,Morning,Visakhapatnam,Andhra Pradesh,Serious,Storm,Low
173,2025-07-29,07:31:12,Morning,Mumbai,Maharashtra,Minor,Cloudy,Moderate
174,2025-07-25,12:30:10,Afternoon,Visakhapatnam,Andhra Pradesh,Fatal,Fog,Moderate
175,2025-07-06,11:57:04,Morning,Visakhapatnam,Andhra Pradesh,Fatal,Rain,Low
176,2025-08-18,01:37:28,Night,Mumbai,Maharashtra,Fatal,Cloudy,Heavy
177,2025-10-11,01:19:15,Night,Visakhapatnam,Andhra Pradesh,Fatal,Rain,Low
178,2025-09-28,22:00:50,Night,Mumbai,Maharashtra,Minor,Clear,Low
179,2025-06-15,16:54:34,Afternoon,Mumbai,Maharashtra,Fatal,Cloudy,Moderate
180,2026-01-24,16:22:47,Afternoon,Delhi,Delhi,Minor,Drizzle,Moderate
181,2025-08-22,21:03:49,Night,Hyderabad,Telangana,Minor,Fog,Heavy
182,2025-04-22,17:33:20,Evening,Chennai,Tamil Nadu,Serious,Clear,Heavy
183,2025-11-13,09:23:42,Morning,Delhi,Delhi,Fatal,Cloudy,Moderate
184,2025-11-03,10:49:10,Morning,Mumbai,Maharashtra,Fatal,Clear,Low
185,2025-10-28,18:31:08,Evening,Chennai,Tamil Nadu,Serious,Cloudy,Low
186,2025-06-10,17:31:03,Evening,Chennai,Tamil Nadu,Serious,Cloudy,Low
187,2026-03-25,14:51:36,Afternoon,Chennai,Tamil Nadu,Minor,Cloudy,Moderate
188,2026-03-22,05:35:31,Morning,Visakhapatnam,Andhra Pradesh,Fatal,Storm,Moderate
189,2025-12-04,13:35:55,Afternoon,Visakhapatnam,Andhra Pradesh,Minor,Clear,Heavy
190,2025-10-07,20:25:22,Evening,Mumbai,Maharashtra,Serious,Drizzle,Moderate
191,2026-03-05,13:40:30,Afternoon,Delhi,Delhi,Minor,Storm,Low
192,2025-08-14,00:31:56,Night,Delhi,Delhi,Serious,Clear,Low
193,2025-11-22,07:00:06,Morning,Mumbai,Maharashtra,Minor,Cloudy,Heavy
194,2026-03-08,11:57:35,Morning,Delhi,Delhi,Minor,Cloudy,Moderate
195,2025-07-30,18:16:34,Evening,Hyderabad,Telangana,Fatal,Clear,Moderate
196,2026-03-19,10:23:16,Morning,Delhi,Delhi,Minor,Fog,Moderate
197,2026-03-26,04:59:51,Night,Chennai,Tamil Nadu,Serious,Cloudy,Moderate
198,2026-01-17,14:25:23,Afternoon,Bangalore,Karnataka,Fatal,Clear,Moderate
199,2025-10-15,18:36:17,Evening,Hyderabad,Telangana,Serious,Drizzle,Low
200,2025-09-26,05:02:21,Morning,Chennai,Tamil Nadu,Minor,Cloudy,Heavy
201,2025-07-12,14:48:05,Afternoon,Visakhapatnam,Andhra Pradesh,Fatal,Drizzle,Moderate
202,2025-08-13,03:05:22,Night,Hyderabad,Telangana,Minor,Drizzle,Heavy
203,2026-03-27,14:17:42,Afternoon,Hyderabad,Telangana,Fatal,Cloudy,Low
204,2026-03-13,17:07:39,Evening,Bangalore,Karnataka,Minor,Drizzle,Moderate
205,2025-06-05,07:23:33,Morning,Mumbai,Maharashtra,Serious,Drizzle,Low
206,2025-12-01,04:36:04,Night,Bangalore,Karnataka,Minor,Cloudy,Moderate
207,2025-10-15,07:04:00,Morning,Mumbai,Maharashtra,Fatal,Cloudy,Heavy
208,2026-01-22,00:44:06,Night,Hyderabad,Telangana,Serious,Cloudy,Low
209,2025-09-10,21:36:50,Night,Bangalore,Karnataka,Minor,Fog,Low
210,2026-01-15,01:14:02,Night,Hyderabad,Telangana,Serious,Cloudy,Low
211,2025-04-15,08:32:13,Morning,Mumbai,Maharashtra,Fatal,Storm,Low
212,2026-02-01,12:03:55,Afternoon,Hyderabad,Telangana,Fatal,Cloudy,Low
213,2025-10-12,04:54:40,Night,Visakhapatnam,Andhra Pradesh,Serious,Storm,Heavy
214,2025-12-16,01:36:07,Night,Delhi,Delhi,Fatal,Cloudy,Low
215,2025-09-28,21:38:51,Night,Visakhapatnam,Andhra Pradesh,Serious,Fog,Heavy
216,2025-11-15,09:35:02,Morning,Visakhapatnam,Andhra Pradesh,Serious,Clear,Heavy
217,2026-02-19,01:42:20,Night,Chennai,Tamil Nadu,Serious,Storm,Low
218,2026-04-05,12:10:19,Afternoon,Delhi,Delhi,Fatal,Storm,Moderate
219,2025-10-21,08:32:32,Morning,Hyderabad,Telangana,Minor,Drizzle,Moderate
220,2025-12-30,17:01:08,Evening,Visakhapatnam,Andhra Pradesh,Fatal,Storm,Heavy
221,2026-02-18,14:00:51,Afternoon,Delhi,Delhi,Fatal,Cloudy,Low
222,2025-06-04,14:08:03,Afternoon,Mumbai,Maharashtra,Minor,Drizzle,Moderate
223,2025-11-20,22:38:02,Night,Delhi,Delhi,Serious,Fog,Moderate
224,2025-11-09,07:02:31,Morning,Hyderabad,Telangana,Serious,Drizzle,Heavy
225,2026-04-02,23:19:21,Night,Chennai,Tamil Nadu,Minor,Cloudy,Low
226,2025-05-15,00:49:07,Night,Hyderabad,Telangana,Serious,Drizzle,Heavy
227,2025-09-10,17:35:09,Evening,Bangalore,Karnataka,Serious,Cloudy,Low
228,2025-11-25,02:21:03,Night,Chennai,Tamil Nadu,Fatal,Rain,Heavy
229,2025-07-10,15:44:50,Afternoon,Hyderabad,Telangana,Serious,Storm,Heavy
230,2025-07-25,21:38:15,Night,Chennai,Tamil Nadu,Minor,Cloudy,Heavy
231,2025-10-26,10:14:01,Morning,Visakhapatnam,Andhra Pradesh,Minor,Fog,Moderate
232,2026-01-29,10:57:11,Morning,Delhi,Delhi,Minor,Rain,Moderate
233,2026-02-22,04:48:14,Night,Visakhapatnam,Andhra Pradesh,Serious,Cloudy,Heavy
234,2025-07-06,02:12:04,Night,Mumbai,Maharashtra,Minor,Cloudy,Heavy
235,2025-04-30,11:30:10,Morning,Visakhapatnam,Andhra Pradesh,Fatal,Cloudy,Moderate
236,2025-07-24,00:28:20,Night,Visakhapatnam,Andhra Pradesh,Fatal,Drizzle,Heavy
237,2025-08-10,21:38:05,Night,Mumbai,Maharashtra,Fatal,Cloudy,Low
238,2025-07-21,06:27:28,Morning,Visakhapatnam,Andhra Pradesh,Serious,Drizzle,Moderate
239,2025-04-08,09:47:14,Morning,Bangalore,Karnataka,Fatal,Storm,Moderate
240,2025-08-30,02:07:38,Night,Mumbai,Maharashtra,Fatal,Cloudy,Low
241,2026-01-12,05:27:07,Morning,Mumbai,Maharashtra,Minor,Fog,Heavy
242,2026-03-16,03:38:18,Night,Bangalore,Karnataka,Minor,Cloudy,Heavy
243,2026-03-30,18:05:27,Evening,Hyderabad,Telangana,Minor,Cloudy,Moderate
244,2025-08-24,03:54:09,Night,Visakhapatnam,Andhra Pradesh,Serious,Cloudy,Heavy
245,2025-08-18,10:38:09,Morning,Visakhapatnam,Andhra Pradesh,Fatal,Clear,Moderate
246,2025-09-29,19:43:09,Evening,Bangalore,Karnataka,Minor,Rain,Moderate
247,2025-05-05,09:07:17,Morning,Hyderabad,Telangana,Minor,Drizzle,Heavy
248,2025-07-17,01:21:16,Night,Mumbai,Maharashtra,Fatal,Storm,Low
249,2025-11-28,08:58:22,Morning,Hyderabad,Telangana,Minor,Storm,Low
250,2026-02-23,21:43:34,Night,Mumbai,Maharashtra,Serious,Storm,Low
251,2026-03-31,06:36:16,Morning,Mumbai,Maharashtra,Minor,Storm,Heavy
252,2026-01-01,20:44:02,Evening,Visakhapatnam,Andhra Pradesh,Serious,Drizzle,Heavy
253,2025-11-20,00:23:55,Night,Visakhapatnam,Andhra Pradesh,Serious,Fog,Heavy
254,2025-06-10,19:56:33,Evening,Visakhapatnam,Andhra Pradesh,Serious,Storm,Low
255,2026-01-27,05:03:30,Morning,Mumbai,Maharashtra,Serious,Rain,Heavy
256,2025-11-13,22:30:56,Night,Chennai,Tamil Nadu,Fatal,Drizzle,Moderate
257,2025-05-14,08:40:18,Morning,Hyderabad,Telangana,Serious,Drizzle,Moderate
258,2026-01-30,01:15:25,Night,Delhi,Delhi,Serious,Cloudy,Low
259,2025-11-06,01:56:53,Night,Chennai,Tamil Nadu,Minor,Rain,Moderate
260,2025-07-16,14:51:14,Afternoon,Bangalore,Karnataka,Serious,Cloudy,Low
261,2025-04-29,08:15:14,Morning,Chennai,Tamil Nadu,Serious,Drizzle,Low
262,2025-11-30,14:11:08,Afternoon,Delhi,Delhi,Minor,Storm,Heavy
263,2026-02-21,23:17:29,Night,Delhi,Delhi,Serious,Drizzle,Low
264,2025-12-17,08:20:26,Morning,Visakhapatnam,Andhra Pradesh,Fatal,Clear,Moderate
265,2026-02-27,05:05:31,Morning,Delhi,Delhi,Minor,Fog,Moderate
266,2025-09-23,14:55:21,Afternoon,Bangalore,Karnataka,Serious,Rain,Heavy
267,2026-01-01,14:25:23,Afternoon,Hyderabad,Telangana,Fatal,Clear,Heavy
268,2025-10-31,07:36:28,Morning,Chennai,Tamil Nadu,Minor,Storm,Moderate
269,2026-02-02,00:19:11,Night,Chennai,Tamil Nadu,Minor,Clear,Heavy
270,2026-01-06,20:55:37,Evening,Mumbai,Maharashtra,Fatal,Fog,Heavy
271,2026-01-24,07:16:03,Morning,Delhi,Delhi,Serious,Rain,Heavy
272,2026-02-16,14:37:11,Afternoon,Hyderabad,Telangana,Serious,Drizzle,Low
273,2025-05-01,20:13:46,Evening,Bangalore,Karnataka,Minor,Cloudy,Heavy
274,2026-04-02,02:34:37,Night,Bangalore,Karnataka,Serious,Clear,Moderate
275,2026-03-05,15:03:09,Afternoon,Visakhapatnam,Andhra Pradesh,Fatal,Cloudy,Low
276,2025-12-09,04:31:57,Night,Visakhapatnam,Andhra Pradesh,Minor,Rain,Low
277,2025-05-11,15:25:07,Afternoon,Hyderabad,Telangana,Fatal,Clear,Heavy
278,2025-08-14,17:18:52,Evening,Bangalore,Karnataka,Serious,Cloudy,Low
279,2025-12-12,03:03:20,Night,Chennai,Tamil Nadu,Minor,Clear,Low
280,2025-06-07,14:08:48,Afternoon,Chennai,Tamil Nadu,Fatal,Rain,Low
281,2025-08-16,10:22:03,Morning,Mumbai,Maharashtra,Fatal,Fog,Heavy
282,2026-03-27,23:12:58,Night,Mumbai,Maharashtra,Serious,Fog,Heavy
283,2025-06-02,19:25:39,Evening,Visakhapatnam,Andhra Pradesh,Fatal,Fog,Heavy
284,2025-06-28,01:27:29,Night,Bangalore,Karnataka,Serious,Clear,Low
285,2025-06-19,07:45:16,Morning,Hyderabad,Telangana,Fatal,Clear,Low
286,2025-12-29,15:50:28,Afternoon,Hyderabad,Telangana,Fatal,Drizzle,Heavy
287,2026-03-12,13:55:08,Afternoon,Hyderabad,Telangana,Serious,Drizzle,Heavy
288,2025-07-22,02:11:40,Night,Bangalore,Karnataka,Serious,Clear,Heavy
289,2025-09-14,23:06:17,Night,Mumbai,Maharashtra,Minor,Rain,Low
290,2025-11-25,21:55:53,Night,Chennai,Tamil Nadu,Fatal,Clear,Moderate
291,2026-02-24,13:07:11,Afternoon,Hyderabad,Telangana,Fatal,Clear,Low
292,2025-07-18,04:02:49,Night,Chennai,Tamil Nadu,Fatal,Clear,Low
293,2026-01-11,19:27:46,Evening,Bangalore,Karnataka,Minor,Drizzle,Low
294,2025-08-16,03:49:42,Night,Chennai,Tamil Nadu,Fatal,Fog,Moderate
295,2025-06-13,15:14:52,Afternoon,Bangalore,Karnataka,Serious,Clear,Moderate
296,2025-12-19,19:33:40,Evening,Chennai,Tamil Nadu,Serious,Clear,Heavy
297,2026-01-31,17:14:32,Evening,Hyderabad,Telangana,Serious,Storm,Low
298,2025-05-08,05:14:35,Morning,Hyderabad,Telangana,Fatal,Rain,Heavy
299,2026-01-13,19:36:58,Evening,Visakhapatnam,Andhra Pradesh,Serious,Drizzle,Moderate
300,2025-12-30,00:37:21,Night,Mumbai,Maharashtra,Serious,Cloudy,Low
301,2025-11-14,02:28:03,Night,Visakhapatnam,Andhra Pradesh,Minor,Fog,Low
302,2026-03-31,09:22:07,Morning,Delhi,Delhi,Serious,Clear,Heavy
303,2025-04-10,12:36:30,Afternoon,Visakhapatnam,Andhra Pradesh,Serious,Rain,Low
304,2025-08-03,04:52:10,Night,Hyderabad,Telangana,Fatal,Fog,Heavy
305,2025-05-14,15:38:22,Afternoon,Bangalore,Karnataka,Minor,Clear,Heavy
306,2025-12-06,08:54:54,Morning,Mumbai,Maharashtra,Serious,Clear,Low
307,2025-06-01,23:45:29,Night,Delhi,Delhi,Fatal,Storm,Low
308,2025-11-14,22:04:42,Night,Chennai,Tamil Nadu,Serious,Storm,Heavy
309,2025-09-10,14:39:14,Afternoon,Hyderabad,Telangana,Serious,Rain,Heavy
310,2025-10-27,04:25:55,Night,Chennai,Tamil Nadu,Serious,Rain,Moderate
311,2025-12-14,20:55:04,Evening,Mumbai,Maharashtra,Minor,Clear,Low
312,2026-01-08,18:01:43,Evening,Mumbai,Maharashtra,Minor,Clear,Heavy
313,2025-08-22,05:47:34,Morning,Bangalore,Karnataka,Fatal,Cloudy,Heavy
314,2025-04-14,01:59:04,Night,Delhi,Delhi,Serious,Rain,Moderate
315,2025-08-11,23:30:41,Night,Bangalore,Karnataka,Serious,Drizzle,Low
316,2025-09-09,05:48:38,Morning,Visakhapatnam,Andhra Pradesh,Fatal,Rain,Low
317,2025-11-14,17:27:24,Evening,Bangalore,Karnataka,Minor,Rain,Heavy
318,2025-09-20,09:18:34,Morning,Hyderabad,Telangana,Fatal,Cloudy,Heavy
319,2026-03-12,04:19:31,Night,Mumbai,Maharashtra,Serious,Drizzle,Moderate
320,2026-04-06,14:59:55,Afternoon,Chennai,Tamil Nadu,Fatal,Rain,Low
321,2025-07-02,19:12:44,Evening,Visakhapatnam,Andhra Pradesh,Serious,Rain,Heavy
322,2026-03-09,08:45:46,Morning,Mumbai,Maharashtra,Minor,Storm,Heavy
323,2025-08-20,00:43:31,Night,Bangalore,Karnataka,Serious,Storm,Low
324,2025-11-16,15:22:06,Afternoon,Delhi,Delhi,Serious,Clear,Low
325,2025-11-23,20:45:08,Evening,Hyderabad,Telangana,Fatal,Clear,Heavy
326,2025-09-11,12:41:53,Afternoon,Mumbai,Maharashtra,Minor,Drizzle,Low
327,2025-07-08,19:41:52,Evening,Chennai,Tamil Nadu,Minor,Clear,Low
328,2026-03-25,13:55:13,Afternoon,Mumbai,Maharashtra,Minor,Drizzle,Low
329,2025-07-31,23:30:08,Night,Hyderabad,Telangana,Serious,Storm,Moderate
330,2026-01-23,01:21:53,Night,Chennai,Tamil Nadu,Fatal,Clear,Heavy
331,2026-03-26,12:16:50,Afternoon,Mumbai,Maharashtra,Serious,Fog,Moderate
332,2025-08-02,18:53:12,Evening,Bangalore,Karnataka,Serious,Cloudy,Moderate
333,2026-03-10,10:37:13,Morning,Mumbai,Maharashtra,Minor,Cloudy,Low
334,2025-10-26,11:56:19,Morning,Chennai,Tamil Nadu,Fatal,Cloudy,Moderate
335,2025-10-17,22:27:04,Night,Chennai,Tamil Nadu,Serious,Clear,Moderate
336,2025-10-29,14:26:52,Afternoon,Visakhapatnam,Andhra Pradesh,Minor,Rain,Moderate
337,2025-12-07,17:19:28,Evening,Mumbai,Maharashtra,Serious,Drizzle,Heavy
338,2025-08-09,09:22:50,Morning,Delhi,Delhi,Serious,Cloudy,Moderate
339,2025-09-30,09:05:19,Morning,Hyderabad,Telangana,Minor,Drizzle,Heavy
340,2025-10-22,19:11:07,Evening,Bangalore,Karnataka,Serious,Clear,Moderate
341,2026-01-06,10:43:37,Morning,Mumbai,Maharashtra,Minor,Clear,Heavy
342,2025-04-12,14:10:26,Afternoon,Bangalore,Karnataka,Minor,Rain,Moderate
343,2025-07-01,13:44:03,Afternoon,Chennai,Tamil Nadu,Serious,Clear,Low
344,2026-03-26,22:19:18,Night,Visakhapatnam,Andhra Pradesh,Minor,Storm,Low
345,2025-12-04,17:04:36,Evening,Delhi,Delhi,Fatal,Clear,Moderate
346,2025-07-12,15:39:57,Afternoon,Chennai,Tamil Nadu,Minor,Fog,Heavy
347,2025-07-26,21:10:53,Night,Mumbai,Maharashtra,Serious,Storm,Heavy
348,2025-11-21,10:33:06,Morning,Visakhapatnam,Andhra Pradesh,Serious,Drizzle,Heavy
349,2025-09-06,10:00:38,Morning,Hyderabad,Telangana,Minor,Fog,Low
350,2025-09-17,09:57:04,Morning,Bangalore,Karnataka,Fatal,Cloudy,Moderate
351,2025-05-17,21:19:07,Night,Bangalore,Karnataka,Serious,Clear,Moderate
352,2026-03-15,21:25:25,Night,Chennai,Tamil Nadu,Fatal,Cloudy,Heavy
353,2025-06-27,05:21:29,Morning,Delhi,Delhi,Fatal,Drizzle,Low
354,2025-11-12,10:37:24,Morning,Delhi,Delhi,Minor,Fog,Moderate
355,2025-05-26,16:08:18,Afternoon,Chennai,Tamil Nadu,Fatal,Drizzle,Heavy
356,2025-07-24,05:28:24,Morning,Delhi,Delhi,Fatal,Storm,Moderate
357,2025-11-23,14:25:43,Afternoon,Hyderabad,Telangana,Minor,Clear,Low
358,2025-12-18,22:21:21,Night,Visakhapatnam,Andhra Pradesh,Minor,Drizzle,Moderate
359,2026-01-30,19:24:29,Evening,Bangalore,Karnataka,Minor,Rain,Low
360,2025-10-24,05:25:18,Morning,Visakhapatnam,Andhra Pradesh,Serious,Drizzle,Heavy
361,2025-10-16,08:19:51,Morning,Bangalore,Karnataka,Minor,Drizzle,Low
362,2025-09-08,01:10:15,Night,Chennai,Tamil Nadu,Fatal,Cloudy,Moderate
363,2025-04-16,17:49:20,Evening,Bangalore,Karnataka,Minor,Cloudy,Low
364,2025-11-08,07:06:59,Morning,Delhi,Delhi,Serious,Storm,Heavy
365,2026-03-31,13:27:29,Afternoon,Chennai,Tamil Nadu,Fatal,Clear,Heavy
366,2025-04-28,04:36:36,Night,Bangalore,Karnataka,Fatal,Cloudy,Heavy
367,2025-12-21,16:09:55,Afternoon,Chennai,Tamil Nadu,Serious,Fog,Moderate
368,2025-06-23,12:47:51,Afternoon,Visakhapatnam,Andhra Pradesh,Serious,Storm,Low
369,2025-11-05,13:56:31,Afternoon,Bangalore,Karnataka,Serious,Clear,Moderate
370,2026-02-05,20:36:19,Evening,Chennai,Tamil Nadu,Minor,Rain,Moderate
371,2025-08-07,18:31:43,Evening,Delhi,Delhi,Serious,Rain,Moderate
372,2025-10-21,12:33:44,Afternoon,Mumbai,Maharashtra,Serious,Rain,Low
373,2026-02-26,12:03:41,Afternoon,Chennai,Tamil Nadu,Minor,Clear,Low
374,2026-03-27,04:45:09,Night,Visakhapatnam,Andhra Pradesh,Minor,Clear,Heavy
375,2025-06-25,23:50:05,Night,Mumbai,Maharashtra,Minor,Storm,Low
376,2026-02-10,00:41:26,Night,Mumbai,Maharashtra,Minor,Rain,Low
377,2025-07-18,02:58:57,Night,Bangalore,Karnataka,Serious,Clear,Moderate
378,2025-08-05,12:14:38,Afternoon,Chennai,Tamil Nadu,Fatal,Clear,Heavy
379,2025-07-23,06:08:58,Morning,Delhi,Delhi,Fatal,Clear,Heavy
380,2025-05-20,16:18:36,Afternoon,Bangalore,Karnataka,Serious,Clear,Heavy
381,2026-03-29,21:23:13,Night,Hyderabad,Telangana,Fatal,Fog,Heavy
382,2025-04-24,14:12:18,Afternoon,Hyderabad,Telangana,Fatal,Cloudy,Low
383,2025-04-09,00:48:22,Night,Mumbai,Maharashtra,Fatal,Rain,Low
384,2026-01-21,22:22:50,Night,Mumbai,Maharashtra,Minor,Rain,Heavy
385,2026-03-05,04:54:03,Night,Chennai,Tamil Nadu,Fatal,Storm,Heavy
386,2026-03-28,02:56:07,Night,Bangalore,Karnataka,Fatal,Fog,Heavy
387,2026-03-17,01:09:52,Night,Hyderabad,Telangana,Minor,Storm,Heavy
388,2026-01-20,22:48:30,Night,Bangalore,Karnataka,Serious,Clear,Low
389,2025-06-29,02:23:19,Night,Visakhapatnam,Andhra Pradesh,Fatal,Rain,Heavy
390,2026-03-19,08:09:09,Morning,Delhi,Delhi,Serious,Cloudy,Heavy
391,2025-04-15,02:48:04,Night,Mumbai,Maharashtra,Fatal,Fog,Moderate
392,2026-03-17,12:05:22,Afternoon,Chennai,Tamil Nadu,Serious,Storm,Moderate
393,2025-05-09,08:53:53,Morning,Delhi,Delhi,Serious,Clear,Heavy
394,2026-03-28,05:45:23,Morning,Delhi,Delhi,Serious,Drizzle,Heavy
395,2026-01-08,16:48:36,Afternoon,Chennai,Tamil Nadu,Serious,Storm,Heavy
396,2026-02-09,23:35:39,Night,Mumbai,Maharashtra,Fatal,Drizzle,Moderate
397,2025-11-18,10:31:55,Morning,Delhi,Delhi,Serious,Rain,Low
398,2025-05-28,07:40:27,Morning,Chennai,Tamil Nadu,Minor,Rain,Low
399,2025-08-17,20:55:34,Evening,Bangalore,Karnataka,Serious,Storm,Heavy
400,2025-09-06,12:03:48,Afternoon,Hyderabad,Telangana,Minor,Drizzle,Moderate
401,2026-03-26,06:08:13,Morning,Visakhapatnam,Andhra Pradesh,Fatal,Fog,Moderate
402,2025-11-26,04:46:20,Night,Visakhapatnam,Andhra Pradesh,Fatal,Storm,Low
403,2025-10-01,18:14:43,Evening,Delhi,Delhi,Minor,Cloudy,Heavy
404,2025-10-05,14:04:05,Afternoon,Chennai,Tamil Nadu,Serious,Cloudy,Low
405,2026-02-02,01:37:52,Night,Hyderabad,Telangana,Minor,Drizzle,Moderate
406,2026-01-18,22:01:29,Night,Chennai,Tamil Nadu,Fatal,Rain,Heavy
407,2026-02-14,22:20:40,Night,Bangalore,Karnataka,Fatal,Rain,Heavy
408,2025-07-22,19:46:32,Evening,Delhi,Delhi,Minor,Fog,Moderate
409,2025-05-24,02:04:36,Night,Chennai,Tamil Nadu,Minor,Rain,Low
410,2025-05-09,11:34:02,Morning,Mumbai,Maharashtra,Minor,Cloudy,Moderate
411,2026-03-03,17:27:20,Evening,Mumbai,Maharashtra,Fatal,Cloudy,Low
412,2025-11-21,02:07:50,Night,Delhi,Delhi,Serious,Fog,Low
413,2025-10-18,22:15:30,Night,Mumbai,Maharashtra,Serious,Clear,Heavy
414,2026-02-18,01:01:15,Night,Mumbai,Maharashtra,Serious,Drizzle,Moderate
415,2025-12-16,01:31:28,Night,Visakhapatnam,Andhra Pradesh,Minor,Rain,Low
416,2025-10-20,03:45:32,Night,Mumbai,Maharashtra,Serious,Clear,Moderate
417,2025-04-14,21:23:24,Night,Delhi,Delhi,Fatal,Storm,Moderate
418,2026-02-24,20:27:16,Evening,Mumbai,Maharashtra,Minor,Fog,Low
419,2026-01-08,04:00:04,Night,Mumbai,Maharashtra,Minor,Storm,Low
420,2025-06-01,22:30:46,Night,Mumbai,Maharashtra,Fatal,Storm,Low
421,2025-10-11,23:17:09,Night,Visakhapatnam,Andhra Pradesh,Minor,Cloudy,Low
422,2025-05-14,19:05:06,Evening,Chennai,Tamil Nadu,Fatal,Drizzle,Heavy
423,2025-05-09,19:07:59,Evening,Delhi,Delhi,Minor,Storm,Low
424,2025-05-31,09:06:02,Morning,Bangalore,Karnataka,Minor,Fog,Low
425,2025-12-28,13:53:41,Afternoon,Delhi,Delhi,Minor,Fog,Moderate
426,2025-12-25,19:38:53,Evening,Hyderabad,Telangana,Fatal,Fog,Low
427,2025-08-03,06:41:49,Morning,Bangalore,Karnataka,Fatal,Drizzle,Heavy
428,2025-09-24,07:23:47,Morning,Chennai,Tamil Nadu,Fatal,Cloudy,Low
429,2025-08-25,16:58:58,Afternoon,Mumbai,Maharashtra,Fatal,Rain,Moderate
430,2025-09-18,12:17:26,Afternoon,Mumbai,Maharashtra,Serious,Storm,Heavy
431,2026-03-27,18:55:48,Evening,Visakhapatnam,Andhra Pradesh,Minor,Drizzle,Moderate
432,2025-09-06,15:06:05,Afternoon,Mumbai,Maharashtra,Fatal,Clear,Moderate
433,2025-11-25,11:25:54,Morning,Bangalore,Karnataka,Fatal,Clear,Heavy
434,2025-10-01,00:53:25,Night,Chennai,Tamil Nadu,Fatal,Storm,Heavy
435,2026-01-31,17:49:59,Evening,Chennai,Tamil Nadu,Minor,Rain,Low
436,2025-05-25,01:11:37,Night,Delhi,Delhi,Minor,Cloudy,Heavy
437,2025-12-19,05:26:02,Morning,Mumbai,Maharashtra,Fatal,Clear,Low
438,2025-10-18,21:52:22,Night,Mumbai,Maharashtra,Minor,Clear,Moderate
439,2025-11-22,12:28:40,Afternoon,Visakhapatnam,Andhra Pradesh,Fatal,Storm,Moderate
440,2025-06-23,08:35:40,Morning,Bangalore,Karnataka,Minor,Storm,Low
441,2026-02-04,03:58:24,Night,Bangalore,Karnataka,Serious,Fog,Heavy
442,2025-06-09,11:43:12,Morning,Visakhapatnam,Andhra Pradesh,Minor,Storm,Low
443,2025-09-20,08:04:51,Morning,Delhi,Delhi,Fatal,Fog,Heavy
444,2025-12-11,17:25:21,Evening,Chennai,Tamil Nadu,Fatal,Cloudy,Moderate
445,2025-04-11,21:10:13,Night,Mumbai,Maharashtra,Minor,Cloudy,Moderate
446,2025-08-25,16:49:12,Afternoon,Bangalore,Karnataka,Fatal,Fog,Low
447,2025-11-16,21:53:04,Night,Chennai,Tamil Nadu,Fatal,Drizzle,Heavy
448,2025-05-04,17:12:09,Evening,Hyderabad,Telangana,Fatal,Rain,Heavy
449,2025-06-02,02:08:39,Night,Visakhapatnam,Andhra Pradesh,Fatal,Clear,Moderate
450,2025-08-01,01:05:23,Night,Bangalore,Karnataka,Serious,Fog,Heavy
451,2025-08-07,09:41:36,Morning,Delhi,Delhi,Fatal,Clear,Moderate
452,2025-05-07,01:18:54,Night,Bangalore,Karnataka,Serious,Clear,Low
453,2026-01-23,20:28:18,Evening,Visakhapatnam,Andhra Pradesh,Minor,Fog,Moderate
454,2025-08-01,12:12:15,Afternoon,Hyderabad,Telangana,Fatal,Storm,Low
455,2025-07-29,22:33:58,Night,Mumbai,Maharashtra,Fatal,Fog,Moderate
456,2025-06-11,00:58:30,Night,Bangalore,Karnataka,Minor,Drizzle,Moderate
457,2026-02-24,05:33:10,Morning,Bangalore,Karnataka,Minor,Drizzle,Low
458,2025-11-13,10:32:17,Morning,Chennai,Tamil Nadu,Serious,Cloudy,Moderate
459,2025-11-15,04:13:20,Night,Visakhapatnam,Andhra Pradesh,Serious,Clear,Moderate
460,2026-04-03,05:30:13,Morning,Hyderabad,Telangana,Fatal,Rain,Moderate
461,2025-08-11,11:12:36,Morning,Delhi,Delhi,Minor,Rain,Low
462,2025-09-11,04:14:57,Night,Visakhapatnam,Andhra Pradesh,Serious,Clear,Low
463,2025-07-09,23:53:39,Night,Visakhapatnam,Andhra Pradesh,Fatal,Rain,Heavy
464,2025-04-22,11:52:34,Morning,Visakhapatnam,Andhra Pradesh,Fatal,Drizzle,Moderate
465,2025-11-13,08:14:52,Morning,Visakhapatnam,Andhra Pradesh,Minor,Cloudy,Moderate
466,2025-08-01,13:49:08,Afternoon,Mumbai,Maharashtra,Minor,Drizzle,Moderate
467,2025-11-13,03:26:35,Night,Visakhapatnam,Andhra Pradesh,Fatal,Rain,Low
468,2025-12-10,09:22:57,Morning,Hyderabad,Telangana,Serious,Clear,Heavy
469,2026-02-01,00:15:11,Night,Chennai,Tamil Nadu,Minor,Rain,Low
470,2025-07-29,13:28:35,Afternoon,Visakhapatnam,Andhra Pradesh,Fatal,Drizzle,Moderate
471,2025-09-15,05:42:42,Morning,Visakhapatnam,Andhra Pradesh,Minor,Fog,Moderate
472,2025-06-26,00:19:34,Night,Mumbai,Maharashtra,Fatal,Rain,Moderate
473,2025-10-19,19:50:40,Evening,Mumbai,Maharashtra,Serious,Rain,Heavy
474,2025-04-25,09:43:50,Morning,Bangalore,Karnataka,Minor,Cloudy,Low
475,2026-04-03,17:43:10,Evening,Visakhapatnam,Andhra Pradesh,Fatal,Drizzle,Low
476,2026-03-30,07:03:57,Morning,Bangalore,Karnataka,Serious,Drizzle,Heavy
477,2025-10-26,20:35:35,Evening,Delhi,Delhi,Minor,Drizzle,Low
478,2025-05-07,17:46:55,Evening,Chennai,Tamil Nadu,Minor,Fog,Low
479,2025-05-22,00:37:45,Night,Bangalore,Karnataka,Minor,Cloudy,Low
480,2025-10-01,07:29:22,Morning,Mumbai,Maharashtra,Minor,Fog,Moderate
481,2025-08-14,17:05:06,Evening,Mumbai,Maharashtra,Minor,Fog,Low
482,2026-01-27,02:29:10,Night,Hyderabad,Telangana,Fatal,Rain,Heavy
483,2025-09-02,00:34:21,Night,Mumbai,Maharashtra,Fatal,Clear,Heavy
484,2026-02-12,12:17:52,Afternoon,Bangalore,Karnataka,Serious,Storm,Low
485,2025-08-12,18:55:19,Evening,Bangalore,Karnataka,Minor,Drizzle,Moderate
486,2025-06-19,20:27:47,Evening,Delhi,Delhi,Fatal,Cloudy,Heavy
487,2025-06-04,10:14:07,Morning,Mumbai,Maharashtra,Fatal,Rain,Moderate
488,2025-09-18,16:23:59,Afternoon,Delhi,Delhi,Serious,Fog,Heavy
489,2025-10-14,06:06:11,Morning,Hyderabad,Telangana,Fatal,Storm,Heavy
490,2026-03-25,21:26:12,Night,Chennai,Tamil Nadu,Minor,Cloudy,Low
491,2025-08-11,15:29:34,Afternoon,Mumbai,Maharashtra,Minor,Cloudy,Moderate
492,2025-08-23,06:25:21,Morning,Delhi,Delhi,Fatal,Rain,Low
493,2025-12-29,10:25:05,Morning,Visakhapatnam,Andhra Pradesh,Serious,Storm,Heavy
494,2025-12-18,18:16:12,Evening,Delhi,Delhi,Serious,Cloudy,Moderate
495,2026-02-15,15:23:13,Afternoon,Hyderabad,Telangana,Fatal,Storm,Moderate
496,2026-01-16,02:05:06,Night,Chennai,Tamil Nadu,Fatal,Drizzle,Low
497,2025-11-27,00:53:12,Night,Visakhapatnam,Andhra Pradesh,Fatal,Fog,Low
498,2025-10-11,14:24:57,Afternoon,Chennai,Tamil Nadu,Fatal,Clear,Heavy
499,2025-10-23,03:00:02,Night,Bangalore,Karnataka,Serious,Clear,Moderate
500,2025-05-22,23:17:44,Night,Bangalore,Karnataka,Serious,Clear,Low
501,2026-01-23,19:07:10,Evening,Visakhapatnam,Andhra Pradesh,Serious,Clear,Heavy
502,2025-08-05,13:59:22,Afternoon,Chennai,Tamil Nadu,Fatal,Fog,Low
503,2025-12-15,08:34:59,Morning,Hyderabad,Telangana,Fatal,Cloudy,Moderate
504,2025-10-05,23:40:17,Night,Bangalore,Karnataka,Serious,Rain,Low
505,2025-05-16,13:07:19,Afternoon,Bangalore,Karnataka,Minor,Fog,Moderate
506,2025-04-12,02:02:49,Night,Visakhapatnam,Andhra Pradesh,Serious,Rain,Heavy
507,2025-07-18,12:25:09,Afternoon,Delhi,Delhi,Minor,Clear,Low
508,2025-10-25,00:29:05,Night,Chennai,Tamil Nadu,Minor,Rain,Low
509,2025-06-23,16:41:07,Afternoon,Visakhapatnam,Andhra Pradesh,Minor,Rain,Moderate
510,2025-04-25,08:42:15,Morning,Bangalore,Karnataka,Fatal,Cloudy,Heavy
511,2025-10-30,17:43:56,Evening,Visakhapatnam,Andhra Pradesh,Serious,Fog,Heavy
512,2025-09-01,01:08:59,Night,Hyderabad,Telangana,Serious,Storm,Low
513,2025-10-18,21:21:46,Night,Bangalore,Karnataka,Minor,Rain,Heavy
514,2026-04-04,07:38:48,Morning,Delhi,Delhi,Minor,Drizzle,Moderate
515,2025-04-30,01:12:57,Night,Chennai,Tamil Nadu,Minor,Rain,Heavy
516,2025-09-28,10:38:15,Morning,Visakhapatnam,Andhra Pradesh,Serious,Storm,Low
517,2025-12-18,23:45:48,Night,Bangalore,Karnataka,Fatal,Cloudy,Low
518,2025-09-10,14:30:00,Afternoon,Mumbai,Maharashtra,Fatal,Drizzle,Heavy
519,2025-06-23,05:05:21,Morning,Bangalore,Karnataka,Serious,Rain,Moderate
520,2025-09-23,18:30:14,Evening,Chennai,Tamil Nadu,Minor,Cloudy,Heavy
521,2025-05-24,03:47:12,Night,Hyderabad,Telangana,Serious,Fog,Moderate
522,2025-07-17,20:22:21,Evening,Delhi,Delhi,Serious,Drizzle,Heavy
523,2025-07-19,07:09:15,Morning,Chennai,Tamil Nadu,Fatal,Cloudy,Heavy
524,2026-04-07,20:07:11,Evening,Hyderabad,Telangana,Fatal,Fog,Low
525,2025-10-18,19:11:45,Evening,Hyderabad,Telangana,Minor,Storm,Moderate
526,2025-12-26,10:59:38,Morning,Chennai,Tamil Nadu,Serious,Cloudy,Heavy
527,2025-09-26,16:43:54,Afternoon,Bangalore,Karnataka,Serious,Storm,Moderate
528,2025-07-30,04:59:48,Night,Delhi,Delhi,Minor,Clear,Low
529,2025-06-01,09:20:52,Morning,Mumbai,Maharashtra,Minor,Rain,Moderate
530,2025-08-17,09:45:42,Morning,Mumbai,Maharashtra,Fatal,Fog,Low
531,2025-04-21,08:28:08,Morning,Mumbai,Maharashtra,Serious,Drizzle,Heavy
532,2025-08-22,00:56:02,Night,Delhi,Delhi,Fatal,Cloudy,Moderate
533,2025-10-31,18:46:57,Evening,Delhi,Delhi,Serious,Clear,Moderate
534,2025-08-10,17:02:49,Evening,Mumbai,Maharashtra,Fatal,Cloudy,Moderate
535,2025-05-09,10:54:34,Morning,Hyderabad,Telangana,Serious,Rain,Heavy
536,2026-01-27,18:10:52,Evening,Hyderabad,Telangana,Fatal,Fog,Moderate
537,2025-09-05,14:40:48,Afternoon,Delhi,Delhi,Fatal,Storm,Heavy
538,2025-04-20,08:03:10,Morning,Chennai,Tamil Nadu,Minor,Storm,Moderate
539,2025-10-01,18:40:27,Evening,Bangalore,Karnataka,Minor,Drizzle,Low
540,2026-02-26,11:23:01,Morning,Mumbai,Maharashtra,Minor,Fog,Low
541,2026-01-29,02:56:07,Night,Visakhapatnam,Andhra Pradesh,Serious,Cloudy,Low
542,2026-02-25,14:17:15,Afternoon,Delhi,Delhi,Fatal,Clear,Low
543,2026-01-10,01:11:49,Night,Chennai,Tamil Nadu,Minor,Cloudy,Low
544,2026-01-16,22:41:49,Night,Bangalore,Karnataka,Fatal,Storm,Heavy
545,2025-09-06,18:03:55,Evening,Hyderabad,Telangana,Fatal,Clear,Moderate
546,2025-11-16,05:38:35,Morning,Delhi,Delhi,Fatal,Fog,Moderate
547,2025-07-09,17:14:20,Evening,Visakhapatnam,Andhra Pradesh,Minor,Fog,Heavy
548,2026-03-07,15:10:27,Afternoon,Visakhapatnam,Andhra Pradesh,Minor,Cloudy,Heavy
549,2025-08-06,20:57:58,Evening,Mumbai,Maharashtra,Fatal,Cloudy,Low
550,2026-02-08,09:50:42,Morning,Hyderabad,Telangana,Fatal,Clear,Heavy
551,2025-06-15,00:31:14,Night,Mumbai,Maharashtra,Serious,Storm,Heavy
552,2026-04-05,07:31:46,Morning,Delhi,Delhi,Fatal,Storm,Moderate
553,2026-02-08,16:37:02,Afternoon,Bangalore,Karnataka,Serious,Rain,Moderate
554,2025-10-01,15:17:12,Afternoon,Mumbai,Maharashtra,Fatal,Clear,Low
555,2025-09-20,10:32:45,Morning,Mumbai,Maharashtra,Minor,Clear,Heavy
556,2026-04-05,08:56:27,Morning,Delhi,Delhi,Fatal,Drizzle,Moderate
557,2025-11-06,23:44:45,Night,Chennai,Tamil Nadu,Fatal,Cloudy,Low
558,2026-02-07,20:51:52,Evening,Hyderabad,Telangana,Serious,Drizzle,Heavy
559,2025-09-04,04:50:01,Night,Chennai,Tamil Nadu,Serious,Fog,Low
560,2025-12-21,07:14:43,Morning,Visakhapatnam,Andhra Pradesh,Minor,Fog,Moderate
561,2025-08-28,19:30:29,Evening,Delhi,Delhi,Serious,Rain,Low
562,2025-05-11,21:27:03,Night,Chennai,Tamil Nadu,Serious,Rain,Heavy
563,2025-09-23,06:50:49,Morning,Chennai,Tamil Nadu,Fatal,Storm,Moderate
564,2025-09-10,22:15:46,Night,Chennai,Tamil Nadu,Fatal,Storm,Moderate
565,2026-02-22,07:08:10,Morning,Visakhapatnam,Andhra Pradesh,Serious,Clear,Moderate
566,2026-03-26,21:02:49,Night,Visakhapatnam,Andhra Pradesh,Serious,Drizzle,Moderate
567,2025-09-25,08:36:23,Morning,Bangalore,Karnataka,Minor,Cloudy,Heavy
568,2025-09-14,10:46:10,Morning,Bangalore,Karnataka,Fatal,Cloudy,Moderate
569,2025-05-01,03:03:36,Night,Chennai,Tamil Nadu,Fatal,Fog,Low
570,2025-12-15,10:51:23,Morning,Delhi,Delhi,Minor,Fog,Heavy
571,2025-06-16,18:26:54,Evening,Delhi,Delhi,Serious,Rain,Heavy
572,2025-07-13,16:53:15,Afternoon,Chennai,Tamil Nadu,Serious,Drizzle,Heavy
573,2025-10-07,04:40:51,Night,Mumbai,Maharashtra,Minor,Fog,Low
574,2025-12-11,10:03:19,Morning,Bangalore,Karnataka,Minor,Cloudy,Heavy
575,2025-10-14,18:57:37,Evening,Chennai,Tamil Nadu,Minor,Clear,Moderate
576,2026-01-27,00:04:32,Night,Delhi,Delhi,Serious,Clear,Low
577,2025-04-07,23:11:10,Night,Hyderabad,Telangana,Fatal,Storm,Heavy
578,2025-04-12,00:27:14,Night,Hyderabad,Telangana,Minor,Clear,Heavy
579,2025-06-02,01:29:51,Night,Mumbai,Maharashtra,Minor,Fog,Heavy
580,2025-10-28,17:49:20,Evening,Mumbai,Maharashtra,Minor,Rain,Moderate
581,2025-09-22,06:52:09,Morning,Mumbai,Maharashtra,Serious,Drizzle,Moderate
582,2026-01-22,19:03:17,Evening,Visakhapatnam,Andhra Pradesh,Minor,Fog,Moderate
583,2025-05-27,15:59:27,Afternoon,Chennai,Tamil Nadu,Minor,Storm,Low
584,2025-10-23,19:07:15,Evening,Mumbai,Maharashtra,Minor,Storm,Moderate
585,2026-02-27,20:07:53,Evening,Bangalore,Karnataka,Minor,Cloudy,Low
586,2025-06-26,05:11:34,Morning,Chennai,Tamil Nadu,Minor,Clear,Heavy
587,2025-12-15,08:42:54,Morning,Bangalore,Karnataka,Minor,Fog,Heavy
588,2025-11-23,09:38:31,Morning,Visakhapatnam,Andhra Pradesh,Fatal,Drizzle,Moderate
589,2025-11-22,21:53:05,Night,Hyderabad,Telangana,Minor,Fog,Low
590,2026-03-18,12:50:24,Afternoon,Hyderabad,Telangana,Serious,Rain,Moderate
591,2025-11-03,07:44:52,Morning,Bangalore,Karnataka,Serious,Storm,Heavy
592,2025-04-12,18:12:29,Evening,Mumbai,Maharashtra,Minor,Clear,Low
593,2025-06-27,19:15:15,Evening,Delhi,Delhi,Minor,Fog,Low
594,2025-09-03,13:42:47,Afternoon,Visakhapatnam,Andhra Pradesh,Fatal,Fog,Heavy
595,2026-01-29,01:18:46,Night,Delhi,Delhi,Fatal,Storm,Moderate
596,2025-04-18,12:33:35,Afternoon,Chennai,Tamil Nadu,Minor,Drizzle,Low
597,2025-06-06,08:05:03,Morning,Hyderabad,Telangana,Fatal,Cloudy,Moderate
598,2025-07-10,00:43:48,Night,Hyderabad,Telangana,Minor,Clear,Heavy
599,2025-08-26,13:54:40,Afternoon,Visakhapatnam,Andhra Pradesh,Minor,Fog,Moderate
600,2025-06-27,23:51:41,Night,Visakhapatnam,Andhra Pradesh,Minor,Fog,Low
601,2026-03-29,03:42:12,Night,Chennai,Tamil Nadu,Serious,Drizzle,Heavy
602,2025-09-13,22:24:59,Night,Visakhapatnam,Andhra Pradesh,Fatal,Rain,Heavy
603,2025-06-02,03:51:34,Night,Chennai,Tamil Nadu,Serious,Rain,Moderate
604,2026-01-13,11:20:08,Morning,Delhi,Delhi,Serious,Clear,Moderate
605,2025-09-21,01:16:43,Night,Delhi,Delhi,Serious,Rain,Moderate
606,2025-11-11,14:33:24,Afternoon,Mumbai,Maharashtra,Minor,Rain,Low
607,2025-08-16,01:51:30,Night,Hyderabad,Telangana,Fatal,Fog,Moderate
608,2025-07-26,12:43:55,Afternoon,Delhi,Delhi,Minor,Storm,Low
609,2026-01-02,19:11:42,Evening,Mumbai,Maharashtra,Fatal,Cloudy,Moderate
610,2026-01-19,04:52:53,Night,Chennai,Tamil Nadu,Minor,Storm,Low
611,2025-11-17,22:38:59,Night,Mumbai,Maharashtra,Fatal,Storm,Low
612,2025-10-07,17:25:55,Evening,Chennai,Tamil Nadu,Serious,Fog,Moderate
613,2025-06-08,18:19:44,Evening,Bangalore,Karnataka,Minor,Drizzle,Heavy
614,2025-09-12,13:25:55,Afternoon,Mumbai,Maharashtra,Serious,Storm,Heavy
615,2025-09-24,21:33:44,Night,Bangalore,Karnataka,Serious,Fog,Moderate
616,2025-07-23,01:19:24,Night,Mumbai,Maharashtra,Fatal,Fog,Moderate
617,2025-08-17,02:14:53,Night,Chennai,Tamil Nadu,Serious,Storm,Moderate
618,2026-02-17,10:46:59,Morning,Delhi,Delhi,Minor,Cloudy,Low
619,2025-10-25,03:08:35,Night,Visakhapatnam,Andhra Pradesh,Fatal,Fog,Heavy
620,2025-06-09,15:33:48,Afternoon,Chennai,Tamil Nadu,Minor,Cloudy,Low
621,2026-01-31,07:31:03,Morning,Visakhapatnam,Andhra Pradesh,Serious,Storm,Moderate
622,2025-04-20,15:43:10,Afternoon,Hyderabad,Telangana,Fatal,Clear,Heavy
623,2026-03-27,16:05:58,Afternoon,Visakhapatnam,Andhra Pradesh,Minor,Clear,Low
624,2025-09-28,12:19:19,Afternoon,Hyderabad,Telangana,Serious,Drizzle,Low
625,2025-10-30,08:18:31,Morning,Visakhapatnam,Andhra Pradesh,Fatal,Storm,Low
626,2025-12-30,19:23:34,Evening,Chennai,Tamil Nadu,Minor,Drizzle,Low
627,2026-01-10,07:54:25,Morning,Visakhapatnam,Andhra Pradesh,Minor,Fog,Low
628,2025-12-11,03:22:25,Night,Bangalore,Karnataka,Serious,Storm,Heavy
629,2026-01-30,07:00:58,Morning,Mumbai,Maharashtra,Serious,Cloudy,Moderate
630,2025-12-31,17:37:30,Evening,Delhi,Delhi,Fatal,Storm,Moderate
631,2025-06-01,03:41:00,Night,Bangalore,Karnataka,Fatal,Storm,Heavy
632,2025-06-15,05:46:05,Morning,Mumbai,Maharashtra,Serious,Rain,Low
633,2025-11-18,10:50:58,Morning,Hyderabad,Telangana,Minor,Rain,Low
634,2026-03-23,21:40:17,Night,Mumbai,Maharashtra,Serious,Cloudy,Heavy
635,2025-12-31,18:29:32,Evening,Visakhapatnam,Andhra Pradesh,Serious,Cloudy,Moderate
636,2026-02-13,03:23:33,Night,Mumbai,Maharashtra,Minor,Fog,Low
637,2025-06-01,16:15:05,Afternoon,Visakhapatnam,Andhra Pradesh,Fatal,Storm,Low
638,2026-03-12,17:50:15,Evening,Chennai,Tamil Nadu,Minor,Storm,Heavy
639,2025-11-29,03:17:47,Night,Hyderabad,Telangana,Fatal,Storm,Low
640,2026-03-10,00:02:04,Night,Hyderabad,Telangana,Serious,Clear,Heavy
641,2025-04-17,08:49:34,Morning,Bangalore,Karnataka,Minor,Drizzle,Heavy
642,2025-06-20,02:44:27,Night,Hyderabad,Telangana,Minor,Clear,Moderate
643,2026-02-20,13:24:39,Afternoon,Bangalore,Karnataka,Minor,Fog,Low
644,2025-11-04,18:00:14,Evening,Visakhapatnam,Andhra Pradesh,Fatal,Cloudy,Low
645,2026-03-21,03:16:11,Night,Visakhapatnam,Andhra Pradesh,Fatal,Clear,Low
646,2026-04-05,16:00:57,Afternoon,Bangalore,Karnataka,Fatal,Rain,Heavy
647,2026-03-08,16:08:40,Afternoon,Chennai,Tamil Nadu,Minor,Storm,Moderate
648,2026-03-03,05:49:14,Morning,Delhi,Delhi,Fatal,Fog,Low
649,2025-08-16,09:58:27,Morning,Visakhapatnam,Andhra Pradesh,Fatal,Cloudy,Moderate
650,2025-12-19,06:43:39,Morning,Hyderabad,Telangana,Minor,Cloudy,Low
651,2025-12-12,04:41:02,Night,Bangalore,Karnataka,Minor,Fog,Heavy
652,2025-11-17,10:57:19,Morning,Chennai,Tamil Nadu,Minor,Drizzle,Moderate
653,2025-09-01,07:48:45,Morning,Hyderabad,Telangana,Serious,Drizzle,Moderate
654,2025-07-13,09:56:09,Morning,Visakhapatnam,Andhra Pradesh,Minor,Drizzle,Low
655,2026-01-07,01:43:51,Night,Visakhapatnam,Andhra Pradesh,Serious,Clear,Low
656,2025-07-28,01:00:24,Night,Mumbai,Maharashtra,Minor,Cloudy,Moderate
657,2026-03-13,12:09:34,Afternoon,Delhi,Delhi,Serious,Rain,Low
658,2025-05-16,02:08:19,Night,Mumbai,Maharashtra,Serious,Cloudy,Heavy
659,2025-09-12,23:13:01,Night,Chennai,Tamil Nadu,Minor,Rain,Low
660,2026-03-04,11:48:55,Morning,Delhi,Delhi,Serious,Drizzle,Low
661,2025-11-21,13:32:40,Afternoon,Delhi,Delhi,Minor,Storm,Heavy
662,2025-09-19,11:01:01,Morning,Chennai,Tamil Nadu,Minor,Clear,Low
663,2025-10-13,00:08:37,Night,Visakhapatnam,Andhra Pradesh,Minor,Storm,Heavy
664,2025-04-22,04:32:21,Night,Visakhapatnam,Andhra Pradesh,Fatal,Clear,Heavy
665,2026-01-19,00:42:00,Night,Hyderabad,Telangana,Serious,Cloudy,Low
666,2026-02-08,03:55:37,Night,Chennai,Tamil Nadu,Minor,Rain,Low
667,2025-11-20,15:04:06,Afternoon,Hyderabad,Telangana,Fatal,Storm,Heavy
668,2025-06-12,02:09:02,Night,Bangalore,Karnataka,Serious,Cloudy,Low
669,2025-05-31,07:40:43,Morning,Chennai,Tamil Nadu,Serious,Fog,Moderate
670,2025-11-26,00:29:51,Night,Visakhapatnam,Andhra Pradesh,Serious,Storm,Heavy
671,2025-09-10,03:58:47,Night,Mumbai,Maharashtra,Fatal,Rain,Low
672,2025-11-04,17:26:56,Evening,Visakhapatnam,Andhra Pradesh,Fatal,Drizzle,Low
673,2025-07-15,06:58:32,Morning,Bangalore,Karnataka,Fatal,Fog,Heavy
674,2025-05-11,07:12:50,Morning,Chennai,Tamil Nadu,Fatal,Fog,Moderate
675,2025-08-31,16:08:29,Afternoon,Delhi,Delhi,Fatal,Drizzle,Heavy
676,2025-11-16,11:45:20,Morning,Hyderabad,Telangana,Minor,Clear,Moderate
677,2025-07-24,01:29:05,Night,Delhi,Delhi,Minor,Clear,Heavy
678,2025-06-23,12:49:04,Afternoon,Delhi,Delhi,Serious,Clear,Moderate
679,2025-06-26,14:15:40,Afternoon,Hyderabad,Telangana,Minor,Clear,Low
680,2025-11-16,14:27:07,Afternoon,Hyderabad,Telangana,Minor,Storm,Moderate
681,2025-09-19,04:02:42,Night,Visakhapatnam,Andhra Pradesh,Serious,Clear,Moderate
682,2026-02-27,15:22:02,Afternoon,Delhi,Delhi,Minor,Storm,Heavy
683,2025-09-05,11:10:36,Morning,Bangalore,Karnataka,Fatal,Storm,Moderate
684,2025-07-08,18:06:14,Evening,Delhi,Delhi,Fatal,Storm,Moderate
685,2026-03-17,03:53:19,Night,Delhi,Delhi,Minor,Clear,Heavy
686,2025-07-07,04:05:20,Night,Visakhapatnam,Andhra Pradesh,Minor,Fog,Heavy
687,2026-02-15,21:58:50,Night,Bangalore,Karnataka,Fatal,Clear,Heavy
688,2025-10-09,04:06:31,Night,Bangalore,Karnataka,Fatal,Storm,Heavy
689,2026-01-29,07:04:21,Morning,Delhi,Delhi,Serious,Cloudy,Low
690,2025-12-12,22:57:11,Night,Visakhapatnam,Andhra Pradesh,Fatal,Fog,Low
691,2025-07-22,15:02:15,Afternoon,Delhi,Delhi,Fatal,Clear,Heavy
692,2026-02-27,16:14:43,Afternoon,Delhi,Delhi,Minor,Cloudy,Moderate
693,2026-03-04,11:15:17,Morning,Delhi,Delhi,Minor,Fog,Moderate
694,2026-04-07,05:49:28,Morning,Mumbai,Maharashtra,Minor,Cloudy,Low
695,2025-11-11,18:00:43,Evening,Chennai,Tamil Nadu,Serious,Drizzle,Heavy
696,2026-02-12,08:16:13,Morning,Delhi,Delhi,Fatal,Fog,Heavy
697,2025-05-30,07:43:21,Morning,Chennai,Tamil Nadu,Serious,Fog,Low
698,2025-09-17,07:06:10,Morning,Bangalore,Karnataka,Serious,Drizzle,Heavy
699,2025-05-09,12:40:17,Afternoon,Visakhapatnam,Andhra Pradesh,Serious,Clear,Heavy
700,2025-11-27,20:08:17,Evening,Mumbai,Maharashtra,Serious,Drizzle,Low
701,2026-04-04,03:11:39,Night,Visakhapatnam,Andhra Pradesh,Fatal,Storm,Heavy
702,2025-11-29,01:55:11,Night,Bangalore,Karnataka,Fatal,Clear,Heavy
703,2025-12-06,03:35:13,Night,Bangalore,Karnataka,Serious,Cloudy,Moderate
704,2025-10-13,12:26:18,Afternoon,Chennai,Tamil Nadu,Serious,Drizzle,Moderate
705,2025-06-24,03:12:04,Night,Delhi,Delhi,Minor,Cloudy,Low
706,2025-07-02,13:17:23,Afternoon,Visakhapatnam,Andhra Pradesh,Minor,Storm,Low
707,2026-02-10,14:16:04,Afternoon,Hyderabad,Telangana,Minor,Storm,Heavy
708,2025-04-27,16:25:14,Afternoon,Delhi,Delhi,Fatal,Clear,Heavy
709,2026-02-14,19:14:54,Evening,Mumbai,Maharashtra,Fatal,Fog,Heavy
710,2025-05-31,19:04:34,Evening,Mumbai,Maharashtra,Minor,Fog,Moderate
711,2025-12-14,01:37:52,Night,Hyderabad,Telangana,Serious,Rain,Moderate
712,2025-08-31,08:30:45,Morning,Chennai,Tamil Nadu,Fatal,Fog,Low
713,2025-12-26,19:13:29,Evening,Mumbai,Maharashtra,Serious,Storm,Moderate
714,2025-11-12,15:12:38,Afternoon,Delhi,Delhi,Fatal,Rain,Heavy
715,2025-06-12,18:14:40,Evening,Delhi,Delhi,Serious,Rain,Low
716,2025-09-05,21:14:16,Night,Delhi,Delhi,Serious,Fog,Heavy
717,2025-06-24,03:41:45,Night,Hyderabad,Telangana,Fatal,Cloudy,Heavy
718,2025-07-16,09:31:08,Morning,Hyderabad,Telangana,Fatal,Fog,Moderate
719,2025-06-23,18:20:01,Evening,Visakhapatnam,Andhra Pradesh,Minor,Fog,Low
720,2025-05-31,21:49:37,Night,Hyderabad,Telangana,Fatal,Clear,Moderate
721,2026-03-02,14:33:43,Afternoon,Delhi,Delhi,Fatal,Storm,Low
722,2026-02-19,02:16:42,Night,Bangalore,Karnataka,Minor,Storm,Heavy
723,2026-01-10,14:08:08,Afternoon,Hyderabad,Telangana,Minor,Cloudy,Low
724,2025-10-31,11:21:36,Morning,Hyderabad,Telangana,Fatal,Fog,Heavy
725,2025-09-11,06:14:20,Morning,Bangalore,Karnataka,Minor,Storm,Heavy
726,2025-11-28,00:05:12,Night,Hyderabad,Telangana,Serious,Drizzle,Moderate
727,2026-02-21,21:50:43,Night,Bangalore,Karnataka,Serious,Cloudy,Heavy
728,2026-01-24,20:04:53,Evening,Chennai,Tamil Nadu,Minor,Storm,Heavy
729,2026-03-27,19:55:58,Evening,Visakhapatnam,Andhra Pradesh,Fatal,Fog,Low
730,2026-02-07,04:14:17,Night,Mumbai,Maharashtra,Fatal,Fog,Heavy
731,2025-12-06,16:48:14,Afternoon,Mumbai,Maharashtra,Fatal,Storm,Heavy
732,2026-02-07,15:03:55,Afternoon,Chennai,Tamil Nadu,Fatal,Cloudy,Heavy
733,2025-11-01,02:28:44,Night,Chennai,Tamil Nadu,Fatal,Drizzle,Heavy
734,2025-09-07,11:38:15,Morning,Mumbai,Maharashtra,Minor,Fog,Heavy
735,2025-07-18,19:23:52,Evening,Visakhapatnam,Andhra Pradesh,Serious,Clear,Low
736,2026-01-06,20:45:54,Evening,Chennai,Tamil Nadu,Serious,Fog,Moderate
737,2025-12-24,16:25:30,Afternoon,Chennai,Tamil Nadu,Serious,Clear,Heavy
738,2025-06-09,06:20:11,Morning,Hyderabad,Telangana,Fatal,Clear,Moderate
739,2025-05-17,05:48:11,Morning,Visakhapatnam,Andhra Pradesh,Fatal,Drizzle,Moderate
740,2025-11-27,16:14:58,Afternoon,Visakhapatnam,Andhra Pradesh,Fatal,Fog,Moderate
741,2025-12-21,06:47:29,Morning,Mumbai,Maharashtra,Fatal,Cloudy,Heavy
742,2025-05-12,13:32:30,Afternoon,Mumbai,Maharashtra,Minor,Storm,Heavy
743,2025-09-20,23:54:09,Night,Chennai,Tamil Nadu,Minor,Fog,Low
744,2026-03-12,00:11:58,Night,Bangalore,Karnataka,Minor,Clear,Heavy
745,2025-11-23,22:17:08,Night,Chennai,Tamil Nadu,Fatal,Storm,Moderate
746,2025-05-18,11:05:28,Morning,Hyderabad,Telangana,Fatal,Storm,Moderate
747,2025-06-24,11:29:32,Morning,Chennai,Tamil Nadu,Fatal,Fog,Heavy
748,2025-07-17,10:00:01,Morning,Bangalore,Karnataka,Minor,Storm,Low
749,2026-01-09,21:38:58,Night,Bangalore,Karnataka,Serious,Rain,Heavy
750,2025-04-13,21:09:26,Night,Visakhapatnam,Andhra Pradesh,Minor,Fog,Moderate
751,2025-12-10,06:53:22,Morning,Chennai,Tamil Nadu,Fatal,Clear,Low
752,2025-05-05,03:25:45,Night,Bangalore,Karnataka,Minor,Cloudy,Moderate
753,2025-09-24,16:20:13,Afternoon,Hyderabad,Telangana,Minor,Cloudy,Moderate
754,2026-01-01,16:15:11,Afternoon,Visakhapatnam,Andhra Pradesh,Minor,Storm,Heavy
755,2025-11-05,01:21:07,Night,Visakhapatnam,Andhra Pradesh,Serious,Cloudy,Heavy
756,2025-08-08,08:32:25,Morning,Hyderabad,Telangana,Serious,Clear,Moderate
757,2026-01-24,09:55:09,Morning,Bangalore,Karnataka,Fatal,Drizzle,Moderate
758,2026-02-03,18:47:59,Evening,Mumbai,Maharashtra,Serious,Fog,Low
759,2025-07-06,14:36:51,Afternoon,Bangalore,Karnataka,Fatal,Clear,Low
760,2026-03-21,04:50:32,Night,Bangalore,Karnataka,Fatal,Cloudy,Moderate
761,2025-06-12,21:55:47,Night,Bangalore,Karnataka,Fatal,Rain,Moderate
762,2025-09-21,15:07:39,Afternoon,Delhi,Delhi,Minor,Cloudy,Heavy
763,2025-04-17,05:14:10,Morning,Visakhapatnam,Andhra Pradesh,Minor,Rain,Heavy
764,2026-03-22,11:41:05,Morning,Mumbai,Maharashtra,Serious,Rain,Moderate
765,2025-12-10,16:26:15,Afternoon,Chennai,Tamil Nadu,Serious,Drizzle,Low
766,2025-05-04,06:49:55,Morning,Visakhapatnam,Andhra Pradesh,Minor,Clear,Heavy
767,2025-08-20,18:10:28,Evening,Hyderabad,Telangana,Fatal,Drizzle,Heavy
768,2025-10-31,22:43:53,Night,Hyderabad,Telangana,Minor,Cloudy,Moderate
769,2025-11-05,15:27:09,Afternoon,Hyderabad,Telangana,Minor,Fog,Heavy
770,2025-12-19,05:47:43,Morning,Bangalore,Karnataka,Minor,Drizzle,Low
771,2025-09-04,10:23:37,Morning,Visakhapatnam,Andhra Pradesh,Minor,Cloudy,Heavy
772,2025-08-03,22:23:11,Night,Chennai,Tamil Nadu,Serious,Rain,Moderate
773,2026-01-18,01:13:17,Night,Delhi,Delhi,Minor,Drizzle,Heavy
774,2025-09-29,08:16:03,Morning,Mumbai,Maharashtra,Fatal,Cloudy,Heavy
775,2026-04-06,16:33:13,Afternoon,Mumbai,Maharashtra,Minor,Clear,Heavy
776,2025-08-21,13:01:42,Afternoon,Bangalore,Karnataka,Fatal,Drizzle,Heavy
777,2025-04-11,06:20:05,Morning,Hyderabad,Telangana,Serious,Drizzle,Low
778,2025-06-28,10:09:33,Morning,Chennai,Tamil Nadu,Fatal,Cloudy,Low
779,2026-01-24,04:32:20,Night,Delhi,Delhi,Fatal,Rain,Moderate
780,2025-10-03,07:04:15,Morning,Hyderabad,Telangana,Fatal,Storm,Low
781,2025-10-23,06:36:15,Morning,Hyderabad,Telangana,Serious,Fog,Moderate
782,2025-08-09,01:09:56,Night,Visakhapatnam,Andhra Pradesh,Fatal,Cloudy,Low
783,2025-06-18,16:58:33,Afternoon,Delhi,Delhi,Fatal,Fog,Low
784,2025-04-08,06:44:57,Morning,Bangalore,Karnataka,Serious,Fog,Heavy
785,2025-09-11,09:01:59,Morning,Delhi,Delhi,Minor,Cloudy,Heavy
786,2026-02-11,16:56:27,Afternoon,Mumbai,Maharashtra,Minor,Drizzle,Heavy
787,2026-03-20,01:18:02,Night,Bangalore,Karnataka,Minor,Drizzle,Heavy
788,2026-03-19,19:10:24,Evening,Hyderabad,Telangana,Serious,Storm,Low
789,2025-07-11,11:51:37,Morning,Mumbai,Maharashtra,Serious,Clear,Low
790,2026-03-05,23:06:37,Night,Delhi,Delhi,Serious,Fog,Low
791,2025-09-08,15:32:37,Afternoon,Delhi,Delhi,Fatal,Rain,Moderate
792,2026-02-16,16:12:18,Afternoon,Visakhapatnam,Andhra Pradesh,Minor,Drizzle,Moderate
793,2025-09-14,12:08:28,Afternoon,Delhi,Delhi,Minor,Fog,Heavy
794,2026-01-24,04:00:46,Night,Bangalore,Karnataka,Fatal,Fog,Low
795,2025-12-15,21:18:37,Night,Delhi,Delhi,Minor,Cloudy,Heavy
796,2025-05-07,12:58:14,Afternoon,Chennai,Tamil Nadu,Minor,Clear,Low
797,2025-12-14,03:44:14,Night,Hyderabad,Telangana,Minor,Storm,Heavy
798,2025-08-16,09:28:49,Morning,Delhi,Delhi,Fatal,Drizzle,Moderate
799,2026-01-22,19:40:14,Evening,Mumbai,Maharashtra,Serious,Storm,Low
800,2025-04-28,20:20:18,Evening,Bangalore,Karnataka,Serious,Rain,Moderate
801,2025-09-01,07:51:12,Morning,Bangalore,Karnataka,Serious,Rain,Heavy
802,2025-07-13,10:58:29,Morning,Mumbai,Maharashtra,Fatal,Cloudy,Low
803,2026-02-13,15:11:10,Afternoon,Visakhapatnam,Andhra Pradesh,Fatal,Storm,Heavy
804,2026-03-03,04:57:38,Night,Mumbai,Maharashtra,Fatal,Clear,Low
805,2025-09-18,07:42:05,Morning,Visakhapatnam,Andhra Pradesh,Serious,Clear,Heavy
806,2026-01-23,02:38:02,Night,Bangalore,Karnataka,Serious,Storm,Heavy
807,2025-12-26,09:14:16,Morning,Visakhapatnam,Andhra Pradesh,Serious,Storm,Moderate
808,2026-01-29,16:12:43,Afternoon,Visakhapatnam,Andhra Pradesh,Fatal,Rain,Moderate
809,2025-12-07,01:47:53,Night,Mumbai,Maharashtra,Fatal,Rain,Moderate
810,2025-05-30,18:36:04,Evening,Hyderabad,Telangana,Serious,Drizzle,Low
811,2025-05-18,18:22:55,Evening,Chennai,Tamil Nadu,Minor,Rain,Moderate
812,2025-04-12,20:59:41,Evening,Chennai,Tamil Nadu,Minor,Storm,Moderate
813,2025-05-15,01:05:03,Night,Mumbai,Maharashtra,Minor,Rain,Moderate
814,2025-10-28,15:17:36,Afternoon,Hyderabad,Telangana,Minor,Drizzle,Heavy
815,2025-09-09,23:44:01,Night,Mumbai,Maharashtra,Minor,Fog,Low
816,2025-07-11,22:00:00,Night,Bangalore,Karnataka,Serious,Fog,Low
817,2025-04-16,15:42:04,Afternoon,Delhi,Delhi,Minor,Clear,Low
818,2026-02-06,03:55:12,Night,Visakhapatnam,Andhra Pradesh,Minor,Drizzle,Low
819,2026-01-19,07:05:26,Morning,Mumbai,Maharashtra,Minor,Drizzle,Heavy
820,2025-06-27,18:09:51,Evening,Delhi,Delhi,Fatal,Rain,Low
821,2025-10-07,23:37:36,Night,Bangalore,Karnataka,Minor,Clear,Heavy
822,2025-07-02,17:01:49,Evening,Delhi,Delhi,Serious,Fog,Low
823,2025-06-28,07:39:14,Morning,Delhi,Delhi,Fatal,Drizzle,Low
824,2026-01-28,20:21:51,Evening,Mumbai,Maharashtra,Serious,Drizzle,Moderate
825,2026-03-22,07:30:08,Morning,Hyderabad,Telangana,Fatal,Cloudy,Heavy
826,2025-08-05,19:59:02,Evening,Chennai,Tamil Nadu,Serious,Fog,Heavy
827,2025-12-21,05:01:48,Morning,Visakhapatnam,Andhra Pradesh,Serious,Clear,Low
828,2025-04-08,11:40:32,Morning,Mumbai,Maharashtra,Minor,Clear,Low
829,2025-09-09,20:36:59,Evening,Visakhapatnam,Andhra Pradesh,Fatal,Storm,Heavy
830,2025-05-31,22:08:16,Night,Mumbai,Maharashtra,Serious,Rain,Heavy
831,2026-01-01,13:07:54,Afternoon,Hyderabad,Telangana,Fatal,Clear,Moderate
832,2025-12-15,02:48:10,Night,Mumbai,Maharashtra,Serious,Cloudy,Heavy
833,2025-10-25,18:47:26,Evening,Visakhapatnam,Andhra Pradesh,Serious,Cloudy,Heavy
834,2025-11-29,01:27:17,Night,Hyderabad,Telangana,Fatal,Storm,Heavy
835,2025-06-01,10:29:20,Morning,Visakhapatnam,Andhra Pradesh,Fatal,Cloudy,Low
836,2025-07-24,16:51:44,Afternoon,Visakhapatnam,Andhra Pradesh,Minor,Clear,Low
837,2025-10-28,06:52:13,Morning,Hyderabad,Telangana,Fatal,Clear,Moderate
838,2025-09-16,01:05:38,Night,Mumbai,Maharashtra,Serious,Cloudy,Moderate
839,2025-04-21,04:26:43,Night,Visakhapatnam,Andhra Pradesh,Fatal,Fog,Moderate
840,2025-09-28,07:42:56,Morning,Mumbai,Maharashtra,Serious,Rain,Heavy
841,2025-08-25,19:31:27,Evening,Visakhapatnam,Andhra Pradesh,Minor,Clear,Heavy
842,2025-11-08,13:01:05,Afternoon,Hyderabad,Telangana,Serious,Clear,Low
843,2026-01-03,15:45:10,Afternoon,Delhi,Delhi,Fatal,Cloudy,Low
844,2025-07-15,22:04:23,Night,Hyderabad,Telangana,Fatal,Clear,Moderate
845,2025-05-30,18:54:22,Evening,Bangalore,Karnataka,Fatal,Storm,Heavy
846,2025-07-07,23:40:09,Night,Visakhapatnam,Andhra Pradesh,Fatal,Clear,Moderate
847,2025-07-16,21:39:07,Night,Chennai,Tamil Nadu,Serious,Cloudy,Low
848,2025-05-23,23:32:09,Night,Bangalore,Karnataka,Minor,Fog,Low
849,2025-12-24,04:14:37,Night,Mumbai,Maharashtra,Serious,Fog,Moderate
850,2025-12-21,19:33:49,Evening,Mumbai,Maharashtra,Serious,Fog,Low
851,2026-02-08,02:57:10,Night,Mumbai,Maharashtra,Minor,Drizzle,Heavy
852,2025-06-02,18:35:11,Evening,Bangalore,Karnataka,Minor,Drizzle,Low
853,2025-09-03,22:53:14,Night,Visakhapatnam,Andhra Pradesh,Minor,Storm,Moderate
854,2025-05-03,14:39:22,Afternoon,Visakhapatnam,Andhra Pradesh,Fatal,Fog,Heavy
855,2025-10-30,02:56:40,Night,Hyderabad,Telangana,Fatal,Cloudy,Moderate
856,2025-12-23,21:11:42,Night,Hyderabad,Telangana,Fatal,Storm,Heavy
857,2026-03-22,06:49:45,Morning,Hyderabad,Telangana,Serious,Storm,Low
858,2025-08-15,02:48:21,Night,Hyderabad,Telangana,Serious,Clear,Moderate
859,2026-02-22,10:18:03,Morning,Delhi,Delhi,Serious,Storm,Moderate
860,2025-11-01,15:42:34,Afternoon,Delhi,Delhi,Minor,Storm,Low
861,2025-05-15,13:51:04,Afternoon,Hyderabad,Telangana,Serious,Clear,Low
862,2025-12-23,07:13:40,Morning,Hyderabad,Telangana,Fatal,Clear,Low
863,2026-03-05,15:56:19,Afternoon,Hyderabad,Telangana,Serious,Cloudy,Low
864,2025-11-29,22:53:53,Night,Chennai,Tamil Nadu,Fatal,Rain,Heavy
865,2026-03-09,17:52:32,Evening,Visakhapatnam,Andhra Pradesh,Fatal,Storm,Moderate
866,2025-12-05,13:58:55,Afternoon,Hyderabad,Telangana,Minor,Cloudy,Heavy
867,2026-02-16,00:31:09,Night,Visakhapatnam,Andhra Pradesh,Minor,Storm,Moderate
868,2025-04-12,05:33:18,Morning,Delhi,Delhi,Serious,Drizzle,Heavy
869,2025-06-11,23:59:01,Night,Hyderabad,Telangana,Serious,Rain,Moderate
870,2025-08-19,20:32:24,Evening,Hyderabad,Telangana,Serious,Drizzle,Low
871,2026-02-16,04:18:07,Night,Mumbai,Maharashtra,Serious,Storm,Low
872,2025-09-21,04:51:27,Night,Delhi,Delhi,Minor,Rain,Moderate
873,2025-09-19,09:10:29,Morning,Bangalore,Karnataka,Fatal,Cloudy,Heavy
874,2026-01-23,11:04:42,Morning,Chennai,Tamil Nadu,Serious,Cloudy,Heavy
875,2025-04-14,00:37:56,Night,Chennai,Tamil Nadu,Minor,Cloudy,Low
876,2025-10-19,05:37:02,Morning,Hyderabad,Telangana,Fatal,Fog,Low
877,2025-05-06,16:44:31,Afternoon,Chennai,Tamil Nadu,Fatal,Drizzle,Low
878,2026-01-06,11:24:40,Morning,Hyderabad,Telangana,Minor,Drizzle,Low
879,2026-02-28,13:36:24,Afternoon,Visakhapatnam,Andhra Pradesh,Serious,Storm,Low
880,2025-11-04,15:08:02,Afternoon,Delhi,Delhi,Serious,Drizzle,Moderate
881,2025-10-28,02:28:28,Night,Hyderabad,Telangana,Fatal,Cloudy,Moderate
882,2025-12-12,03:18:18,Night,Delhi,Delhi,Fatal,Storm,Heavy
883,2025-05-08,15:56:34,Afternoon,Delhi,Delhi,Fatal,Storm,Moderate
884,2025-08-26,07:21:38,Morning,Delhi,Delhi,Fatal,Storm,Low
885,2025-10-31,04:04:06,Night,Chennai,Tamil Nadu,Serious,Rain,Moderate
886,2025-04-08,11:12:02,Morning,Bangalore,Karnataka,Serious,Rain,Heavy
887,2025-04-07,01:21:10,Night,Mumbai,Maharashtra,Minor,Drizzle,Heavy
888,2025-05-24,15:27:51,Afternoon,Chennai,Tamil Nadu,Serious,Cloudy,Moderate
889,2025-05-20,09:34:03,Morning,Bangalore,Karnataka,Serious,Storm,Low
890,2025-07-30,17:50:25,Evening,Delhi,Delhi,Serious,Cloudy,Heavy
891,2025-08-24,07:59:24,Morning,Hyderabad,Telangana,Minor,Clear,Low
892,2025-05-05,02:42:32,Night,Chennai,Tamil Nadu,Minor,Clear,Heavy
893,2025-12-19,18:30:47,Evening,Bangalore,Karnataka,Fatal,Storm,Moderate
894,2026-02-25,05:46:40,Morning,Hyderabad,Telangana,Fatal,Storm,Low
895,2025-07-12,21:10:42,Night,Chennai,Tamil Nadu,Minor,Drizzle,Moderate
896,2025-09-04,01:04:06,Night,Mumbai,Maharashtra,Serious,Cloudy,Moderate
897,2025-10-19,00:47:26,Night,Delhi,Delhi,Minor,Fog,Heavy
898,2025-10-31,04:31:12,Night,Mumbai,Maharashtra,Serious,Drizzle,Moderate
899,2026-04-03,02:42:34,Night,Hyderabad,Telangana,Minor,Fog,Heavy
900,2025-12-05,23:26:49,Night,Bangalore,Karnataka,Fatal,Drizzle,Heavy
901,2025-09-04,09:39:55,Morning,Chennai,Tamil Nadu,Serious,Clear,Heavy
902,2025-12-14,04:06:40,Night,Hyderabad,Telangana,Minor,Drizzle,Moderate
903,2025-04-18,21:28:41,Night,Hyderabad,Telangana,Serious,Clear,Moderate
904,2025-06-10,22:57:08,Night,Delhi,Delhi,Fatal,Storm,Moderate
905,2025-08-28,09:21:32,Morning,Delhi,Delhi,Serious,Cloudy,Low
906,2026-02-07,06:22:34,Morning,Delhi,Delhi,Minor,Clear,Heavy
907,2026-02-25,03:12:29,Night,Chennai,Tamil Nadu,Fatal,Rain,Low
908,2025-05-26,09:52:52,Morning,Chennai,Tamil Nadu,Minor,Rain,Low
909,2025-07-18,22:19:17,Night,Mumbai,Maharashtra,Fatal,Storm,Heavy
910,2025-06-15,13:27:11,Afternoon,Visakhapatnam,Andhra Pradesh,Fatal,Rain,Moderate
911,2025-11-20,18:02:17,Evening,Bangalore,Karnataka,Fatal,Storm,Low
912,2025-09-19,08:25:12,Morning,Mumbai,Maharashtra,Serious,Clear,Low
913,2025-07-12,22:53:10,Night,Chennai,Tamil Nadu,Serious,Rain,Low
914,2025-10-22,07:54:38,Morning,Mumbai,Maharashtra,Fatal,Storm,Low
915,2025-06-18,14:27:11,Afternoon,Bangalore,Karnataka,Fatal,Drizzle,Heavy
916,2025-09-04,16:32:35,Afternoon,Bangalore,Karnataka,Serious,Storm,Low
917,2026-03-25,10:38:17,Morning,Bangalore,Karnataka,Serious,Fog,Heavy
918,2025-07-04,00:59:08,Night,Bangalore,Karnataka,Serious,Cloudy,Moderate
919,2026-01-06,06:03:26,Morning,Delhi,Delhi,Serious,Cloudy,Low
920,2025-11-04,14:43:56,Afternoon,Hyderabad,Telangana,Serious,Clear,Low
921,2025-06-03,01:01:56,Night,Visakhapatnam,Andhra Pradesh,Fatal,Cloudy,Heavy
922,2025-10-22,09:21:18,Morning,Delhi,Delhi,Fatal,Fog,Heavy
923,2025-07-11,10:39:00,Morning,Delhi,Delhi,Fatal,Fog,Moderate
924,2025-04-22,06:28:13,Morning,Bangalore,Karnataka,Minor,Clear,Moderate
925,2025-10-07,15:12:58,Afternoon,Bangalore,Karnataka,Fatal,Fog,Moderate
926,2026-04-06,04:23:31,Night,Chennai,Tamil Nadu,Minor,Storm,Moderate
927,2026-03-29,02:48:09,Night,Chennai,Tamil Nadu,Fatal,Fog,Moderate
928,2025-05-26,13:37:17,Afternoon,Chennai,Tamil Nadu,Serious,Cloudy,Low
929,2026-03-18,17:37:23,Evening,Visakhapatnam,Andhra Pradesh,Serious,Clear,Moderate
930,2025-04-12,17:10:25,Evening,Visakhapatnam,Andhra Pradesh,Serious,Cloudy,Low
931,2025-09-09,23:22:39,Night,Bangalore,Karnataka,Fatal,Drizzle,Moderate
932,2025-12-16,22:13:22,Night,Hyderabad,Telangana,Fatal,Storm,Heavy
933,2025-07-13,21:20:31,Night,Chennai,Tamil Nadu,Minor,Clear,Heavy
934,2025-09-11,18:21:36,Evening,Hyderabad,Telangana,Fatal,Drizzle,Low
935,2025-07-24,08:17:51,Morning,Mumbai,Maharashtra,Serious,Clear,Heavy
936,2025-07-24,02:32:22,Night,Visakhapatnam,Andhra Pradesh,Minor,Drizzle,Heavy
937,2025-08-17,10:25:16,Morning,Chennai,Tamil Nadu,Minor,Fog,Moderate
938,2025-06-03,15:24:15,Afternoon,Delhi,Delhi,Minor,Drizzle,Heavy
939,2025-08-05,14:27:37,Afternoon,Delhi,Delhi,Serious,Fog,Moderate
940,2026-03-26,21:22:25,Night,Mumbai,Maharashtra,Minor,Clear,Moderate
941,2025-12-31,23:01:46,Night,Bangalore,Karnataka,Fatal,Rain,Low
942,2025-10-16,12:03:23,Afternoon,Visakhapatnam,Andhra Pradesh,Serious,Drizzle,Heavy
943,2025-09-01,14:44:36,Afternoon,Chennai,Tamil Nadu,Serious,Drizzle,Heavy
944,2025-05-23,07:16:04,Morning,Chennai,Tamil Nadu,Serious,Fog,Heavy
945,2025-04-14,17:40:37,Evening,Delhi,Delhi,Serious,Rain,Heavy
946,2026-04-06,07:16:24,Morning,Hyderabad,Telangana,Fatal,Drizzle,Heavy
947,2025-05-17,23:06:38,Night,Visakhapatnam,Andhra Pradesh,Serious,Cloudy,Low
948,2025-05-07,20:31:01,Evening,Mumbai,Maharashtra,Fatal,Rain,Low
949,2025-06-21,15:08:20,Afternoon,Hyderabad,Telangana,Minor,Rain,Low
950,2026-02-24,05:14:13,Morning,Hyderabad,Telangana,Fatal,Cloudy,Moderate
951,2025-07-09,12:27:10,Afternoon,Hyderabad,Telangana,Serious,Fog,Moderate
952,2025-08-12,17:01:23,Evening,Bangalore,Karnataka,Fatal,Drizzle,Low
953,2025-11-26,12:55:07,Afternoon,Mumbai,Maharashtra,Fatal,Drizzle,Heavy
954,2025-12-09,01:01:45,Night,Chennai,Tamil Nadu,Fatal,Fog,Moderate
955,2025-06-19,09:44:55,Morning,Hyderabad,Telangana,Fatal,Fog,Low
956,2025-05-31,11:27:55,Morning,Delhi,Delhi,Serious,Storm,Moderate
957,2025-07-24,02:48:00,Night,Bangalore,Karnataka,Serious,Storm,Low
958,2025-07-22,21:34:09,Night,Mumbai,Maharashtra,Fatal,Clear,Heavy
959,2025-11-09,18:15:17,Evening,Bangalore,Karnataka,Fatal,Storm,Moderate
960,2025-09-06,01:55:13,Night,Visakhapatnam,Andhra Pradesh,Fatal,Clear,Low
961,2025-04-12,01:14:56,Night,Delhi,Delhi,Serious,Fog,Heavy
962,2025-06-18,02:29:24,Night,Hyderabad,Telangana,Minor,Clear,Moderate
963,2025-05-03,04:59:29,Night,Delhi,Delhi,Fatal,Drizzle,Heavy
964,2025-05-14,12:02:00,Afternoon,Hyderabad,Telangana,Minor,Rain,Moderate
965,2025-12-21,00:30:38,Night,Bangalore,Karnataka,Fatal,Fog,Heavy
966,2025-05-20,22:07:14,Night,Visakhapatnam,Andhra Pradesh,Fatal,Fog,Low
967,2025-09-23,19:16:31,Evening,Chennai,Tamil Nadu,Fatal,Clear,Low
968,2025-05-09,18:21:17,Evening,Visakhapatnam,Andhra Pradesh,Minor,Rain,Low
969,2025-11-27,00:04:52,Night,Visakhapatnam,Andhra Pradesh,Serious,Fog,Low
970,2025-06-20,23:24:44,Night,Delhi,Delhi,Serious,Cloudy,Heavy
971,2025-10-24,13:49:07,Afternoon,Visakhapatnam,Andhra Pradesh,Serious,Rain,Heavy
972,2025-10-06,19:03:55,Evening,Bangalore,Karnataka,Minor,Clear,Moderate
973,2025-06-07,20:44:46,Evening,Chennai,Tamil Nadu,Fatal,Cloudy,Moderate
974,2025-09-03,12:13:04,Afternoon,Visakhapatnam,Andhra Pradesh,Fatal,Drizzle,Heavy
975,2025-07-25,20:30:19,Evening,Bangalore,Karnataka,Serious,Clear,Moderate
976,2025-12-24,06:53:41,Morning,Delhi,Delhi,Serious,Clear,Moderate
977,2025-04-12,00:28:47,Night,Hyderabad,Telangana,Minor,Drizzle,Moderate
978,2025-05-09,00:20:21,Night,Visakhapatnam,Andhra Pradesh,Fatal,Drizzle,Heavy
979,2026-02-07,01:53:56,Night,Mumbai,Maharashtra,Serious,Drizzle,Moderate
980,2025-04-21,18:57:36,Evening,Hyderabad,Telangana,Serious,Rain,Low
981,2025-07-08,01:41:20,Night,Visakhapatnam,Andhra Pradesh,Fatal,Rain,Low
982,2025-12-16,06:03:38,Morning,Bangalore,Karnataka,Serious,Rain,Heavy
983,2025-07-21,02:41:24,Night,Bangalore,Karnataka,Minor,Cloudy,Low
984,2025-05-24,22:52:23,Night,Bangalore,Karnataka,Minor,Storm,Heavy
985,2025-06-27,09:49:09,Morning,Visakhapatnam,Andhra Pradesh,Fatal,Storm,Moderate
986,2025-07-10,03:49:28,Night,Visakhapatnam,Andhra Pradesh,Minor,Rain,Low
987,2025-10-05,03:16:12,Night,Hyderabad,Telangana,Serious,Drizzle,Low
988,2026-01-04,08:47:17,Morning,Mumbai,Maharashtra,Fatal,Drizzle,Low
989,2025-10-15,01:42:51,Night,Chennai,Tamil Nadu,Fatal,Cloudy,Heavy
990,2025-12-12,13:49:44,Afternoon,Visakhapatnam,Andhra Pradesh,Minor,Rain,Moderate
991,2025-10-26,12:30:19,Afternoon,Chennai,Tamil Nadu,Serious,Rain,Low
992,2026-02-17,19:01:39,Evening,Delhi,Delhi,Fatal,Storm,Heavy
993,2025-09-12,17:24:51,Evening,Delhi,Delhi,Fatal,Fog,Moderate
994,2026-02-23,00:03:06,Night,Bangalore,Karnataka,Minor,Drizzle,Low
995,2025-10-31,00:36:27,Night,Delhi,Delhi,Minor,Storm,Heavy
996,2026-02-04,00:18:06,Night,Visakhapatnam,Andhra Pradesh,Serious,Rain,Heavy
997,2025-09-11,19:27:57,Evening,Bangalore,Karnataka,Serious,Cloudy,Heavy
998,2026-03-07,11:15:58,Morning,Mumbai,Maharashtra,Fatal,Cloudy,Moderate
999,2026-01-29,21:08:11,Night,Hyderabad,Telangana,Serious,Clear,Heavy
1000,2026-01-17,17:46:57,Evening,Hyderabad,Telangana,Fatal,Clear,Moderate
1001,2026-02-22,19:07:22,Evening,Hyderabad,Telangana,Serious,Cloudy,Heavy
1002,2025-12-06,07:01:26,Morning,Visakhapatnam,Andhra Pradesh,Fatal,Rain,Moderate
1003,2025-04-25,17:11:04,Evening,Hyderabad,Telangana,Serious,Clear,Low
1004,2025-08-26,11:11:37,Morning,Delhi,Delhi,Fatal,Fog,Low
1005,2025-10-06,23:42:04,Night,Bangalore,Karnataka,Fatal,Clear,Low
1006,2025-05-20,23:07:03,Night,Hyderabad,Telangana,Minor,Clear,Low
1007,2025-04-14,07:36:16,Morning,Delhi,Delhi,Serious,Storm,Moderate
1008,2026-03-18,02:44:09,Night,Chennai,Tamil Nadu,Fatal,Rain,Heavy
1009,2025-09-19,10:47:19,Morning,Chennai,Tamil Nadu,Minor,Cloudy,Heavy
1010,2025-07-16,17:40:27,Evening,Bangalore,Karnataka,Minor,Rain,Moderate
1011,2025-10-22,19:01:18,Evening,Hyderabad,Telangana,Fatal,Fog,Heavy
1012,2026-01-14,15:58:54,Afternoon,Delhi,Delhi,Serious,Rain,Moderate
1013,2025-10-29,08:38:08,Morning,Bangalore,Karnataka,Fatal,Clear,Low
1014,2025-11-30,02:05:24,Night,Mumbai,Maharashtra,Minor,Cloudy,Low
1015,2025-07-20,04:41:16,Night,Mumbai,Maharashtra,Minor,Clear,Heavy
1016,2025-06-06,17:27:39,Evening,Bangalore,Karnataka,Fatal,Clear,Heavy
1017,2026-03-16,21:23:33,Night,Mumbai,Maharashtra,Fatal,Rain,Low
1018,2026-01-15,22:43:03,Night,Chennai,Tamil Nadu,Fatal,Fog,Low
1019,2025-09-01,08:30:48,Morning,Visakhapatnam,Andhra Pradesh,Fatal,Storm,Low
1020,2025-04-12,22:36:52,Night,Visakhapatnam,Andhra Pradesh,Fatal,Fog,Low
1021,2025-04-28,15:54:35,Afternoon,Bangalore,Karnataka,Fatal,Cloudy,Low
1022,2025-05-14,18:50:07,Evening,Visakhapatnam,Andhra Pradesh,Serious,Storm,Low
1023,2025-11-27,16:14:27,Afternoon,Chennai,Tamil Nadu,Fatal,Fog,Low
1024,2026-02-04,12:58:12,Afternoon,Bangalore,Karnataka,Minor,Cloudy,Low
1025,2025-06-09,07:03:15,Morning,Delhi,Delhi,Fatal,Drizzle,Moderate
1026,2025-06-19,11:46:06,Morning,Mumbai,Maharashtra,Fatal,Clear,Moderate
1027,2026-02-17,00:37:45,Night,Mumbai,Maharashtra,Fatal,Fog,Moderate
1028,2025-04-27,20:41:49,Evening,Delhi,Delhi,Minor,Storm,Heavy
1029,2026-03-15,01:38:03,Night,Chennai,Tamil Nadu,Minor,Rain,Moderate
1030,2025-08-19,18:28:13,Evening,Chennai,Tamil Nadu,Serious,Clear,Moderate
1031,2025-04-24,07:05:27,Morning,Mumbai,Maharashtra,Serious,Drizzle,Low
1032,2025-04-10,12:15:19,Afternoon,Chennai,Tamil Nadu,Serious,Clear,Low
1033,2025-07-23,16:17:50,Afternoon,Visakhapatnam,Andhra Pradesh,Fatal,Fog,Low
1034,2025-10-03,04:29:03,Night,Delhi,Delhi,Serious,Fog,Heavy
1035,2025-06-28,10:04:21,Morning,Visakhapatnam,Andhra Pradesh,Minor,Drizzle,Heavy
1036,2025-06-09,08:07:58,Morning,Mumbai,Maharashtra,Fatal,Fog,Heavy
1037,2026-03-11,07:09:55,Morning,Delhi,Delhi,Fatal,Clear,Moderate
1038,2025-06-19,16:57:45,Afternoon,Bangalore,Karnataka,Minor,Drizzle,Heavy
1039,2025-06-30,12:09:08,Afternoon,Hyderabad,Telangana,Serious,Cloudy,Heavy
1040,2025-10-21,16:48:36,Afternoon,Chennai,Tamil Nadu,Serious,Storm,Heavy
1041,2025-10-02,13:30:29,Afternoon,Mumbai,Maharashtra,Fatal,Storm,Moderate
1042,2025-10-15,11:30:17,Morning,Mumbai,Maharashtra,Minor,Rain,Moderate
1043,2025-06-25,18:58:24,Evening,Mumbai,Maharashtra,Serious,Storm,Low
1044,2026-03-28,16:33:20,Afternoon,Hyderabad,Telangana,Serious,Rain,Heavy
1045,2025-09-19,22:36:25,Night,Bangalore,Karnataka,Fatal,Rain,Heavy
1046,2026-01-04,10:11:02,Morning,Delhi,Delhi,Minor,Fog,Moderate
1047,2025-07-17,05:23:25,Morning,Chennai,Tamil Nadu,Minor,Clear,Heavy
1048,2025-08-13,18:17:28,Evening,Bangalore,Karnataka,Fatal,Clear,Heavy
1049,2025-04-27,12:02:23,Afternoon,Mumbai,Maharashtra,Minor,Drizzle,Moderate
1050,2025-07-14,02:55:39,Night,Hyderabad,Telangana,Fatal,Rain,Moderate
1051,2026-02-04,11:46:34,Morning,Chennai,Tamil Nadu,Minor,Drizzle,Heavy
1052,2025-07-12,00:37:37,Night,Bangalore,Karnataka,Minor,Drizzle,Moderate
1053,2026-01-01,02:47:28,Night,Bangalore,Karnataka,Serious,Fog,Heavy
1054,2025-08-25,08:15:00,Morning,Visakhapatnam,Andhra Pradesh,Minor,Rain,Moderate
1055,2025-09-12,17:36:57,Evening,Visakhapatnam,Andhra Pradesh,Fatal,Rain,Heavy
1056,2025-07-18,14:41:43,Afternoon,Mumbai,Maharashtra,Serious,Fog,Low
1057,2025-10-17,12:26:48,Afternoon,Hyderabad,Telangana,Serious,Drizzle,Moderate
1058,2026-03-16,06:17:56,Morning,Visakhapatnam,Andhra Pradesh,Minor,Fog,Moderate
1059,2026-01-09,21:10:36,Night,Delhi,Delhi,Minor,Fog,Moderate
1060,2025-06-21,00:46:42,Night,Bangalore,Karnataka,Minor,Fog,Moderate
1061,2025-04-18,16:03:58,Afternoon,Delhi,Delhi,Fatal,Cloudy,Low
1062,2025-08-26,06:54:03,Morning,Bangalore,Karnataka,Minor,Fog,Low
1063,2025-12-03,18:50:46,Evening,Chennai,Tamil Nadu,Fatal,Drizzle,Heavy
1064,2025-11-30,02:38:56,Night,Visakhapatnam,Andhra Pradesh,Serious,Clear,Moderate
1065,2025-09-13,06:42:00,Morning,Chennai,Tamil Nadu,Serious,Rain,Moderate
1066,2026-01-08,14:42:20,Afternoon,Mumbai,Maharashtra,Minor,Clear,Moderate
1067,2025-09-15,22:37:45,Night,Mumbai,Maharashtra,Minor,Clear,Low
1068,2025-04-17,03:19:57,Night,Bangalore,Karnataka,Serious,Storm,Moderate
1069,2026-02-14,02:51:41,Night,Bangalore,Karnataka,Minor,Storm,Low
1070,2026-04-04,18:29:00,Evening,Bangalore,Karnataka,Minor,Cloudy,Low
1071,2025-11-14,21:04:42,Night,Visakhapatnam,Andhra Pradesh,Serious,Clear,Moderate
1072,2025-08-29,07:11:59,Morning,Bangalore,Karnataka,Serious,Rain,Low
1073,2025-10-29,14:15:14,Afternoon,Visakhapatnam,Andhra Pradesh,Serious,Clear,Heavy
1074,2025-04-20,10:15:17,Morning,Delhi,Delhi,Fatal,Cloudy,Low
1075,2025-07-11,17:59:59,Evening,Chennai,Tamil Nadu,Fatal,Fog,Heavy
1076,2025-10-05,21:43:19,Night,Mumbai,Maharashtra,Serious,Rain,Low
1077,2025-09-24,00:19:23,Night,Visakhapatnam,Andhra Pradesh,Minor,Cloudy,Moderate
1078,2025-08-17,19:32:50,Evening,Mumbai,Maharashtra,Serious,Fog,Moderate
1079,2025-11-27,17:24:14,Evening,Bangalore,Karnataka,Fatal,Rain,Heavy
1080,2025-04-12,14:37:19,Afternoon,Delhi,Delhi,Minor,Rain,Heavy
1081,2025-07-03,07:23:38,Morning,Visakhapatnam,Andhra Pradesh,Minor,Cloudy,Low
1082,2026-02-15,15:49:15,Afternoon,Bangalore,Karnataka,Serious,Fog,Moderate
1083,2026-03-20,20:41:46,Evening,Mumbai,Maharashtra,Fatal,Fog,Moderate
1084,2025-11-10,22:03:43,Night,Bangalore,Karnataka,Serious,Cloudy,Heavy
1085,2025-10-02,13:13:22,Afternoon,Delhi,Delhi,Minor,Fog,Heavy
1086,2026-01-08,23:29:50,Night,Delhi,Delhi,Minor,Cloudy,Low
1087,2025-11-09,06:27:32,Morning,Delhi,Delhi,Fatal,Clear,Low
1088,2025-10-14,01:26:26,Night,Chennai,Tamil Nadu,Fatal,Rain,Low
1089,2026-02-08,08:47:57,Morning,Bangalore,Karnataka,Serious,Storm,Low
1090,2026-02-23,13:53:45,Afternoon,Delhi,Delhi,Serious,Rain,Moderate
1091,2025-11-08,01:31:25,Night,Chennai,Tamil Nadu,Serious,Clear,Heavy
1092,2025-06-25,23:50:20,Night,Mumbai,Maharashtra,Fatal,Storm,Moderate
1093,2026-03-03,12:31:39,Afternoon,Delhi,Delhi,Fatal,Fog,Heavy
1094,2025-10-11,02:01:57,Night,Bangalore,Karnataka,Serious,Rain,Low
1095,2025-05-15,08:07:25,Morning,Hyderabad,Telangana,Serious,Rain,Moderate
1096,2025-11-06,11:51:16,Morning,Delhi,Delhi,Fatal,Clear,Moderate
1097,2026-03-01,00:28:17,Night,Delhi,Delhi,Serious,Storm,Moderate
1098,2025-11-13,22:13:38,Night,Mumbai,Maharashtra,Serious,Rain,Low
1099,2026-02-25,00:28:55,Night,Delhi,Delhi,Minor,Storm,Low
1100,2026-02-24,12:01:52,Afternoon,Chennai,Tamil Nadu,Fatal,Cloudy,Moderate
1101,2025-04-26,06:23:27,Morning,Chennai,Tamil Nadu,Serious,Clear,Heavy
1102,2025-04-09,02:07:43,Night,Bangalore,Karnataka,Fatal,Storm,Moderate
1103,2025-08-15,08:05:55,Morning,Mumbai,Maharashtra,Fatal,Storm,Moderate
1104,2025-05-29,09:06:27,Morning,Delhi,Delhi,Minor,Storm,Heavy
1105,2025-11-28,13:08:13,Afternoon,Bangalore,Karnataka,Serious,Drizzle,Heavy
1106,2025-07-26,07:13:01,Morning,Mumbai,Maharashtra,Minor,Drizzle,Low
1107,2025-07-27,20:40:54,Evening,Bangalore,Karnataka,Minor,Drizzle,Low
1108,2025-07-03,15:27:52,Afternoon,Bangalore,Karnataka,Fatal,Rain,Low
1109,2025-11-12,15:42:40,Afternoon,Delhi,Delhi,Minor,Clear,Heavy
1110,2025-11-08,19:23:13,Evening,Chennai,Tamil Nadu,Serious,Fog,Heavy
1111,2025-11-07,15:40:21,Afternoon,Chennai,Tamil Nadu,Minor,Storm,Moderate
1112,2025-12-30,16:47:18,Afternoon,Delhi,Delhi,Minor,Cloudy,Heavy
1113,2025-05-08,03:34:11,Night,Chennai,Tamil Nadu,Fatal,Fog,Low
1114,2025-07-02,06:27:45,Morning,Mumbai,Maharashtra,Serious,Drizzle,Heavy
1115,2025-12-18,01:44:53,Night,Bangalore,Karnataka,Serious,Storm,Heavy
1116,2025-08-27,20:28:01,Evening,Chennai,Tamil Nadu,Fatal,Rain,Moderate
1117,2026-02-24,14:06:21,Afternoon,Delhi,Delhi,Minor,Clear,Heavy
1118,2025-05-26,23:58:38,Night,Visakhapatnam,Andhra Pradesh,Serious,Fog,Low
1119,2026-02-27,01:12:15,Night,Delhi,Delhi,Minor,Drizzle,Heavy
1120,2026-03-05,23:24:56,Night,Chennai,Tamil Nadu,Minor,Rain,Heavy
1121,2025-10-12,04:36:57,Night,Bangalore,Karnataka,Minor,Drizzle,Moderate
1122,2025-06-10,00:46:58,Night,Visakhapatnam,Andhra Pradesh,Fatal,Clear,Low
1123,2026-02-28,22:15:30,Night,Chennai,Tamil Nadu,Fatal,Drizzle,Heavy
1124,2025-10-29,15:38:33,Afternoon,Visakhapatnam,Andhra Pradesh,Fatal,Fog,Moderate
1125,2026-02-01,13:22:12,Afternoon,Chennai,Tamil Nadu,Serious,Fog,Moderate
1126,2025-12-11,22:09:17,Night,Chennai,Tamil Nadu,Minor,Clear,Low
1127,2025-11-23,04:20:22,Night,Hyderabad,Telangana,Minor,Clear,Low
1128,2025-04-22,14:01:28,Afternoon,Bangalore,Karnataka,Minor,Clear,Low
1129,2025-08-05,00:37:56,Night,Chennai,Tamil Nadu,Serious,Clear,Low
1130,2026-01-05,01:16:20,Night,Hyderabad,Telangana,Serious,Drizzle,Moderate
1131,2025-04-08,03:34:02,Night,Delhi,Delhi,Serious,Storm,Moderate
1132,2026-01-11,17:23:30,Evening,Bangalore,Karnataka,Fatal,Drizzle,Low
1133,2026-03-25,06:20:39,Morning,Bangalore,Karnataka,Minor,Drizzle,Low
1134,2025-05-23,10:57:11,Morning,Visakhapatnam,Andhra Pradesh,Serious,Storm,Moderate
1135,2026-02-19,06:24:48,Morning,Bangalore,Karnataka,Serious,Rain,Low
1136,2025-08-12,00:54:07,Night,Bangalore,Karnataka,Serious,Rain,Low
1137,2026-02-20,22:44:38,Night,Bangalore,Karnataka,Minor,Drizzle,Low
1138,2026-03-08,19:00:23,Evening,Delhi,Delhi,Serious,Cloudy,Low
1139,2025-08-27,16:36:38,Afternoon,Mumbai,Maharashtra,Minor,Drizzle,Moderate
1140,2025-04-10,01:50:29,Night,Mumbai,Maharashtra,Serious,Rain,Moderate
1141,2026-02-15,17:12:08,Evening,Visakhapatnam,Andhra Pradesh,Serious,Clear,Low
1142,2026-01-03,21:59:41,Night,Bangalore,Karnataka,Serious,Cloudy,Low
1143,2026-03-01,10:49:29,Morning,Visakhapatnam,Andhra Pradesh,Serious,Cloudy,Low
1144,2025-04-19,07:36:26,Morning,Visakhapatnam,Andhra Pradesh,Minor,Rain,Low
1145,2025-12-12,18:34:20,Evening,Chennai,Tamil Nadu,Fatal,Cloudy,Moderate
1146,2025-08-28,10:49:25,Morning,Mumbai,Maharashtra,Fatal,Rain,Heavy
1147,2025-08-22,05:24:47,Morning,Visakhapatnam,Andhra Pradesh,Minor,Rain,Heavy
1148,2026-02-19,03:51:02,Night,Hyderabad,Telangana,Minor,Storm,Low
1149,2026-01-15,17:28:59,Evening,Mumbai,Maharashtra,Serious,Rain,Moderate
1150,2025-04-27,05:12:42,Morning,Bangalore,Karnataka,Fatal,Storm,Low
1151,2025-08-01,04:57:08,Night,Hyderabad,Telangana,Fatal,Storm,Moderate
1152,2025-08-09,18:08:15,Evening,Delhi,Delhi,Minor,Rain,Heavy
1153,2026-01-13,05:31:22,Morning,Chennai,Tamil Nadu,Fatal,Clear,Heavy
1154,2026-03-21,07:08:23,Morning,Hyderabad,Telangana,Serious,Clear,Moderate
1155,2025-10-23,19:23:38,Evening,Bangalore,Karnataka,Minor,Drizzle,Heavy
1156,2025-10-11,09:39:14,Morning,Mumbai,Maharashtra,Fatal,Cloudy,Heavy
1157,2026-03-23,01:17:39,Night,Visakhapatnam,Andhra Pradesh,Minor,Rain,Low
1158,2025-08-18,18:12:48,Evening,Visakhapatnam,Andhra Pradesh,Fatal,Cloudy,Heavy
1159,2025-05-11,11:22:27,Morning,Mumbai,Maharashtra,Minor,Fog,Heavy
1160,2025-07-13,01:49:21,Night,Delhi,Delhi,Serious,Clear,Heavy
1161,2026-01-19,01:36:12,Night,Hyderabad,Telangana,Minor,Drizzle,Low
1162,2026-01-18,02:42:25,Night,Delhi,Delhi,Fatal,Drizzle,Moderate
1163,2025-08-19,23:01:09,Night,Hyderabad,Telangana,Serious,Cloudy,Heavy
1164,2025-07-25,10:33:52,Morning,Hyderabad,Telangana,Serious,Drizzle,Heavy
1165,2025-06-03,05:28:14,Morning,Hyderabad,Telangana,Serious,Clear,Heavy
1166,2026-01-06,16:37:22,Afternoon,Hyderabad,Telangana,Minor,Clear,Heavy
1167,2025-04-14,20:31:53,Evening,Mumbai,Maharashtra,Serious,Storm,Heavy
1168,2025-09-13,02:12:40,Night,Mumbai,Maharashtra,Fatal,Clear,Moderate
1169,2025-09-20,15:29:28,Afternoon,Bangalore,Karnataka,Fatal,Storm,Moderate
1170,2025-04-23,00:15:12,Night,Visakhapatnam,Andhra Pradesh,Serious,Storm,Low
1171,2025-07-31,09:27:11,Morning,Delhi,Delhi,Serious,Rain,Moderate
1172,2026-03-15,08:56:03,Morning,Hyderabad,Telangana,Fatal,Rain,Low
1173,2025-06-03,22:08:43,Night,Chennai,Tamil Nadu,Minor,Drizzle,Moderate
1174,2025-04-12,23:53:22,Night,Chennai,Tamil Nadu,Minor,Fog,Heavy
1175,2025-11-24,04:17:33,Night,Hyderabad,Telangana,Serious,Cloudy,Heavy
1176,2025-08-21,00:33:20,Night,Hyderabad,Telangana,Fatal,Storm,Moderate
1177,2025-08-09,04:24:48,Night,Visakhapatnam,Andhra Pradesh,Minor,Clear,Moderate
1178,2026-02-24,03:14:03,Night,Bangalore,Karnataka,Fatal,Storm,Heavy
1179,2026-01-17,22:21:29,Night,Mumbai,Maharashtra,Fatal,Clear,Moderate
1180,2025-09-01,09:50:27,Morning,Bangalore,Karnataka,Minor,Clear,Low
1181,2025-04-24,02:53:01,Night,Hyderabad,Telangana,Minor,Drizzle,Heavy
1182,2025-11-07,08:09:09,Morning,Hyderabad,Telangana,Minor,Drizzle,Moderate
1183,2025-07-21,07:12:16,Morning,Mumbai,Maharashtra,Serious,Cloudy,Low
1184,2025-05-10,11:13:12,Morning,Visakhapatnam,Andhra Pradesh,Minor,Storm,Heavy
1185,2025-11-18,07:53:09,Morning,Hyderabad,Telangana,Fatal,Rain,Heavy
1186,2025-10-21,22:17:31,Night,Delhi,Delhi,Fatal,Clear,Moderate
1187,2026-03-13,11:26:30,Morning,Visakhapatnam,Andhra Pradesh,Serious,Fog,Moderate
1188,2025-09-15,05:07:04,Morning,Delhi,Delhi,Minor,Clear,Heavy
1189,2026-01-10,12:47:05,Afternoon,Delhi,Delhi,Minor,Drizzle,Moderate
1190,2025-07-28,23:59:12,Night,Chennai,Tamil Nadu,Serious,Clear,Low
1191,2025-08-09,04:33:51,Night,Chennai,Tamil Nadu,Fatal,Drizzle,Heavy
1192,2025-09-16,05:11:36,Morning,Chennai,Tamil Nadu,Serious,Storm,Moderate
1193,2025-10-23,10:47:48,Morning,Chennai,Tamil Nadu,Minor,Storm,Moderate
1194,2025-12-30,01:34:23,Night,Bangalore,Karnataka,Serious,Rain,Heavy
1195,2025-11-18,07:36:03,Morning,Mumbai,Maharashtra,Fatal,Cloudy,Moderate
1196,2025-07-29,14:50:23,Afternoon,Chennai,Tamil Nadu,Fatal,Clear,Moderate
1197,2026-03-09,22:11:38,Night,Delhi,Delhi,Minor,Cloudy,Low
1198,2025-09-17,03:45:48,Night,Hyderabad,Telangana,Minor,Rain,Moderate
1199,2025-08-25,05:54:08,Morning,Visakhapatnam,Andhra Pradesh,Fatal,Fog,Low
1200,2026-03-16,20:29:57,Evening,Visakhapatnam,Andhra Pradesh,Minor,Rain,Heavy
1201,2026-02-20,10:22:04,Morning,Visakhapatnam,Andhra Pradesh,Serious,Fog,Low
1202,2025-07-18,20:12:54,Evening,Delhi,Delhi,Serious,Drizzle,Heavy
1203,2025-07-31,05:08:12,Morning,Delhi,Delhi,Serious,Cloudy,Moderate
1204,2026-02-08,22:52:42,Night,Visakhapatnam,Andhra Pradesh,Serious,Storm,Low
1205,2025-06-10,09:16:15,Morning,Chennai,Tamil Nadu,Minor,Drizzle,Heavy
1206,2025-07-24,14:04:57,Afternoon,Visakhapatnam,Andhra Pradesh,Fatal,Storm,Heavy
1207,2025-04-28,04:19:43,Night,Chennai,Tamil Nadu,Minor,Clear,Low
1208,2025-05-20,04:34:13,Night,Visakhapatnam,Andhra Pradesh,Minor,Storm,Low
1209,2025-05-19,19:15:04,Evening,Bangalore,Karnataka,Fatal,Fog,Heavy
1210,2025-10-21,11:25:40,Morning,Mumbai,Maharashtra,Fatal,Cloudy,Moderate
1211,2025-09-24,03:07:03,Night,Delhi,Delhi,Minor,Storm,Heavy
1212,2026-01-03,20:08:07,Evening,Bangalore,Karnataka,Minor,Fog,Low
1213,2026-03-29,10:26:33,Morning,Mumbai,Maharashtra,Fatal,Clear,Moderate
1214,2025-06-09,06:11:50,Morning,Delhi,Delhi,Serious,Storm,Heavy
1215,2025-05-16,14:53:56,Afternoon,Visakhapatnam,Andhra Pradesh,Fatal,Clear,Low
1216,2026-02-23,18:52:55,Evening,Visakhapatnam,Andhra Pradesh,Serious,Clear,Moderate
1217,2025-04-27,08:44:26,Morning,Mumbai,Maharashtra,Minor,Rain,Moderate
1218,2025-10-18,17:15:16,Evening,Visakhapatnam,Andhra Pradesh,Fatal,Fog,Moderate
1219,2025-04-13,08:47:41,Morning,Hyderabad,Telangana,Minor,Cloudy,Moderate
1220,2025-07-17,14:59:44,Afternoon,Hyderabad,Telangana,Fatal,Rain,Heavy
1221,2026-03-12,18:17:37,Evening,Delhi,Delhi,Minor,Drizzle,Moderate
1222,2026-02-07,04:55:04,Night,Hyderabad,Telangana,Fatal,Cloudy,Low
1223,2025-08-06,23:14:35,Night,Chennai,Tamil Nadu,Fatal,Cloudy,Moderate
1224,2026-03-01,14:00:27,Afternoon,Delhi,Delhi,Fatal,Clear,Low
1225,2026-03-04,09:45:54,Morning,Delhi,Delhi,Serious,Cloudy,Low
1226,2026-01-06,07:27:32,Morning,Bangalore,Karnataka,Serious,Drizzle,Moderate
1227,2025-09-26,06:19:15,Morning,Chennai,Tamil Nadu,Minor,Rain,Heavy
1228,2025-11-19,13:09:58,Afternoon,Visakhapatnam,Andhra Pradesh,Minor,Rain,Low
1229,2025-06-16,13:55:38,Afternoon,Visakhapatnam,Andhra Pradesh,Serious,Rain,Moderate
1230,2025-06-19,22:21:27,Night,Visakhapatnam,Andhra Pradesh,Fatal,Storm,Heavy
1231,2025-09-25,15:54:08,Afternoon,Bangalore,Karnataka,Serious,Rain,Heavy
1232,2025-04-21,01:52:47,Night,Bangalore,Karnataka,Minor,Clear,Moderate
1233,2026-02-19,12:56:37,Afternoon,Visakhapatnam,Andhra Pradesh,Minor,Fog,Heavy
1234,2026-03-26,01:41:14,Night,Delhi,Delhi,Fatal,Cloudy,Low
1235,2025-09-08,16:32:04,Afternoon,Hyderabad,Telangana,Fatal,Rain,Low
1236,2025-06-14,17:34:44,Evening,Hyderabad,Telangana,Serious,Storm,Low
1237,2025-04-19,04:00:43,Night,Bangalore,Karnataka,Fatal,Cloudy,Low
1238,2025-07-02,12:23:58,Afternoon,Delhi,Delhi,Fatal,Rain,Moderate
1239,2025-07-26,17:31:16,Evening,Chennai,Tamil Nadu,Serious,Fog,Low
1240,2025-04-21,09:56:49,Morning,Visakhapatnam,Andhra Pradesh,Minor,Clear,Heavy
1241,2025-08-28,20:36:04,Evening,Delhi,Delhi,Minor,Fog,Low
1242,2025-08-23,17:09:03,Evening,Delhi,Delhi,Minor,Storm,Moderate
1243,2026-02-06,05:50:04,Morning,Visakhapatnam,Andhra Pradesh,Fatal,Fog,Low
1244,2025-10-05,13:12:52,Afternoon,Bangalore,Karnataka,Minor,Cloudy,Low
1245,2026-02-14,16:28:16,Afternoon,Chennai,Tamil Nadu,Serious,Cloudy,Moderate
1246,2025-05-30,14:13:58,Afternoon,Visakhapatnam,Andhra Pradesh,Fatal,Clear,Low
1247,2025-08-02,07:44:38,Morning,Visakhapatnam,Andhra Pradesh,Serious,Fog,Moderate
1248,2025-05-04,17:14:05,Evening,Delhi,Delhi,Serious,Rain,Moderate
1249,2026-03-13,12:05:14,Afternoon,Chennai,Tamil Nadu,Fatal,Storm,Heavy
1250,2026-02-15,18:21:10,Evening,Chennai,Tamil Nadu,Serious,Drizzle,Moderate
1251,2026-01-16,21:19:21,Night,Visakhapatnam,Andhra Pradesh,Fatal,Clear,Low
1252,2025-12-19,13:31:08,Afternoon,Chennai,Tamil Nadu,Minor,Storm,Moderate
1253,2025-08-22,08:10:38,Morning,Bangalore,Karnataka,Fatal,Drizzle,Heavy
1254,2025-10-26,08:16:12,Morning,Visakhapatnam,Andhra Pradesh,Fatal,Cloudy,Moderate
1255,2025-10-15,01:53:04,Night,Mumbai,Maharashtra,Minor,Rain,Heavy
1256,2025-07-16,15:02:58,Afternoon,Bangalore,Karnataka,Serious,Fog,Moderate
1257,2025-05-07,23:31:30,Night,Delhi,Delhi,Fatal,Storm,Moderate
1258,2026-01-03,07:50:11,Morning,Bangalore,Karnataka,Serious,Fog,Heavy
1259,2026-03-29,16:10:28,Afternoon,Visakhapatnam,Andhra Pradesh,Fatal,Drizzle,Moderate
1260,2025-04-18,19:35:28,Evening,Hyderabad,Telangana,Fatal,Storm,Moderate
1261,2025-10-12,18:28:59,Evening,Bangalore,Karnataka,Fatal,Drizzle,Low
1262,2025-07-27,21:49:28,Night,Chennai,Tamil Nadu,Fatal,Fog,Moderate
1263,2025-10-21,22:05:45,Night,Bangalore,Karnataka,Fatal,Rain,Low
1264,2025-10-19,00:05:10,Night,Bangalore,Karnataka,Fatal,Cloudy,Heavy
1265,2025-07-29,21:55:52,Night,Mumbai,Maharashtra,Fatal,Rain,Low
1266,2026-03-29,09:55:02,Morning,Mumbai,Maharashtra,Fatal,Drizzle,Moderate
1267,2025-09-15,08:41:50,Morning,Hyderabad,Telangana,Fatal,Storm,Moderate
1268,2025-07-06,08:30:30,Morning,Chennai,Tamil Nadu,Serious,Fog,Heavy
1269,2026-02-19,02:03:49,Night,Hyderabad,Telangana,Serious,Cloudy,Moderate
1270,2026-01-11,08:31:21,Morning,Bangalore,Karnataka,Fatal,Drizzle,Low
1271,2025-12-07,00:16:41,Night,Visakhapatnam,Andhra Pradesh,Serious,Storm,Heavy
1272,2025-08-08,02:34:30,Night,Mumbai,Maharashtra,Serious,Rain,Heavy
1273,2025-08-12,09:22:56,Morning,Delhi,Delhi,Minor,Drizzle,Low
1274,2025-07-21,16:36:47,Afternoon,Mumbai,Maharashtra,Fatal,Drizzle,Low
1275,2025-08-02,13:49:16,Afternoon,Delhi,Delhi,Fatal,Rain,Moderate
1276,2026-02-26,05:52:47,Morning,Bangalore,Karnataka,Minor,Clear,Moderate
1277,2026-04-03,03:11:12,Night,Chennai,Tamil Nadu,Serious,Rain,Moderate
1278,2025-12-03,08:25:06,Morning,Delhi,Delhi,Minor,Clear,Heavy
1279,2025-06-21,10:45:57,Morning,Hyderabad,Telangana,Serious,Fog,Low
1280,2025-10-04,08:22:58,Morning,Visakhapatnam,Andhra Pradesh,Serious,Rain,Low
1281,2025-12-29,06:05:06,Morning,Delhi,Delhi,Fatal,Storm,Heavy
1282,2025-04-11,14:27:39,Afternoon,Mumbai,Maharashtra,Fatal,Fog,Low
1283,2025-12-29,05:57:10,Morning,Visakhapatnam,Andhra Pradesh,Fatal,Fog,Low
1284,2025-07-31,07:11:36,Morning,Mumbai,Maharashtra,Fatal,Storm,Moderate
1285,2025-09-10,15:54:45,Afternoon,Mumbai,Maharashtra,Minor,Drizzle,Moderate
1286,2025-12-22,07:09:42,Morning,Visakhapatnam,Andhra Pradesh,Serious,Rain,Heavy
1287,2026-03-31,22:12:51,Night,Hyderabad,Telangana,Minor,Cloudy,Moderate
1288,2026-03-21,13:21:50,Afternoon,Bangalore,Karnataka,Serious,Clear,Moderate
1289,2026-02-16,06:43:35,Morning,Delhi,Delhi,Minor,Drizzle,Heavy
1290,2026-01-28,07:54:09,Morning,Delhi,Delhi,Minor,Drizzle,Moderate
1291,2026-01-23,10:29:52,Morning,Delhi,Delhi,Minor,Clear,Low
1292,2025-04-10,23:21:52,Night,Chennai,Tamil Nadu,Fatal,Fog,Heavy
1293,2026-03-09,18:13:33,Evening,Visakhapatnam,Andhra Pradesh,Serious,Cloudy,Heavy
1294,2026-02-15,06:46:07,Morning,Hyderabad,Telangana,Minor,Rain,Heavy
1295,2025-06-13,18:32:09,Evening,Chennai,Tamil Nadu,Fatal,Clear,Low
1296,2025-08-18,08:32:10,Morning,Visakhapatnam,Andhra Pradesh,Minor,Storm,Moderate
1297,2025-12-02,12:47:00,Afternoon,Chennai,Tamil Nadu,Fatal,Storm,Heavy
1298,2025-11-25,16:27:39,Afternoon,Bangalore,Karnataka,Serious,Cloudy,Heavy
1299,2025-11-03,15:27:33,Afternoon,Visakhapatnam,Andhra Pradesh,Serious,Rain,Low
1300,2025-07-16,22:42:08,Night,Chennai,Tamil Nadu,Minor,Drizzle,Moderate
1301,2025-08-23,11:56:09,Morning,Visakhapatnam,Andhra Pradesh,Serious,Drizzle,Low
1302,2025-07-23,02:30:49,Night,Hyderabad,Telangana,Minor,Drizzle,Moderate
1303,2025-04-24,13:44:58,Afternoon,Mumbai,Maharashtra,Serious,Cloudy,Low
1304,2025-10-15,22:47:45,Night,Visakhapatnam,Andhra Pradesh,Serious,Storm,Heavy
1305,2025-10-08,02:55:52,Night,Hyderabad,Telangana,Fatal,Cloudy,Low
1306,2026-02-23,14:30:14,Afternoon,Visakhapatnam,Andhra Pradesh,Fatal,Fog,Low
1307,2025-12-08,22:17:41,Night,Bangalore,Karnataka,Serious,Storm,Low
1308,2025-04-15,06:29:14,Morning,Delhi,Delhi,Minor,Drizzle,Low
1309,2025-07-29,23:28:02,Night,Bangalore,Karnataka,Fatal,Rain,Low
1310,2025-10-16,03:12:35,Night,Chennai,Tamil Nadu,Minor,Clear,Heavy
1311,2025-04-07,03:19:24,Night,Visakhapatnam,Andhra Pradesh,Fatal,Rain,Heavy
1312,2025-08-23,01:13:09,Night,Mumbai,Maharashtra,Serious,Cloudy,Moderate
1313,2025-11-23,10:18:33,Morning,Mumbai,Maharashtra,Fatal,Fog,Moderate
1314,2025-12-01,04:27:43,Night,Visakhapatnam,Andhra Pradesh,Serious,Clear,Low
1315,2026-03-13,07:38:16,Morning,Bangalore,Karnataka,Minor,Clear,Heavy
1316,2026-02-01,18:47:40,Evening,Mumbai,Maharashtra,Fatal,Fog,Heavy
1317,2025-12-13,08:44:46,Morning,Bangalore,Karnataka,Serious,Cloudy,Low
1318,2025-10-02,13:22:10,Afternoon,Mumbai,Maharashtra,Minor,Cloudy,Moderate
1319,2026-01-02,16:45:27,Afternoon,Delhi,Delhi,Fatal,Rain,Heavy
1320,2025-06-26,11:10:58,Morning,Bangalore,Karnataka,Serious,Rain,Moderate
1321,2025-12-26,10:24:21,Morning,Mumbai,Maharashtra,Serious,Rain,Heavy
1322,2025-10-29,16:12:57,Afternoon,Bangalore,Karnataka,Minor,Rain,Heavy
1323,2025-04-20,05:31:43,Morning,Bangalore,Karnataka,Serious,Cloudy,Heavy
1324,2026-01-17,08:25:59,Morning,Visakhapatnam,Andhra Pradesh,Fatal,Fog,Moderate
1325,2025-05-21,07:39:23,Morning,Visakhapatnam,Andhra Pradesh,Serious,Fog,Moderate
1326,2025-07-24,19:24:01,Evening,Chennai,Tamil Nadu,Serious,Fog,Heavy
1327,2025-08-10,18:46:53,Evening,Bangalore,Karnataka,Minor,Cloudy,Heavy
1328,2025-09-22,15:10:50,Afternoon,Visakhapatnam,Andhra Pradesh,Serious,Clear,Moderate
1329,2026-04-02,21:28:53,Night,Delhi,Delhi,Fatal,Fog,Low
1330,2025-10-28,23:33:02,Night,Chennai,Tamil Nadu,Serious,Clear,Moderate
1331,2026-03-28,03:55:58,Night,Hyderabad,Telangana,Serious,Cloudy,Heavy
1332,2025-08-11,16:36:38,Afternoon,Mumbai,Maharashtra,Serious,Clear,Heavy
1333,2025-05-30,12:39:45,Afternoon,Hyderabad,Telangana,Minor,Storm,Low
1334,2025-08-31,05:29:55,Morning,Hyderabad,Telangana,Fatal,Rain,Heavy
1335,2025-10-02,01:55:12,Night,Bangalore,Karnataka,Serious,Fog,Low
1336,2025-12-09,00:47:09,Night,Chennai,Tamil Nadu,Fatal,Drizzle,Moderate
1337,2026-01-23,07:46:42,Morning,Bangalore,Karnataka,Serious,Cloudy,Low
1338,2025-10-12,09:23:50,Morning,Delhi,Delhi,Serious,Cloudy,Moderate
1339,2026-01-27,16:38:23,Afternoon,Delhi,Delhi,Serious,Clear,Low
1340,2025-06-24,17:47:12,Evening,Delhi,Delhi,Serious,Drizzle,Heavy
1341,2026-03-19,05:21:30,Morning,Visakhapatnam,Andhra Pradesh,Serious,Fog,Heavy
1342,2026-01-16,03:16:13,Night,Chennai,Tamil Nadu,Serious,Rain,Heavy
1343,2025-09-13,22:17:58,Night,Hyderabad,Telangana,Fatal,Fog,Heavy
1344,2025-07-08,12:46:40,Afternoon,Bangalore,Karnataka,Fatal,Clear,Heavy
1345,2025-10-06,14:12:12,Afternoon,Mumbai,Maharashtra,Serious,Storm,Heavy
1346,2026-01-22,03:36:51,Night,Hyderabad,Telangana,Fatal,Drizzle,Heavy
1347,2025-12-27,11:01:30,Morning,Visakhapatnam,Andhra Pradesh,Minor,Drizzle,Heavy
1348,2025-07-24,16:27:52,Afternoon,Mumbai,Maharashtra,Fatal,Cloudy,Low
1349,2026-01-06,23:18:06,Night,Visakhapatnam,Andhra Pradesh,Fatal,Drizzle,Moderate
1350,2025-11-20,03:52:36,Night,Mumbai,Maharashtra,Fatal,Rain,Moderate
1351,2026-02-02,23:55:56,Night,Mumbai,Maharashtra,Serious,Storm,Heavy
1352,2025-04-26,17:21:35,Evening,Chennai,Tamil Nadu,Minor,Fog,Low
1353,2025-07-30,20:45:01,Evening,Bangalore,Karnataka,Serious,Rain,Heavy
1354,2026-04-01,11:31:19,Morning,Bangalore,Karnataka,Minor,Rain,Heavy
1355,2025-06-26,08:19:24,Morning,Mumbai,Maharashtra,Fatal,Drizzle,Heavy
1356,2025-06-18,11:39:55,Morning,Hyderabad,Telangana,Minor,Rain,Low
1357,2025-10-08,23:47:09,Night,Delhi,Delhi,Serious,Rain,Low
1358,2026-02-18,03:41:25,Night,Mumbai,Maharashtra,Serious,Drizzle,Moderate
1359,2026-03-04,17:14:26,Evening,Bangalore,Karnataka,Serious,Storm,Low
1360,2025-10-31,14:35:01,Afternoon,Delhi,Delhi,Minor,Fog,Low
1361,2025-06-10,02:58:59,Night,Bangalore,Karnataka,Fatal,Storm,Heavy
1362,2026-03-18,20:55:34,Evening,Hyderabad,Telangana,Fatal,Cloudy,Heavy
1363,2025-06-15,23:30:40,Night,Bangalore,Karnataka,Serious,Rain,Moderate
1364,2025-07-27,04:02:16,Night,Delhi,Delhi,Minor,Rain,Moderate
1365,2025-09-13,06:35:23,Morning,Visakhapatnam,Andhra Pradesh,Minor,Fog,Moderate
1366,2026-04-02,05:43:14,Morning,Delhi,Delhi,Serious,Cloudy,Moderate
1367,2026-03-17,13:20:54,Afternoon,Bangalore,Karnataka,Fatal,Drizzle,Low
1368,2026-01-26,08:41:25,Morning,Chennai,Tamil Nadu,Minor,Storm,Heavy
1369,2026-02-16,02:05:39,Night,Hyderabad,Telangana,Fatal,Clear,Heavy
1370,2026-03-11,17:17:58,Evening,Visakhapatnam,Andhra Pradesh,Fatal,Drizzle,Heavy
1371,2025-09-02,17:14:29,Evening,Bangalore,Karnataka,Serious,Fog,Heavy
1372,2025-08-18,01:29:38,Night,Mumbai,Maharashtra,Fatal,Rain,Heavy
1373,2026-03-16,13:51:07,Afternoon,Hyderabad,Telangana,Fatal,Drizzle,Heavy
1374,2025-11-19,23:31:07,Night,Hyderabad,Telangana,Minor,Fog,Moderate
1375,2025-10-27,14:50:15,Afternoon,Bangalore,Karnataka,Serious,Fog,Heavy
1376,2025-04-19,00:58:26,Night,Bangalore,Karnataka,Fatal,Storm,Heavy
1377,2025-04-10,15:55:36,Afternoon,Chennai,Tamil Nadu,Serious,Clear,Moderate
1378,2025-06-05,17:26:52,Evening,Mumbai,Maharashtra,Fatal,Rain,Moderate
1379,2026-03-16,17:42:58,Evening,Chennai,Tamil Nadu,Serious,Cloudy,Low
1380,2026-01-01,23:21:54,Night,Visakhapatnam,Andhra Pradesh,Minor,Cloudy,Low
1381,2025-05-08,01:14:06,Night,Delhi,Delhi,Minor,Fog,Moderate
1382,2025-06-17,02:45:33,Night,Visakhapatnam,Andhra Pradesh,Serious,Drizzle,Heavy
1383,2025-12-01,19:23:58,Evening,Mumbai,Maharashtra,Minor,Fog,Heavy
1384,2025-04-12,17:11:07,Evening,Visakhapatnam,Andhra Pradesh,Fatal,Clear,Heavy
1385,2026-03-17,10:16:37,Morning,Visakhapatnam,Andhra Pradesh,Serious,Clear,Heavy
1386,2025-12-28,12:57:35,Afternoon,Hyderabad,Telangana,Minor,Storm,Moderate
1387,2026-03-09,16:27:03,Afternoon,Visakhapatnam,Andhra Pradesh,Serious,Storm,Low
1388,2025-04-21,09:28:38,Morning,Hyderabad,Telangana,Serious,Clear,Heavy
1389,2025-09-01,07:25:42,Morning,Bangalore,Karnataka,Serious,Drizzle,Low
1390,2026-01-17,11:29:55,Morning,Bangalore,Karnataka,Fatal,Cloudy,Heavy
1391,2025-06-16,03:44:57,Night,Hyderabad,Telangana,Fatal,Cloudy,Heavy
1392,2025-12-18,20:53:20,Evening,Chennai,Tamil Nadu,Minor,Storm,Moderate
1393,2025-07-27,02:20:36,Night,Delhi,Delhi,Fatal,Rain,Moderate
1394,2026-01-15,01:41:47,Night,Hyderabad,Telangana,Minor,Cloudy,Moderate
1395,2025-08-29,15:07:44,Afternoon,Bangalore,Karnataka,Minor,Fog,Moderate
1396,2026-02-04,13:18:43,Afternoon,Visakhapatnam,Andhra Pradesh,Minor,Rain,Low
1397,2025-04-14,00:18:57,Night,Bangalore,Karnataka,Serious,Storm,Low
1398,2025-08-06,12:35:16,Afternoon,Visakhapatnam,Andhra Pradesh,Serious,Rain,Moderate
1399,2025-10-16,10:48:42,Morning,Mumbai,Maharashtra,Serious,Cloudy,Heavy
1400,2025-12-15,12:00:22,Afternoon,Bangalore,Karnataka,Serious,Cloudy,Low
1401,2025-05-12,07:39:49,Morning,Chennai,Tamil Nadu,Fatal,Storm,Low
1402,2026-01-23,23:16:45,Night,Delhi,Delhi,Minor,Cloudy,Heavy
1403,2026-02-27,17:48:51,Evening,Delhi,Delhi,Minor,Fog,Low
1404,2025-11-01,07:08:54,Morning,Mumbai,Maharashtra,Fatal,Fog,Moderate
1405,2025-09-17,09:05:36,Morning,Mumbai,Maharashtra,Minor,Cloudy,Low
1406,2025-11-23,19:50:35,Evening,Chennai,Tamil Nadu,Fatal,Clear,Heavy
1407,2026-01-05,04:00:56,Night,Delhi,Delhi,Serious,Clear,Moderate
1408,2025-08-21,03:13:13,Night,Bangalore,Karnataka,Serious,Drizzle,Heavy
1409,2025-09-27,06:51:16,Morning,Delhi,Delhi,Serious,Fog,Low
1410,2025-12-14,02:19:36,Night,Mumbai,Maharashtra,Serious,Rain,Low
1411,2025-11-07,03:19:37,Night,Visakhapatnam,Andhra Pradesh,Minor,Drizzle,Moderate
1412,2025-04-20,00:53:45,Night,Mumbai,Maharashtra,Minor,Drizzle,Heavy
1413,2026-03-27,00:30:29,Night,Hyderabad,Telangana,Fatal,Cloudy,Low
1414,2025-10-12,14:36:17,Afternoon,Mumbai,Maharashtra,Minor,Clear,Moderate
1415,2025-11-15,01:19:41,Night,Chennai,Tamil Nadu,Minor,Rain,Heavy
1416,2025-11-14,03:31:47,Night,Mumbai,Maharashtra,Fatal,Clear,Heavy
1417,2026-03-06,20:14:05,Evening,Mumbai,Maharashtra,Fatal,Drizzle,Low
1418,2025-09-07,23:07:49,Night,Delhi,Delhi,Serious,Fog,Moderate
1419,2025-07-22,01:09:37,Night,Mumbai,Maharashtra,Serious,Storm,Heavy
1420,2026-01-13,06:48:32,Morning,Visakhapatnam,Andhra Pradesh,Serious,Cloudy,Heavy
1421,2025-08-17,02:43:20,Night,Visakhapatnam,Andhra Pradesh,Minor,Storm,Low
1422,2026-04-04,02:16:22,Night,Bangalore,Karnataka,Minor,Cloudy,Heavy
1423,2025-06-07,02:23:36,Night,Bangalore,Karnataka,Fatal,Fog,Low
1424,2026-03-15,14:22:13,Afternoon,Delhi,Delhi,Fatal,Cloudy,Low
1425,2025-07-24,10:08:26,Morning,Bangalore,Karnataka,Serious,Clear,Low
1426,2025-09-07,23:09:45,Night,Mumbai,Maharashtra,Minor,Cloudy,Moderate
1427,2025-06-03,11:40:35,Morning,Chennai,Tamil Nadu,Minor,Drizzle,Heavy
1428,2025-12-14,06:41:00,Morning,Delhi,Delhi,Fatal,Cloudy,Heavy
1429,2025-10-14,13:55:27,Afternoon,Mumbai,Maharashtra,Fatal,Drizzle,Low
1430,2025-06-01,17:24:43,Evening,Chennai,Tamil Nadu,Fatal,Storm,Heavy
1431,2025-05-26,12:07:28,Afternoon,Delhi,Delhi,Fatal,Rain,Moderate
1432,2026-01-12,09:50:41,Morning,Hyderabad,Telangana,Serious,Cloudy,Low
1433,2025-10-22,03:41:28,Night,Mumbai,Maharashtra,Fatal,Storm,Low
1434,2025-07-11,15:26:28,Afternoon,Mumbai,Maharashtra,Serious,Clear,Heavy
1435,2025-04-16,13:05:36,Afternoon,Hyderabad,Telangana,Minor,Rain,Moderate
1436,2025-12-02,00:24:45,Night,Chennai,Tamil Nadu,Serious,Storm,Heavy
1437,2025-11-22,22:16:45,Night,Mumbai,Maharashtra,Minor,Clear,Low
1438,2025-06-14,07:26:51,Morning,Bangalore,Karnataka,Serious,Fog,Low
1439,2025-06-30,14:32:15,Afternoon,Delhi,Delhi,Serious,Rain,Low
1440,2025-06-13,13:05:44,Afternoon,Bangalore,Karnataka,Serious,Cloudy,Low
1441,2025-10-29,02:53:42,Night,Bangalore,Karnataka,Minor,Drizzle,Moderate
1442,2026-01-09,05:14:39,Morning,Hyderabad,Telangana,Minor,Fog,Low
1443,2025-07-18,09:51:32,Morning,Mumbai,Maharashtra,Serious,Cloudy,Heavy
1444,2026-03-03,18:33:05,Evening,Bangalore,Karnataka,Serious,Storm,Moderate
1445,2026-03-05,10:04:34,Morning,Visakhapatnam,Andhra Pradesh,Minor,Rain,Low
1446,2025-08-14,01:12:34,Night,Bangalore,Karnataka,Serious,Fog,Heavy
1447,2025-12-31,01:59:54,Night,Mumbai,Maharashtra,Serious,Rain,Moderate
1448,2026-02-16,11:00:17,Morning,Bangalore,Karnataka,Minor,Drizzle,Moderate
1449,2025-05-18,13:04:06,Afternoon,Chennai,Tamil Nadu,Minor,Storm,Moderate
1450,2025-05-21,20:25:15,Evening,Bangalore,Karnataka,Minor,Drizzle,Moderate
1451,2026-01-24,11:17:02,Morning,Delhi,Delhi,Serious,Fog,Moderate
1452,2025-05-12,11:29:21,Morning,Bangalore,Karnataka,Serious,Clear,Low
1453,2026-03-26,15:15:00,Afternoon,Delhi,Delhi,Minor,Fog,Moderate
1454,2025-07-12,12:23:28,Afternoon,Mumbai,Maharashtra,Minor,Rain,Moderate
1455,2025-12-01,10:05:06,Morning,Mumbai,Maharashtra,Minor,Cloudy,Heavy
1456,2026-02-22,04:05:38,Night,Mumbai,Maharashtra,Serious,Cloudy,Low
1457,2025-08-08,17:12:54,Evening,Bangalore,Karnataka,Fatal,Cloudy,Moderate
1458,2025-12-13,15:03:04,Afternoon,Mumbai,Maharashtra,Minor,Drizzle,Low
1459,2025-05-18,14:21:59,Afternoon,Visakhapatnam,Andhra Pradesh,Fatal,Storm,Moderate
1460,2026-01-07,14:53:07,Afternoon,Mumbai,Maharashtra,Serious,Drizzle,Heavy
1461,2025-09-27,13:24:17,Afternoon,Mumbai,Maharashtra,Minor,Rain,Heavy
1462,2026-01-27,13:22:25,Afternoon,Mumbai,Maharashtra,Minor,Fog,Moderate
1463,2025-07-14,06:40:18,Morning,Bangalore,Karnataka,Fatal,Rain,Moderate
1464,2025-07-20,04:59:54,Night,Chennai,Tamil Nadu,Serious,Cloudy,Heavy
1465,2025-11-02,08:27:33,Morning,Bangalore,Karnataka,Fatal,Clear,Heavy
1466,2026-03-29,13:48:28,Afternoon,Chennai,Tamil Nadu,Minor,Cloudy,Moderate
1467,2026-02-22,22:52:47,Night,Mumbai,Maharashtra,Minor,Cloudy,Heavy
1468,2025-09-16,20:38:34,Evening,Visakhapatnam,Andhra Pradesh,Fatal,Cloudy,Moderate
1469,2026-04-02,09:34:02,Morning,Chennai,Tamil Nadu,Fatal,Storm,Low
1470,2025-10-03,12:53:12,Afternoon,Mumbai,Maharashtra,Fatal,Clear,Low
1471,2025-06-04,09:29:55,Morning,Delhi,Delhi,Serious,Storm,Low
1472,2025-10-22,08:40:05,Morning,Chennai,Tamil Nadu,Minor,Rain,Moderate
1473,2026-02-24,09:43:07,Morning,Delhi,Delhi,Fatal,Cloudy,Heavy
1474,2026-03-02,03:30:00,Night,Hyderabad,Telangana,Fatal,Cloudy,Heavy
1475,2025-07-18,15:10:20,Afternoon,Delhi,Delhi,Serious,Drizzle,Low
1476,2025-09-27,18:31:56,Evening,Hyderabad,Telangana,Fatal,Fog,Heavy
1477,2025-05-15,13:13:12,Afternoon,Mumbai,Maharashtra,Serious,Cloudy,Moderate
1478,2025-07-28,05:34:40,Morning,Chennai,Tamil Nadu,Minor,Fog,Moderate
1479,2026-01-22,14:51:57,Afternoon,Mumbai,Maharashtra,Fatal,Cloudy,Low
1480,2025-04-22,01:44:40,Night,Chennai,Tamil Nadu,Minor,Storm,Moderate
1481,2026-03-07,06:31:09,Morning,Hyderabad,Telangana,Fatal,Fog,Low
1482,2026-03-31,14:37:33,Afternoon,Chennai,Tamil Nadu,Serious,Storm,Low
1483,2025-09-19,18:11:11,Evening,Chennai,Tamil Nadu,Minor,Cloudy,Heavy
1484,2025-08-05,11:12:55,Morning,Chennai,Tamil Nadu,Fatal,Cloudy,Moderate
1485,2025-07-19,04:25:59,Night,Delhi,Delhi,Minor,Storm,Heavy
1486,2025-06-29,01:01:38,Night,Mumbai,Maharashtra,Fatal,Drizzle,Low
1487,2025-09-21,17:31:05,Evening,Delhi,Delhi,Minor,Drizzle,Moderate
1488,2025-04-29,01:14:38,Night,Mumbai,Maharashtra,Fatal,Fog,Moderate
1489,2025-10-28,15:28:55,Afternoon,Hyderabad,Telangana,Minor,Clear,Heavy
1490,2025-07-25,23:23:27,Night,Bangalore,Karnataka,Serious,Storm,Moderate
1491,2025-06-15,11:08:37,Morning,Mumbai,Maharashtra,Fatal,Storm,Heavy
1492,2026-03-25,02:35:11,Night,Bangalore,Karnataka,Serious,Drizzle,Low
1493,2025-06-03,19:14:24,Evening,Mumbai,Maharashtra,Fatal,Cloudy,Heavy
1494,2025-12-07,10:22:46,Morning,Bangalore,Karnataka,Serious,Clear,Heavy
1495,2025-12-31,05:08:40,Morning,Hyderabad,Telangana,Minor,Storm,Heavy
1496,2025-11-14,01:14:15,Night,Chennai,Tamil Nadu,Serious,Rain,Low
1497,2025-06-08,19:54:15,Evening,Visakhapatnam,Andhra Pradesh,Fatal,Cloudy,Heavy
1498,2025-11-14,09:17:36,Morning,Delhi,Delhi,Serious,Rain,Moderate
1499,2025-08-03,00:18:30,Night,Delhi,Delhi,Serious,Drizzle,Heavy
1500,2025-11-23,02:57:47,Night,Hyderabad,Telangana,Serious,Cloudy,Heavy
1501,2026-01-24,22:31:29,Night,Visakhapatnam,Andhra Pradesh,Fatal,Storm,Moderate
1502,2025-05-09,21:57:36,Night,Delhi,Delhi,Minor,Clear,Heavy
1503,2025-10-09,18:49:17,Evening,Hyderabad,Telangana,Minor,Cloudy,Moderate
1504,2025-11-07,03:21:28,Night,Mumbai,Maharashtra,Fatal,Fog,Moderate
1505,2025-07-17,07:31:29,Morning,Delhi,Delhi,Serious,Storm,Low
1506,2025-12-14,05:43:22,Morning,Chennai,Tamil Nadu,Serious,Drizzle,Low
1507,2025-05-20,09:32:26,Morning,Hyderabad,Telangana,Fatal,Rain,Moderate
1508,2025-12-05,10:08:12,Morning,Bangalore,Karnataka,Minor,Drizzle,Low
1509,2025-10-25,20:10:27,Evening,Mumbai,Maharashtra,Minor,Drizzle,Moderate
1510,2025-11-25,21:37:17,Night,Bangalore,Karnataka,Serious,Storm,Low
1511,2025-09-28,12:43:48,Afternoon,Hyderabad,Telangana,Minor,Cloudy,Moderate
1512,2025-04-12,17:42:36,Evening,Visakhapatnam,Andhra Pradesh,Minor,Drizzle,Low
1513,2025-04-08,08:33:37,Morning,Hyderabad,Telangana,Minor,Storm,Low
1514,2025-08-04,05:33:31,Morning,Visakhapatnam,Andhra Pradesh,Fatal,Fog,Low
1515,2025-11-06,08:28:12,Morning,Mumbai,Maharashtra,Fatal,Storm,Heavy
1516,2026-02-01,11:53:19,Morning,Chennai,Tamil Nadu,Serious,Cloudy,Moderate
1517,2025-10-16,04:24:48,Night,Visakhapatnam,Andhra Pradesh,Minor,Fog,Heavy
1518,2025-09-05,23:13:54,Night,Visakhapatnam,Andhra Pradesh,Minor,Fog,Low
1519,2025-10-29,08:51:43,Morning,Mumbai,Maharashtra,Serious,Drizzle,Low
1520,2025-08-23,02:49:56,Night,Chennai,Tamil Nadu,Minor,Drizzle,Low
1521,2025-06-06,06:02:41,Morning,Delhi,Delhi,Fatal,Fog,Heavy
1522,2025-04-29,20:10:09,Evening,Visakhapatnam,Andhra Pradesh,Minor,Clear,Low
1523,2025-09-12,20:14:33,Evening,Visakhapatnam,Andhra Pradesh,Fatal,Storm,Moderate
1524,2025-06-19,08:16:30,Morning,Visakhapatnam,Andhra Pradesh,Fatal,Storm,Heavy
1525,2025-09-02,00:31:55,Night,Delhi,Delhi,Serious,Rain,Heavy
1526,2025-06-24,18:53:03,Evening,Delhi,Delhi,Minor,Fog,Moderate
1527,2025-05-19,10:02:39,Morning,Chennai,Tamil Nadu,Minor,Fog,Low
1528,2025-06-09,23:03:22,Night,Hyderabad,Telangana,Fatal,Rain,Low
1529,2025-07-31,08:03:08,Morning,Mumbai,Maharashtra,Fatal,Storm,Moderate
1530,2025-12-30,19:05:59,Evening,Bangalore,Karnataka,Fatal,Cloudy,Moderate
1531,2025-06-09,11:31:16,Morning,Hyderabad,Telangana,Serious,Storm,Heavy
1532,2025-07-04,16:09:29,Afternoon,Chennai,Tamil Nadu,Fatal,Drizzle,Low
1533,2025-05-19,11:54:25,Morning,Bangalore,Karnataka,Serious,Storm,Moderate
1534,2025-04-15,09:48:14,Morning,Visakhapatnam,Andhra Pradesh,Minor,Cloudy,Moderate
1535,2025-04-25,09:57:18,Morning,Chennai,Tamil Nadu,Serious,Clear,Low
1536,2025-04-17,23:28:58,Night,Delhi,Delhi,Serious,Cloudy,Heavy
1537,2025-09-22,00:37:54,Night,Delhi,Delhi,Minor,Fog,Moderate
1538,2026-01-10,08:16:17,Morning,Mumbai,Maharashtra,Minor,Rain,Low
1539,2025-05-02,07:43:35,Morning,Chennai,Tamil Nadu,Fatal,Rain,Moderate
1540,2026-04-06,13:27:25,Afternoon,Bangalore,Karnataka,Fatal,Fog,Heavy
1541,2025-11-03,09:41:44,Morning,Delhi,Delhi,Minor,Cloudy,Moderate
1542,2025-08-13,10:39:55,Morning,Hyderabad,Telangana,Serious,Fog,Low
1543,2025-04-24,23:45:59,Night,Bangalore,Karnataka,Fatal,Clear,Low
1544,2025-07-10,18:48:08,Evening,Visakhapatnam,Andhra Pradesh,Serious,Cloudy,Heavy
1545,2025-11-01,23:04:27,Night,Hyderabad,Telangana,Fatal,Drizzle,Heavy
1546,2025-12-01,01:00:36,Night,Bangalore,Karnataka,Fatal,Drizzle,Low
1547,2026-03-29,17:37:56,Evening,Delhi,Delhi,Serious,Cloudy,Low
1548,2025-04-07,00:34:03,Night,Mumbai,Maharashtra,Fatal,Cloudy,Moderate
1549,2026-03-16,18:21:49,Evening,Mumbai,Maharashtra,Serious,Cloudy,Heavy
1550,2026-01-15,00:30:43,Night,Chennai,Tamil Nadu,Serious,Drizzle,Moderate
1551,2025-09-30,05:42:15,Morning,Delhi,Delhi,Fatal,Rain,Heavy
1552,2026-01-25,07:46:52,Morning,Mumbai,Maharashtra,Fatal,Storm,Moderate
1553,2026-03-18,10:30:28,Morning,Delhi,Delhi,Fatal,Rain,Low
1554,2025-11-27,18:01:39,Evening,Hyderabad,Telangana,Fatal,Fog,Low
1555,2026-03-17,12:02:44,Afternoon,Chennai,Tamil Nadu,Fatal,Clear,Moderate
1556,2025-09-23,03:48:36,Night,Visakhapatnam,Andhra Pradesh,Fatal,Drizzle,Moderate
1557,2026-03-03,10:42:28,Morning,Mumbai,Maharashtra,Minor,Rain,Heavy
1558,2025-08-08,04:22:17,Night,Delhi,Delhi,Serious,Cloudy,Low
1559,2026-01-06,13:42:02,Afternoon,Visakhapatnam,Andhra Pradesh,Minor,Cloudy,Low
1560,2025-04-10,21:51:02,Night,Chennai,Tamil Nadu,Fatal,Fog,Heavy
1561,2026-03-16,10:14:22,Morning,Chennai,Tamil Nadu,Serious,Storm,Heavy
1562,2025-05-17,13:33:22,Afternoon,Bangalore,Karnataka,Serious,Drizzle,Low
1563,2025-09-09,07:28:28,Morning,Chennai,Tamil Nadu,Serious,Clear,Moderate
1564,2025-06-21,20:26:12,Evening,Hyderabad,Telangana,Serious,Cloudy,Moderate
1565,2025-04-09,02:49:17,Night,Visakhapatnam,Andhra Pradesh,Serious,Rain,Moderate
1566,2025-07-25,22:19:44,Night,Visakhapatnam,Andhra Pradesh,Minor,Storm,Low
1567,2025-04-20,00:17:48,Night,Hyderabad,Telangana,Minor,Fog,Heavy
1568,2025-09-03,00:56:01,Night,Bangalore,Karnataka,Serious,Fog,Moderate
1569,2025-09-13,21:56:03,Night,Visakhapatnam,Andhra Pradesh,Minor,Cloudy,Heavy
1570,2026-01-22,23:19:58,Night,Bangalore,Karnataka,Minor,Clear,Heavy
1571,2025-06-14,22:50:32,Night,Visakhapatnam,Andhra Pradesh,Minor,Drizzle,Heavy
1572,2025-09-30,16:14:17,Afternoon,Hyderabad,Telangana,Fatal,Clear,Low
1573,2025-07-14,20:43:46,Evening,Bangalore,Karnataka,Minor,Cloudy,Heavy
1574,2025-10-25,11:45:47,Morning,Chennai,Tamil Nadu,Minor,Rain,Low
1575,2025-05-06,12:25:13,Afternoon,Delhi,Delhi,Minor,Fog,Heavy
1576,2026-02-24,22:09:48,Night,Bangalore,Karnataka,Minor,Fog,Heavy
1577,2025-09-26,07:31:51,Morning,Delhi,Delhi,Minor,Drizzle,Moderate
1578,2025-06-06,19:20:53,Evening,Bangalore,Karnataka,Fatal,Clear,Low
1579,2025-05-14,11:35:16,Morning,Delhi,Delhi,Fatal,Drizzle,Heavy
1580,2026-01-06,16:35:42,Afternoon,Mumbai,Maharashtra,Minor,Cloudy,Low
1581,2025-10-22,11:32:38,Morning,Delhi,Delhi,Minor,Drizzle,Low
1582,2025-11-11,12:53:46,Afternoon,Mumbai,Maharashtra,Fatal,Fog,Heavy
1583,2025-10-12,08:37:34,Morning,Delhi,Delhi,Minor,Drizzle,Moderate
1584,2025-05-24,06:57:32,Morning,Chennai,Tamil Nadu,Fatal,Storm,Low
1585,2025-10-11,05:26:23,Morning,Chennai,Tamil Nadu,Fatal,Clear,Moderate
1586,2025-08-19,11:40:42,Morning,Mumbai,Maharashtra,Serious,Storm,Moderate
1587,2025-10-30,11:51:09,Morning,Mumbai,Maharashtra,Fatal,Cloudy,Low
1588,2025-06-09,01:42:40,Night,Hyderabad,Telangana,Serious,Cloudy,Moderate
1589,2025-09-08,07:55:04,Morning,Chennai,Tamil Nadu,Serious,Rain,Low
1590,2025-06-06,13:08:36,Afternoon,Hyderabad,Telangana,Fatal,Rain,Moderate
1591,2026-02-07,06:53:57,Morning,Visakhapatnam,Andhra Pradesh,Minor,Rain,Moderate
1592,2025-05-14,06:27:29,Morning,Bangalore,Karnataka,Fatal,Cloudy,Heavy
1593,2025-12-27,17:16:56,Evening,Chennai,Tamil Nadu,Minor,Clear,Moderate
1594,2026-01-05,16:22:27,Afternoon,Mumbai,Maharashtra,Minor,Drizzle,Moderate
1595,2025-09-10,17:52:50,Evening,Bangalore,Karnataka,Fatal,Rain,Heavy
1596,2026-01-17,23:00:44,Night,Bangalore,Karnataka,Serious,Fog,Low
1597,2026-01-31,06:02:47,Morning,Visakhapatnam,Andhra Pradesh,Serious,Fog,Low
1598,2025-09-22,21:46:27,Night,Hyderabad,Telangana,Fatal,Cloudy,Low
1599,2025-09-26,19:41:53,Evening,Visakhapatnam,Andhra Pradesh,Serious,Cloudy,Low
1600,2025-10-13,08:17:24,Morning,Bangalore,Karnataka,Minor,Fog,Low
1601,2025-04-11,16:22:51,Afternoon,Bangalore,Karnataka,Serious,Rain,Heavy
1602,2026-01-09,20:41:10,Evening,Chennai,Tamil Nadu,Fatal,Storm,Low
1603,2026-03-07,06:34:21,Morning,Hyderabad,Telangana,Fatal,Storm,Moderate
1604,2026-03-08,08:40:25,Morning,Hyderabad,Telangana,Serious,Storm,Heavy
1605,2025-06-23,15:51:47,Afternoon,Visakhapatnam,Andhra Pradesh,Serious,Rain,Moderate
1606,2025-11-13,15:32:17,Afternoon,Chennai,Tamil Nadu,Fatal,Fog,Low
1607,2025-08-23,07:48:45,Morning,Visakhapatnam,Andhra Pradesh,Serious,Rain,Heavy
1608,2026-02-11,16:58:09,Afternoon,Hyderabad,Telangana,Serious,Cloudy,Moderate
1609,2025-06-07,09:24:08,Morning,Bangalore,Karnataka,Fatal,Cloudy,Low
1610,2025-05-17,08:06:22,Morning,Hyderabad,Telangana,Fatal,Storm,Low
1611,2025-09-18,06:01:25,Morning,Bangalore,Karnataka,Fatal,Rain,Low
1612,2025-10-14,08:53:39,Morning,Chennai,Tamil Nadu,Fatal,Cloudy,Heavy
1613,2025-05-09,03:33:19,Night,Delhi,Delhi,Serious,Clear,Heavy
1614,2025-07-05,07:16:22,Morning,Hyderabad,Telangana,Fatal,Fog,Heavy
1615,2025-08-12,04:56:32,Night,Visakhapatnam,Andhra Pradesh,Fatal,Cloudy,Low
1616,2025-11-17,12:33:10,Afternoon,Visakhapatnam,Andhra Pradesh,Serious,Clear,Moderate
1617,2025-07-28,15:16:27,Afternoon,Delhi,Delhi,Serious,Drizzle,Moderate
1618,2026-01-05,06:07:01,Morning,Visakhapatnam,Andhra Pradesh,Serious,Fog,Low
1619,2026-03-13,09:55:10,Morning,Delhi,Delhi,Fatal,Storm,Low
1620,2025-06-26,10:01:49,Morning,Chennai,Tamil Nadu,Serious,Storm,Low
1621,2025-07-30,11:17:40,Morning,Visakhapatnam,Andhra Pradesh,Fatal,Clear,Low
1622,2025-07-24,11:23:56,Morning,Visakhapatnam,Andhra Pradesh,Serious,Drizzle,Moderate
1623,2025-05-16,10:43:14,Morning,Visakhapatnam,Andhra Pradesh,Fatal,Cloudy,Moderate
1624,2025-10-31,03:26:09,Night,Mumbai,Maharashtra,Fatal,Drizzle,Low
1625,2026-03-09,03:32:36,Night,Bangalore,Karnataka,Minor,Storm,Heavy
1626,2025-06-09,08:00:33,Morning,Delhi,Delhi,Serious,Cloudy,Heavy
1627,2025-07-28,17:03:49,Evening,Chennai,Tamil Nadu,Fatal,Storm,Heavy
1628,2026-03-23,12:09:39,Afternoon,Delhi,Delhi,Serious,Clear,Moderate
1629,2025-05-04,19:25:29,Evening,Visakhapatnam,Andhra Pradesh,Fatal,Rain,Moderate
1630,2026-01-12,14:29:21,Afternoon,Delhi,Delhi,Fatal,Rain,Heavy
1631,2025-07-24,23:22:47,Night,Mumbai,Maharashtra,Fatal,Drizzle,Heavy
1632,2026-02-16,04:01:01,Night,Hyderabad,Telangana,Fatal,Drizzle,Moderate
1633,2025-08-31,18:04:25,Evening,Bangalore,Karnataka,Serious,Drizzle,Moderate
1634,2025-07-13,04:04:03,Night,Mumbai,Maharashtra,Minor,Storm,Moderate
1635,2025-07-13,16:36:07,Afternoon,Hyderabad,Telangana,Serious,Clear,Heavy
1636,2025-06-08,22:38:24,Night,Bangalore,Karnataka,Fatal,Fog,Low
1637,2025-08-02,08:38:24,Morning,Visakhapatnam,Andhra Pradesh,Minor,Fog,Moderate
1638,2025-08-21,06:17:10,Morning,Delhi,Delhi,Fatal,Drizzle,Low
1639,2025-08-20,23:59:29,Night,Mumbai,Maharashtra,Serious,Fog,Moderate
1640,2026-02-27,13:40:23,Afternoon,Hyderabad,Telangana,Minor,Clear,Moderate
1641,2026-01-27,05:28:52,Morning,Delhi,Delhi,Fatal,Clear,Moderate
1642,2025-11-12,06:49:26,Morning,Hyderabad,Telangana,Serious,Storm,Low
1643,2025-11-21,16:34:31,Afternoon,Mumbai,Maharashtra,Fatal,Clear,Heavy
1644,2026-01-30,02:53:41,Night,Bangalore,Karnataka,Serious,Cloudy,Moderate
1645,2025-10-06,16:39:24,Afternoon,Hyderabad,Telangana,Minor,Fog,Moderate
1646,2025-06-05,10:16:12,Morning,Mumbai,Maharashtra,Fatal,Drizzle,Moderate
1647,2025-07-20,00:56:19,Night,Delhi,Delhi,Minor,Clear,Heavy
1648,2025-04-30,15:36:53,Afternoon,Delhi,Delhi,Fatal,Storm,Heavy
1649,2026-03-23,14:21:20,Afternoon,Hyderabad,Telangana,Serious,Drizzle,Heavy
1650,2025-09-10,05:03:40,Morning,Visakhapatnam,Andhra Pradesh,Serious,Clear,Moderate
1651,2026-02-19,03:32:16,Night,Hyderabad,Telangana,Fatal,Fog,Heavy
1652,2025-09-11,13:40:25,Afternoon,Bangalore,Karnataka,Minor,Rain,Moderate
1653,2025-06-07,16:08:46,Afternoon,Mumbai,Maharashtra,Serious,Drizzle,Low
1654,2025-05-25,12:46:09,Afternoon,Delhi,Delhi,Fatal,Clear,Low
1655,2025-04-17,18:44:50,Evening,Bangalore,Karnataka,Serious,Rain,Heavy
1656,2025-11-27,09:55:09,Morning,Chennai,Tamil Nadu,Serious,Fog,Moderate
1657,2026-01-02,10:52:39,Morning,Chennai,Tamil Nadu,Fatal,Storm,Low
1658,2025-08-21,07:11:20,Morning,Visakhapatnam,Andhra Pradesh,Minor,Drizzle,Heavy
1659,2025-07-07,06:40:06,Morning,Chennai,Tamil Nadu,Fatal,Storm,Heavy
1660,2025-10-06,06:33:57,Morning,Delhi,Delhi,Minor,Fog,Low
1661,2026-01-12,00:32:47,Night,Hyderabad,Telangana,Serious,Storm,Moderate
1662,2025-11-11,18:09:51,Evening,Chennai,Tamil Nadu,Serious,Rain,Moderate
1663,2025-11-14,16:11:43,Afternoon,Hyderabad,Telangana,Serious,Rain,Heavy
1664,2025-07-18,19:15:52,Evening,Mumbai,Maharashtra,Fatal,Fog,Low
1665,2025-04-14,12:17:29,Afternoon,Delhi,Delhi,Fatal,Clear,Heavy
1666,2025-06-01,15:27:01,Afternoon,Delhi,Delhi,Serious,Drizzle,Heavy
1667,2025-11-28,01:01:40,Night,Bangalore,Karnataka,Fatal,Clear,Heavy
1668,2026-02-08,10:59:27,Morning,Chennai,Tamil Nadu,Serious,Cloudy,Moderate
1669,2025-12-15,15:14:46,Afternoon,Chennai,Tamil Nadu,Serious,Clear,Moderate
1670,2025-06-09,20:42:01,Evening,Bangalore,Karnataka,Fatal,Cloudy,Low
1671,2025-04-27,01:40:55,Night,Hyderabad,Telangana,Serious,Drizzle,Moderate
1672,2025-05-06,14:59:57,Afternoon,Chennai,Tamil Nadu,Minor,Clear,Low
1673,2025-04-12,09:20:53,Morning,Hyderabad,Telangana,Minor,Storm,Heavy
1674,2025-08-31,02:34:06,Night,Mumbai,Maharashtra,Serious,Drizzle,Low
1675,2025-09-04,22:18:37,Night,Hyderabad,Telangana,Serious,Storm,Heavy
1676,2025-04-19,07:00:14,Morning,Visakhapatnam,Andhra Pradesh,Fatal,Cloudy,Low
1677,2025-08-07,04:44:34,Night,Hyderabad,Telangana,Fatal,Rain,Moderate
1678,2026-03-01,01:31:30,Night,Visakhapatnam,Andhra Pradesh,Minor,Drizzle,Moderate
1679,2025-05-02,21:31:06,Night,Mumbai,Maharashtra,Fatal,Storm,Moderate
1680,2025-07-01,15:05:51,Afternoon,Mumbai,Maharashtra,Fatal,Rain,Moderate
1681,2026-01-20,16:24:31,Afternoon,Bangalore,Karnataka,Fatal,Rain,Heavy
1682,2026-03-14,00:21:04,Night,Visakhapatnam,Andhra Pradesh,Minor,Clear,Low
1683,2025-05-23,03:31:29,Night,Bangalore,Karnataka,Fatal,Fog,Heavy
1684,2025-09-12,05:01:16,Morning,Visakhapatnam,Andhra Pradesh,Serious,Fog,Low
1685,2025-09-03,17:04:02,Evening,Delhi,Delhi,Fatal,Cloudy,Moderate
1686,2025-07-17,16:53:07,Afternoon,Visakhapatnam,Andhra Pradesh,Minor,Storm,Low
1687,2026-01-07,18:18:53,Evening,Hyderabad,Telangana,Serious,Storm,Moderate
1688,2025-07-15,18:47:00,Evening,Chennai,Tamil Nadu,Fatal,Cloudy,Moderate
1689,2025-05-11,09:48:56,Morning,Hyderabad,Telangana,Minor,Cloudy,Moderate
1690,2025-07-29,12:09:24,Afternoon,Visakhapatnam,Andhra Pradesh,Fatal,Drizzle,Moderate
1691,2026-03-21,06:49:54,Morning,Hyderabad,Telangana,Serious,Fog,Heavy
1692,2025-10-23,14:09:23,Afternoon,Visakhapatnam,Andhra Pradesh,Minor,Rain,Moderate
1693,2025-11-17,10:50:28,Morning,Hyderabad,Telangana,Fatal,Storm,Heavy
1694,2026-02-23,21:31:26,Night,Chennai,Tamil Nadu,Serious,Drizzle,Moderate
1695,2025-05-03,03:25:37,Night,Hyderabad,Telangana,Serious,Drizzle,Heavy
1696,2025-04-13,03:43:37,Night,Visakhapatnam,Andhra Pradesh,Fatal,Cloudy,Moderate
1697,2026-03-07,18:31:55,Evening,Mumbai,Maharashtra,Fatal,Drizzle,Heavy
1698,2026-01-21,01:32:00,Night,Hyderabad,Telangana,Fatal,Fog,Low
1699,2026-02-22,05:28:09,Morning,Mumbai,Maharashtra,Serious,Rain,Moderate
1700,2026-03-18,13:08:09,Afternoon,Mumbai,Maharashtra,Serious,Clear,Low
1701,2025-12-04,05:12:22,Morning,Delhi,Delhi,Minor,Clear,Low
1702,2026-01-02,05:55:21,Morning,Bangalore,Karnataka,Minor,Fog,Low
1703,2025-10-15,02:46:10,Night,Visakhapatnam,Andhra Pradesh,Fatal,Cloudy,Moderate
1704,2025-06-10,09:26:26,Morning,Delhi,Delhi,Fatal,Rain,Low
1705,2025-10-31,21:40:53,Night,Bangalore,Karnataka,Minor,Drizzle,Moderate
1706,2025-09-10,13:32:50,Afternoon,Visakhapatnam,Andhra Pradesh,Fatal,Clear,Heavy
1707,2025-11-09,23:54:03,Night,Bangalore,Karnataka,Minor,Clear,Heavy
1708,2026-03-03,06:27:08,Morning,Bangalore,Karnataka,Fatal,Cloudy,Heavy
1709,2025-05-18,13:48:22,Afternoon,Bangalore,Karnataka,Serious,Drizzle,Moderate
1710,2025-10-17,06:18:51,Morning,Hyderabad,Telangana,Fatal,Drizzle,Moderate
1711,2025-10-27,11:20:34,Morning,Delhi,Delhi,Serious,Drizzle,Moderate
1712,2025-07-30,17:22:37,Evening,Bangalore,Karnataka,Fatal,Rain,Heavy
1713,2025-06-19,02:51:52,Night,Mumbai,Maharashtra,Serious,Rain,Moderate
1714,2025-09-19,06:19:18,Morning,Visakhapatnam,Andhra Pradesh,Serious,Clear,Moderate
1715,2025-04-21,14:08:27,Afternoon,Mumbai,Maharashtra,Minor,Rain,Low
1716,2025-10-19,05:52:20,Morning,Hyderabad,Telangana,Serious,Storm,Low
1717,2025-05-01,00:50:56,Night,Hyderabad,Telangana,Fatal,Cloudy,Low
1718,2025-08-20,05:36:14,Morning,Chennai,Tamil Nadu,Minor,Clear,Low
1719,2025-04-13,10:03:41,Morning,Hyderabad,Telangana,Fatal,Cloudy,Low
1720,2025-09-13,10:10:18,Morning,Hyderabad,Telangana,Minor,Clear,Low
1721,2025-08-14,19:16:39,Evening,Chennai,Tamil Nadu,Fatal,Storm,Moderate
1722,2025-06-12,23:08:10,Night,Chennai,Tamil Nadu,Minor,Rain,Moderate
1723,2025-09-17,04:27:13,Night,Delhi,Delhi,Fatal,Rain,Low
1724,2026-02-25,03:09:44,Night,Delhi,Delhi,Serious,Cloudy,Moderate
1725,2025-11-15,22:15:34,Night,Delhi,Delhi,Serious,Clear,Low
1726,2026-03-21,15:30:35,Afternoon,Visakhapatnam,Andhra Pradesh,Minor,Drizzle,Heavy
1727,2025-09-30,15:16:21,Afternoon,Delhi,Delhi,Minor,Fog,Heavy
1728,2026-03-30,21:51:44,Night,Visakhapatnam,Andhra Pradesh,Minor,Drizzle,Low
1729,2026-01-22,10:39:21,Morning,Bangalore,Karnataka,Minor,Clear,Moderate
1730,2025-10-02,17:50:35,Evening,Delhi,Delhi,Minor,Drizzle,Moderate
1731,2025-08-24,11:08:39,Morning,Chennai,Tamil Nadu,Fatal,Drizzle,Moderate
1732,2025-08-26,05:08:12,Morning,Delhi,Delhi,Serious,Clear,Moderate
1733,2025-09-18,17:53:54,Evening,Mumbai,Maharashtra,Fatal,Drizzle,Low
1734,2026-01-01,22:36:30,Night,Visakhapatnam,Andhra Pradesh,Minor,Storm,Heavy
1735,2025-06-30,05:26:37,Morning,Delhi,Delhi,Fatal,Storm,Low
1736,2025-08-11,21:22:41,Night,Delhi,Delhi,Minor,Drizzle,Heavy
1737,2026-02-24,05:18:29,Morning,Bangalore,Karnataka,Minor,Storm,Moderate
1738,2026-02-23,01:05:13,Night,Chennai,Tamil Nadu,Fatal,Drizzle,Heavy
1739,2025-11-28,14:03:31,Afternoon,Bangalore,Karnataka,Minor,Drizzle,Low
1740,2026-03-09,23:02:37,Night,Bangalore,Karnataka,Fatal,Clear,Low
1741,2025-08-28,15:55:59,Afternoon,Bangalore,Karnataka,Serious,Clear,Moderate
1742,2026-02-10,06:42:04,Morning,Bangalore,Karnataka,Minor,Clear,Low
1743,2025-07-02,08:36:05,Morning,Hyderabad,Telangana,Fatal,Clear,Low
1744,2025-04-08,13:02:52,Afternoon,Delhi,Delhi,Serious,Drizzle,Moderate
1745,2025-09-12,17:08:25,Evening,Bangalore,Karnataka,Fatal,Storm,Heavy
1746,2026-01-05,05:19:52,Morning,Bangalore,Karnataka,Fatal,Drizzle,Low
1747,2026-03-07,08:38:27,Morning,Hyderabad,Telangana,Fatal,Fog,Moderate
1748,2025-05-25,23:49:48,Night,Hyderabad,Telangana,Serious,Fog,Moderate
1749,2025-09-14,20:43:35,Evening,Mumbai,Maharashtra,Minor,Clear,Low
1750,2025-11-14,14:37:30,Afternoon,Mumbai,Maharashtra,Fatal,Cloudy,Heavy
1751,2025-06-09,06:57:27,Morning,Hyderabad,Telangana,Fatal,Fog,Low
1752,2025-08-14,13:37:29,Afternoon,Mumbai,Maharashtra,Fatal,Clear,Heavy
1753,2026-03-05,10:54:01,Morning,Chennai,Tamil Nadu,Fatal,Drizzle,Low
1754,2025-07-06,17:32:31,Evening,Bangalore,Karnataka,Fatal,Fog,Low
1755,2025-09-30,04:17:35,Night,Mumbai,Maharashtra,Minor,Cloudy,Moderate
1756,2026-03-09,01:54:42,Night,Chennai,Tamil Nadu,Fatal,Cloudy,Heavy
1757,2025-08-16,07:45:37,Morning,Bangalore,Karnataka,Serious,Cloudy,Moderate
1758,2025-08-19,00:03:15,Night,Chennai,Tamil Nadu,Serious,Storm,Low
1759,2025-12-03,16:06:41,Afternoon,Delhi,Delhi,Fatal,Fog,Low
1760,2025-07-16,21:33:58,Night,Chennai,Tamil Nadu,Fatal,Clear,Low
1761,2025-06-17,10:43:33,Morning,Bangalore,Karnataka,Fatal,Clear,Moderate
1762,2025-04-13,13:22:39,Afternoon,Chennai,Tamil Nadu,Minor,Cloudy,Moderate
1763,2026-03-12,04:36:09,Night,Hyderabad,Telangana,Minor,Rain,Low
1764,2025-07-31,15:48:53,Afternoon,Hyderabad,Telangana,Minor,Cloudy,Heavy
1765,2025-04-22,00:51:58,Night,Mumbai,Maharashtra,Serious,Storm,Moderate
1766,2025-05-05,04:49:33,Night,Delhi,Delhi,Fatal,Drizzle,Moderate
1767,2026-02-03,04:58:33,Night,Chennai,Tamil Nadu,Serious,Fog,Low
1768,2026-03-05,02:00:20,Night,Visakhapatnam,Andhra Pradesh,Fatal,Storm,Moderate
1769,2025-05-20,08:16:32,Morning,Bangalore,Karnataka,Minor,Cloudy,Heavy
1770,2025-06-26,13:35:24,Afternoon,Mumbai,Maharashtra,Fatal,Rain,Low
1771,2025-06-18,09:43:35,Morning,Delhi,Delhi,Serious,Rain,Moderate
1772,2025-05-27,14:41:14,Afternoon,Hyderabad,Telangana,Fatal,Fog,Moderate
1773,2025-11-10,12:46:02,Afternoon,Mumbai,Maharashtra,Minor,Cloudy,Low
1774,2026-01-07,13:14:27,Afternoon,Bangalore,Karnataka,Fatal,Clear,Moderate
1775,2025-07-14,09:06:26,Morning,Bangalore,Karnataka,Serious,Fog,Low
1776,2025-10-13,18:11:48,Evening,Visakhapatnam,Andhra Pradesh,Fatal,Drizzle,Heavy
1777,2025-05-17,04:58:28,Night,Delhi,Delhi,Serious,Cloudy,Heavy
1778,2026-01-14,17:16:44,Evening,Visakhapatnam,Andhra Pradesh,Serious,Rain,Low
1779,2026-01-08,21:33:39,Night,Bangalore,Karnataka,Minor,Rain,Heavy
1780,2025-08-23,13:53:14,Afternoon,Bangalore,Karnataka,Fatal,Rain,Heavy
1781,2025-05-11,09:39:46,Morning,Hyderabad,Telangana,Serious,Fog,Heavy
1782,2026-01-31,14:11:28,Afternoon,Bangalore,Karnataka,Serious,Cloudy,Low
1783,2026-01-05,14:05:28,Afternoon,Hyderabad,Telangana,Minor,Rain,Moderate
1784,2026-01-12,13:27:39,Afternoon,Delhi,Delhi,Minor,Drizzle,Heavy
1785,2025-05-09,10:12:00,Morning,Mumbai,Maharashtra,Minor,Cloudy,Moderate
1786,2025-10-06,14:01:00,Afternoon,Delhi,Delhi,Minor,Rain,Low
1787,2025-10-14,17:34:52,Evening,Hyderabad,Telangana,Fatal,Storm,Moderate
1788,2025-05-06,14:01:17,Afternoon,Chennai,Tamil Nadu,Minor,Clear,Moderate
1789,2025-05-14,14:08:46,Afternoon,Bangalore,Karnataka,Serious,Rain,Low
1790,2025-07-23,08:46:17,Morning,Chennai,Tamil Nadu,Fatal,Rain,Moderate
1791,2025-11-15,21:24:47,Night,Mumbai,Maharashtra,Serious,Cloudy,Heavy
1792,2025-08-24,01:49:34,Night,Bangalore,Karnataka,Minor,Storm,Moderate
1793,2025-07-05,00:37:22,Night,Chennai,Tamil Nadu,Minor,Drizzle,Low
1794,2025-04-10,09:59:54,Morning,Delhi,Delhi,Fatal,Rain,Moderate
1795,2025-12-23,15:14:33,Afternoon,Bangalore,Karnataka,Serious,Storm,Moderate
1796,2026-04-06,12:53:21,Afternoon,Mumbai,Maharashtra,Minor,Storm,Heavy
1797,2025-08-23,04:17:50,Night,Bangalore,Karnataka,Minor,Rain,Moderate
1798,2025-05-10,15:46:18,Afternoon,Chennai,Tamil Nadu,Serious,Rain,Low
1799,2025-05-07,18:57:29,Evening,Visakhapatnam,Andhra Pradesh,Minor,Rain,Moderate
1800,2025-06-11,13:16:41,Afternoon,Bangalore,Karnataka,Minor,Rain,Moderate
1801,2026-01-09,02:32:45,Night,Chennai,Tamil Nadu,Fatal,Cloudy,Low
1802,2025-08-19,21:12:02,Night,Hyderabad,Telangana,Serious,Drizzle,Low
1803,2025-10-08,02:29:58,Night,Delhi,Delhi,Fatal,Storm,Heavy
1804,2025-11-02,23:58:04,Night,Hyderabad,Telangana,Minor,Fog,Low
1805,2025-12-30,04:38:20,Night,Mumbai,Maharashtra,Fatal,Rain,Low
1806,2026-02-17,03:37:25,Night,Hyderabad,Telangana,Minor,Cloudy,Moderate
1807,2025-12-16,14:50:00,Afternoon,Visakhapatnam,Andhra Pradesh,Serious,Fog,Heavy
1808,2025-05-19,00:48:23,Night,Delhi,Delhi,Serious,Rain,Heavy
1809,2025-06-12,11:25:46,Morning,Bangalore,Karnataka,Minor,Rain,Moderate
1810,2025-08-23,03:26:03,Night,Delhi,Delhi,Minor,Rain,Heavy
1811,2025-08-16,23:36:07,Night,Delhi,Delhi,Fatal,Drizzle,Moderate
1812,2025-09-28,01:14:31,Night,Visakhapatnam,Andhra Pradesh,Fatal,Cloudy,Low
1813,2025-12-27,03:28:31,Night,Hyderabad,Telangana,Serious,Fog,Heavy
1814,2025-12-31,15:31:59,Afternoon,Bangalore,Karnataka,Serious,Cloudy,Low
1815,2025-10-20,13:20:05,Afternoon,Bangalore,Karnataka,Minor,Rain,Moderate
1816,2026-04-05,01:13:26,Night,Hyderabad,Telangana,Minor,Storm,Heavy
1817,2025-04-25,23:43:56,Night,Chennai,Tamil Nadu,Serious,Cloudy,Moderate
1818,2025-12-24,18:00:33,Evening,Delhi,Delhi,Minor,Fog,Low
1819,2026-02-22,17:26:37,Evening,Hyderabad,Telangana,Minor,Clear,Heavy
1820,2025-07-18,16:25:37,Afternoon,Bangalore,Karnataka,Serious,Cloudy,Heavy
1821,2025-04-17,17:51:55,Evening,Visakhapatnam,Andhra Pradesh,Minor,Drizzle,Low
1822,2026-01-24,18:36:37,Evening,Chennai,Tamil Nadu,Minor,Fog,Heavy
1823,2025-12-09,03:44:25,Night,Hyderabad,Telangana,Minor,Rain,Moderate
1824,2025-05-04,19:05:25,Evening,Chennai,Tamil Nadu,Minor,Fog,Low
1825,2025-12-26,11:06:59,Morning,Hyderabad,Telangana,Fatal,Cloudy,Moderate
1826,2025-05-16,01:17:45,Night,Chennai,Tamil Nadu,Serious,Fog,Moderate
1827,2025-06-03,08:58:18,Morning,Chennai,Tamil Nadu,Serious,Clear,Moderate
1828,2025-11-04,06:20:48,Morning,Hyderabad,Telangana,Fatal,Storm,Moderate
1829,2025-07-03,10:27:18,Morning,Hyderabad,Telangana,Fatal,Clear,Moderate
1830,2025-04-09,11:40:58,Morning,Bangalore,Karnataka,Minor,Cloudy,Moderate
1831,2025-04-14,06:55:38,Morning,Hyderabad,Telangana,Fatal,Cloudy,Low
1832,2025-06-11,10:45:51,Morning,Hyderabad,Telangana,Fatal,Drizzle,Moderate
1833,2025-12-16,03:11:56,Night,Visakhapatnam,Andhra Pradesh,Serious,Drizzle,Heavy
1834,2025-09-17,21:29:03,Night,Chennai,Tamil Nadu,Serious,Fog,Moderate
1835,2025-09-20,07:03:34,Morning,Delhi,Delhi,Serious,Clear,Moderate
1836,2026-02-07,15:54:12,Afternoon,Mumbai,Maharashtra,Serious,Rain,Heavy
1837,2026-01-01,07:41:32,Morning,Hyderabad,Telangana,Fatal,Cloudy,Heavy
1838,2025-04-18,02:57:17,Night,Visakhapatnam,Andhra Pradesh,Fatal,Storm,Moderate
1839,2025-06-25,23:16:00,Night,Hyderabad,Telangana,Fatal,Fog,Moderate
1840,2025-11-28,22:55:40,Night,Chennai,Tamil Nadu,Minor,Drizzle,Heavy
1841,2025-09-15,06:09:31,Morning,Visakhapatnam,Andhra Pradesh,Fatal,Storm,Low
1842,2025-06-14,16:07:48,Afternoon,Bangalore,Karnataka,Minor,Storm,Moderate
1843,2025-08-17,04:49:31,Night,Bangalore,Karnataka,Fatal,Rain,Low
1844,2026-01-23,15:13:40,Afternoon,Hyderabad,Telangana,Serious,Storm,Low
1845,2026-02-07,04:12:15,Night,Bangalore,Karnataka,Fatal,Storm,Low
1846,2026-02-10,15:33:30,Afternoon,Hyderabad,Telangana,Fatal,Cloudy,Moderate
1847,2026-03-16,00:34:52,Night,Chennai,Tamil Nadu,Serious,Cloudy,Low
1848,2025-11-01,14:08:41,Afternoon,Bangalore,Karnataka,Minor,Drizzle,Heavy
1849,2025-11-02,00:55:46,Night,Chennai,Tamil Nadu,Fatal,Storm,Heavy
1850,2025-06-16,05:35:29,Morning,Delhi,Delhi,Minor,Drizzle,Heavy
1851,2025-04-27,11:48:20,Morning,Hyderabad,Telangana,Fatal,Drizzle,Moderate
1852,2025-04-19,07:46:04,Morning,Hyderabad,Telangana,Serious,Fog,Heavy
1853,2025-09-10,14:49:19,Afternoon,Chennai,Tamil Nadu,Fatal,Storm,Low
1854,2026-01-26,22:11:25,Night,Bangalore,Karnataka,Serious,Cloudy,Heavy
1855,2025-06-06,17:59:16,Evening,Chennai,Tamil Nadu,Minor,Fog,Low
1856,2026-02-18,11:06:20,Morning,Mumbai,Maharashtra,Fatal,Clear,Heavy
1857,2026-02-09,21:47:49,Night,Bangalore,Karnataka,Minor,Rain,Low
1858,2025-09-14,07:07:52,Morning,Mumbai,Maharashtra,Fatal,Storm,Heavy
1859,2025-04-08,07:01:59,Morning,Chennai,Tamil Nadu,Minor,Cloudy,Heavy
1860,2025-09-23,21:59:17,Night,Visakhapatnam,Andhra Pradesh,Minor,Cloudy,Moderate
1861,2026-01-17,04:40:12,Night,Visakhapatnam,Andhra Pradesh,Serious,Storm,Heavy
1862,2025-05-17,07:34:56,Morning,Mumbai,Maharashtra,Minor,Cloudy,Low
1863,2026-03-24,02:32:30,Night,Mumbai,Maharashtra,Serious,Drizzle,Heavy
1864,2025-09-09,19:38:50,Evening,Visakhapatnam,Andhra Pradesh,Serious,Drizzle,Low
1865,2026-03-25,02:06:41,Night,Chennai,Tamil Nadu,Fatal,Drizzle,Moderate
1866,2025-11-08,04:33:04,Night,Delhi,Delhi,Fatal,Drizzle,Heavy
1867,2025-09-21,00:05:27,Night,Visakhapatnam,Andhra Pradesh,Fatal,Drizzle,Heavy
1868,2025-11-29,07:27:52,Morning,Bangalore,Karnataka,Serious,Clear,Heavy
1869,2026-03-12,18:20:15,Evening,Chennai,Tamil Nadu,Fatal,Clear,Heavy
1870,2025-12-24,19:58:11,Evening,Visakhapatnam,Andhra Pradesh,Minor,Drizzle,Moderate
1871,2026-02-10,03:16:15,Night,Visakhapatnam,Andhra Pradesh,Minor,Cloudy,Moderate
1872,2025-05-04,00:27:02,Night,Delhi,Delhi,Fatal,Drizzle,Low
1873,2026-01-18,19:40:37,Evening,Visakhapatnam,Andhra Pradesh,Fatal,Clear,Low
1874,2025-09-24,06:53:43,Morning,Chennai,Tamil Nadu,Minor,Cloudy,Moderate
1875,2025-06-28,22:10:33,Night,Delhi,Delhi,Serious,Clear,Heavy
1876,2025-04-24,09:10:50,Morning,Hyderabad,Telangana,Minor,Drizzle,Heavy
1877,2025-07-12,22:53:28,Night,Visakhapatnam,Andhra Pradesh,Fatal,Clear,Moderate
1878,2025-11-18,04:54:10,Night,Mumbai,Maharashtra,Minor,Fog,Moderate
1879,2026-01-26,00:06:23,Night,Hyderabad,Telangana,Fatal,Clear,Heavy
1880,2025-10-17,01:09:00,Night,Mumbai,Maharashtra,Serious,Clear,Heavy
1881,2025-06-01,22:05:10,Night,Mumbai,Maharashtra,Serious,Drizzle,Low
1882,2025-07-13,15:35:49,Afternoon,Chennai,Tamil Nadu,Serious,Drizzle,Low
1883,2026-01-04,06:14:38,Morning,Hyderabad,Telangana,Serious,Drizzle,Moderate
1884,2025-09-18,16:03:59,Afternoon,Bangalore,Karnataka,Serious,Fog,Low
1885,2026-01-25,21:10:23,Night,Visakhapatnam,Andhra Pradesh,Serious,Drizzle,Heavy
1886,2026-01-05,17:46:14,Evening,Chennai,Tamil Nadu,Fatal,Drizzle,Moderate
1887,2025-09-23,05:20:03,Morning,Mumbai,Maharashtra,Serious,Rain,Heavy
1888,2026-02-22,00:09:27,Night,Mumbai,Maharashtra,Minor,Clear,Moderate
1889,2026-03-26,16:06:41,Afternoon,Chennai,Tamil Nadu,Minor,Rain,Heavy
1890,2025-12-22,10:42:44,Morning,Hyderabad,Telangana,Fatal,Drizzle,Low
1891,2025-05-14,13:23:29,Afternoon,Hyderabad,Telangana,Serious,Clear,Moderate
1892,2025-06-04,18:57:36,Evening,Delhi,Delhi,Serious,Drizzle,Low
1893,2025-07-27,00:15:29,Night,Chennai,Tamil Nadu,Fatal,Rain,Moderate
1894,2025-10-10,21:23:19,Night,Chennai,Tamil Nadu,Minor,Clear,Moderate
1895,2025-08-21,19:12:24,Evening,Delhi,Delhi,Serious,Rain,Heavy
1896,2026-01-10,02:35:29,Night,Bangalore,Karnataka,Minor,Rain,Heavy
1897,2025-06-21,07:53:26,Morning,Chennai,Tamil Nadu,Minor,Fog,Heavy
1898,2025-12-20,15:02:36,Afternoon,Delhi,Delhi,Minor,Rain,Heavy
1899,2025-10-08,03:28:57,Night,Chennai,Tamil Nadu,Minor,Fog,Low
1900,2026-03-10,17:30:42,Evening,Delhi,Delhi,Serious,Fog,Moderate
1901,2025-06-02,02:26:43,Night,Chennai,Tamil Nadu,Serious,Cloudy,Low
1902,2026-03-10,11:31:44,Morning,Mumbai,Maharashtra,Fatal,Drizzle,Heavy
1903,2026-03-19,02:04:57,Night,Bangalore,Karnataka,Minor,Rain,Heavy
1904,2026-02-21,01:35:19,Night,Bangalore,Karnataka,Fatal,Rain,Heavy
1905,2025-06-21,14:16:55,Afternoon,Chennai,Tamil Nadu,Minor,Cloudy,Low
1906,2025-06-23,22:05:07,Night,Mumbai,Maharashtra,Serious,Fog,Low
1907,2026-02-21,07:43:36,Morning,Bangalore,Karnataka,Fatal,Rain,Heavy
1908,2025-12-02,20:08:29,Evening,Mumbai,Maharashtra,Serious,Drizzle,Heavy
1909,2026-01-25,13:00:24,Afternoon,Visakhapatnam,Andhra Pradesh,Serious,Rain,Moderate
1910,2025-07-24,11:15:17,Morning,Hyderabad,Telangana,Fatal,Drizzle,Low
1911,2026-03-07,12:52:44,Afternoon,Mumbai,Maharashtra,Serious,Clear,Low
1912,2026-01-01,12:30:56,Afternoon,Chennai,Tamil Nadu,Fatal,Rain,Moderate
1913,2025-12-02,11:06:00,Morning,Chennai,Tamil Nadu,Minor,Rain,Low
1914,2025-06-04,16:16:09,Afternoon,Visakhapatnam,Andhra Pradesh,Serious,Rain,Heavy
1915,2025-06-28,02:44:29,Night,Delhi,Delhi,Serious,Drizzle,Heavy
1916,2025-08-28,06:26:03,Morning,Chennai,Tamil Nadu,Serious,Clear,Heavy
1917,2025-08-25,02:39:08,Night,Bangalore,Karnataka,Fatal,Rain,Low
1918,2025-05-26,13:30:20,Afternoon,Bangalore,Karnataka,Serious,Drizzle,Low
1919,2025-11-26,03:13:19,Night,Visakhapatnam,Andhra Pradesh,Minor,Clear,Low
1920,2025-09-20,08:33:54,Morning,Chennai,Tamil Nadu,Minor,Rain,Low
1921,2026-03-01,16:21:32,Afternoon,Bangalore,Karnataka,Minor,Drizzle,Low
1922,2025-11-06,11:09:41,Morning,Chennai,Tamil Nadu,Fatal,Cloudy,Low
1923,2025-10-20,23:43:59,Night,Mumbai,Maharashtra,Minor,Storm,Low
1924,2025-06-17,01:09:29,Night,Chennai,Tamil Nadu,Fatal,Drizzle,Heavy
1925,2025-04-28,09:00:09,Morning,Chennai,Tamil Nadu,Minor,Rain,Moderate
1926,2025-08-11,18:12:24,Evening,Mumbai,Maharashtra,Serious,Rain,Heavy
1927,2025-04-18,18:00:13,Evening,Hyderabad,Telangana,Serious,Drizzle,Moderate
1928,2026-02-22,02:22:58,Night,Delhi,Delhi,Fatal,Drizzle,Low
1929,2025-12-04,20:08:22,Evening,Visakhapatnam,Andhra Pradesh,Minor,Clear,Heavy
1930,2025-12-12,12:45:48,Afternoon,Bangalore,Karnataka,Serious,Cloudy,Moderate
1931,2025-05-19,09:50:56,Morning,Hyderabad,Telangana,Minor,Fog,Heavy
1932,2025-07-29,16:16:54,Afternoon,Bangalore,Karnataka,Minor,Clear,Moderate
1933,2025-07-25,21:07:26,Night,Mumbai,Maharashtra,Minor,Fog,Heavy
1934,2025-10-08,18:24:40,Evening,Visakhapatnam,Andhra Pradesh,Minor,Clear,Moderate
1935,2025-05-13,00:37:29,Night,Mumbai,Maharashtra,Minor,Clear,Heavy
1936,2026-04-02,03:37:36,Night,Delhi,Delhi,Serious,Clear,Low
1937,2025-10-24,04:25:58,Night,Bangalore,Karnataka,Minor,Rain,Moderate
1938,2025-06-07,04:37:31,Night,Visakhapatnam,Andhra Pradesh,Fatal,Rain,Heavy
1939,2025-06-07,22:46:19,Night,Delhi,Delhi,Fatal,Fog,Heavy
1940,2026-03-01,13:53:37,Afternoon,Mumbai,Maharashtra,Serious,Rain,Moderate
1941,2026-02-03,23:42:22,Night,Hyderabad,Telangana,Minor,Storm,Heavy
1942,2025-05-06,21:51:02,Night,Bangalore,Karnataka,Minor,Drizzle,Moderate
1943,2025-04-11,23:59:38,Night,Delhi,Delhi,Fatal,Cloudy,Low
1944,2026-01-01,18:45:05,Evening,Delhi,Delhi,Serious,Fog,Heavy
1945,2025-07-17,15:30:29,Afternoon,Visakhapatnam,Andhra Pradesh,Serious,Drizzle,Moderate
1946,2026-03-12,08:55:09,Morning,Mumbai,Maharashtra,Minor,Fog,Low
1947,2025-07-05,11:52:56,Morning,Chennai,Tamil Nadu,Minor,Rain,Moderate
1948,2025-08-28,04:52:51,Night,Visakhapatnam,Andhra Pradesh,Minor,Fog,Low
1949,2025-10-31,10:59:58,Morning,Chennai,Tamil Nadu,Serious,Cloudy,Moderate
1950,2025-12-26,03:18:06,Night,Visakhapatnam,Andhra Pradesh,Serious,Fog,Moderate
1951,2026-02-25,16:10:24,Afternoon,Mumbai,Maharashtra,Minor,Drizzle,Heavy
1952,2025-10-10,19:59:15,Evening,Visakhapatnam,Andhra Pradesh,Serious,Cloudy,Moderate
1953,2025-11-17,16:39:19,Afternoon,Bangalore,Karnataka,Minor,Fog,Moderate
1954,2026-04-04,02:26:05,Night,Hyderabad,Telangana,Minor,Drizzle,Low
1955,2026-03-18,01:51:22,Night,Delhi,Delhi,Serious,Storm,Moderate
1956,2025-07-14,12:43:55,Afternoon,Hyderabad,Telangana,Serious,Drizzle,Moderate
1957,2025-04-13,20:12:07,Evening,Bangalore,Karnataka,Minor,Storm,Low
1958,2025-05-18,01:38:43,Night,Mumbai,Maharashtra,Fatal,Cloudy,Moderate
1959,2026-03-21,07:01:41,Morning,Bangalore,Karnataka,Serious,Rain,Heavy
1960,2025-09-01,15:14:42,Afternoon,Mumbai,Maharashtra,Serious,Storm,Moderate
1961,2025-06-21,05:30:14,Morning,Delhi,Delhi,Serious,Fog,Moderate
1962,2026-02-25,20:18:54,Evening,Hyderabad,Telangana,Fatal,Cloudy,Heavy
1963,2025-05-17,19:02:20,Evening,Bangalore,Karnataka,Serious,Drizzle,Low
1964,2025-12-21,00:27:07,Night,Delhi,Delhi,Minor,Fog,Low
1965,2025-09-27,05:31:41,Morning,Chennai,Tamil Nadu,Serious,Clear,Heavy
1966,2026-01-18,16:11:01,Afternoon,Delhi,Delhi,Serious,Clear,Heavy
1967,2026-03-11,02:38:45,Night,Bangalore,Karnataka,Serious,Drizzle,Moderate
1968,2026-01-22,19:23:12,Evening,Bangalore,Karnataka,Serious,Fog,Low
1969,2026-03-06,10:22:43,Morning,Delhi,Delhi,Minor,Cloudy,Heavy
1970,2025-06-09,13:09:55,Afternoon,Chennai,Tamil Nadu,Fatal,Cloudy,Moderate
1971,2025-04-25,14:20:17,Afternoon,Chennai,Tamil Nadu,Serious,Drizzle,Moderate
1972,2025-12-22,19:56:38,Evening,Mumbai,Maharashtra,Minor,Clear,Heavy
1973,2026-01-24,08:24:15,Morning,Mumbai,Maharashtra,Fatal,Clear,Low
1974,2025-05-01,01:15:50,Night,Hyderabad,Telangana,Serious,Clear,Low
1975,2025-08-27,18:44:12,Evening,Delhi,Delhi,Fatal,Clear,Moderate
1976,2025-08-30,10:31:05,Morning,Bangalore,Karnataka,Minor,Drizzle,Moderate
1977,2025-10-10,19:04:13,Evening,Chennai,Tamil Nadu,Fatal,Rain,Low
1978,2026-02-15,00:31:40,Night,Delhi,Delhi,Fatal,Storm,Heavy
1979,2026-02-13,16:20:40,Afternoon,Visakhapatnam,Andhra Pradesh,Fatal,Storm,Low
1980,2025-06-05,05:10:12,Morning,Chennai,Tamil Nadu,Serious,Storm,Moderate
1981,2025-08-21,15:39:46,Afternoon,Mumbai,Maharashtra,Serious,Drizzle,Low
1982,2025-04-09,20:57:32,Evening,Mumbai,Maharashtra,Minor,Storm,Low
1983,2026-02-07,06:54:51,Morning,Mumbai,Maharashtra,Serious,Storm,Heavy
1984,2026-02-04,15:41:55,Afternoon,Mumbai,Maharashtra,Minor,Drizzle,Moderate
1985,2025-04-24,03:52:44,Night,Bangalore,Karnataka,Serious,Fog,Heavy
1986,2025-09-26,15:19:29,Afternoon,Bangalore,Karnataka,Minor,Cloudy,Low
1987,2025-09-07,12:23:04,Afternoon,Delhi,Delhi,Minor,Fog,Low
1988,2025-04-28,00:02:23,Night,Delhi,Delhi,Minor,Clear,Heavy
1989,2026-02-09,02:42:14,Night,Mumbai,Maharashtra,Minor,Cloudy,Heavy
1990,2025-09-10,10:23:00,Morning,Chennai,Tamil Nadu,Serious,Cloudy,Heavy
1991,2026-01-19,09:40:06,Morning,Chennai,Tamil Nadu,Fatal,Fog,Low
1992,2025-12-13,23:10:37,Night,Mumbai,Maharashtra,Fatal,Fog,Low
1993,2025-05-12,13:29:48,Afternoon,Hyderabad,Telangana,Minor,Drizzle,Moderate
1994,2025-05-13,18:31:09,Evening,Mumbai,Maharashtra,Serious,Cloudy,Heavy
1995,2026-03-27,10:35:25,Morning,Visakhapatnam,Andhra Pradesh,Minor,Clear,Heavy
1996,2025-11-06,15:30:13,Afternoon,Hyderabad,Telangana,Minor,Rain,Heavy
1997,2026-01-15,21:41:46,Night,Visakhapatnam,Andhra Pradesh,Serious,Cloudy,Low
1998,2025-12-13,11:31:38,Morning,Bangalore,Karnataka,Fatal,Cloudy,Heavy
1999,2026-01-15,21:30:32,Night,Mumbai,Maharashtra,Serious,Storm,Moderate
2000,2025-04-18,03:18:27,Night,Mumbai,Maharashtra,Serious,Drizzle,Low
2001,2025-08-05,03:39:18,Night,Chennai,Tamil Nadu,Minor,Clear,Heavy
2002,2025-04-22,06:15:17,Morning,Bangalore,Karnataka,Serious,Clear,Heavy
2003,2025-05-04,17:22:04,Evening,Mumbai,Maharashtra,Minor,Rain,Moderate
2004,2025-07-21,18:16:06,Evening,Chennai,Tamil Nadu,Serious,Rain,Moderate
2005,2025-07-06,23:21:25,Night,Delhi,Delhi,Serious,Clear,Moderate
2006,2025-10-10,20:55:03,Evening,Mumbai,Maharashtra,Fatal,Clear,Moderate
2007,2025-07-23,11:37:04,Morning,Mumbai,Maharashtra,Fatal,Drizzle,Low
2008,2026-04-03,10:36:13,Morning,Hyderabad,Telangana,Minor,Rain,Low
2009,2026-02-27,12:02:09,Afternoon,Visakhapatnam,Andhra Pradesh,Fatal,Rain,Heavy
2010,2025-12-01,01:38:23,Night,Chennai,Tamil Nadu,Serious,Fog,Heavy
2011,2025-07-18,11:44:20,Morning,Visakhapatnam,Andhra Pradesh,Serious,Clear,Heavy
2012,2025-10-01,05:19:06,Morning,Delhi,Delhi,Serious,Drizzle,Heavy
2013,2025-05-31,20:35:09,Evening,Chennai,Tamil Nadu,Minor,Clear,Heavy
2014,2026-02-09,20:24:24,Evening,Bangalore,Karnataka,Serious,Storm,Heavy
2015,2025-09-05,00:12:37,Night,Mumbai,Maharashtra,Serious,Fog,Moderate
2016,2026-01-10,23:45:07,Night,Chennai,Tamil Nadu,Serious,Rain,Heavy
2017,2025-11-12,00:28:32,Night,Hyderabad,Telangana,Serious,Clear,Low
2018,2026-01-24,08:26:05,Morning,Delhi,Delhi,Fatal,Rain,Heavy
2019,2026-03-13,19:26:05,Evening,Mumbai,Maharashtra,Fatal,Drizzle,Heavy
2020,2025-11-04,21:26:03,Night,Hyderabad,Telangana,Fatal,Rain,Low
2021,2025-05-25,01:21:17,Night,Visakhapatnam,Andhra Pradesh,Serious,Cloudy,Moderate
2022,2025-04-27,01:17:58,Night,Mumbai,Maharashtra,Fatal,Clear,Heavy
2023,2025-11-04,14:06:14,Afternoon,Delhi,Delhi,Minor,Cloudy,Heavy
2024,2025-09-16,04:15:34,Night,Bangalore,Karnataka,Minor,Drizzle,Moderate
2025,2025-05-16,06:18:14,Morning,Bangalore,Karnataka,Serious,Rain,Heavy
2026,2025-07-25,21:51:38,Night,Bangalore,Karnataka,Minor,Clear,Low
2027,2025-10-30,19:59:52,Evening,Bangalore,Karnataka,Serious,Storm,Moderate
2028,2025-05-10,08:38:01,Morning,Delhi,Delhi,Serious,Rain,Low
2029,2025-05-19,22:54:55,Night,Delhi,Delhi,Serious,Fog,Heavy
2030,2025-08-10,05:19:34,Morning,Visakhapatnam,Andhra Pradesh,Minor,Storm,Low
2031,2025-12-11,15:52:00,Afternoon,Chennai,Tamil Nadu,Minor,Fog,Moderate
2032,2025-05-27,02:38:13,Night,Delhi,Delhi,Serious,Clear,Heavy
2033,2025-04-15,04:11:27,Night,Bangalore,Karnataka,Serious,Clear,Low
2034,2025-10-11,13:26:13,Afternoon,Hyderabad,Telangana,Fatal,Rain,Heavy
2035,2025-08-24,05:22:03,Morning,Hyderabad,Telangana,Serious,Fog,Low
2036,2026-03-24,03:16:08,Night,Visakhapatnam,Andhra Pradesh,Fatal,Storm,Low
2037,2026-01-08,08:37:06,Morning,Bangalore,Karnataka,Serious,Drizzle,Heavy
2038,2025-11-11,03:29:26,Night,Visakhapatnam,Andhra Pradesh,Minor,Rain,Heavy
2039,2025-04-16,13:46:02,Afternoon,Visakhapatnam,Andhra Pradesh,Fatal,Cloudy,Moderate
2040,2025-07-16,16:31:19,Afternoon,Chennai,Tamil Nadu,Serious,Rain,Heavy
2041,2025-10-02,06:40:51,Morning,Visakhapatnam,Andhra Pradesh,Fatal,Drizzle,Moderate
2042,2026-01-07,00:03:03,Night,Mumbai,Maharashtra,Fatal,Rain,Moderate
2043,2026-02-11,05:54:10,Morning,Visakhapatnam,Andhra Pradesh,Serious,Cloudy,Heavy
2044,2025-04-18,13:13:41,Afternoon,Visakhapatnam,Andhra Pradesh,Fatal,Storm,Heavy
2045,2025-10-31,23:27:19,Night,Hyderabad,Telangana,Fatal,Fog,Low
2046,2025-08-02,06:29:58,Morning,Chennai,Tamil Nadu,Minor,Drizzle,Low
2047,2025-11-11,23:14:01,Night,Mumbai,Maharashtra,Minor,Drizzle,Heavy
2048,2025-04-09,18:51:31,Evening,Hyderabad,Telangana,Serious,Fog,Heavy
2049,2025-09-13,04:07:09,Night,Hyderabad,Telangana,Serious,Rain,Heavy
2050,2025-08-03,14:44:14,Afternoon,Chennai,Tamil Nadu,Fatal,Fog,Heavy
2051,2025-05-23,02:43:10,Night,Bangalore,Karnataka,Serious,Fog,Low
2052,2026-02-19,02:57:19,Night,Chennai,Tamil Nadu,Fatal,Storm,Heavy
2053,2025-11-21,07:45:40,Morning,Bangalore,Karnataka,Serious,Rain,Low
2054,2025-11-19,08:57:16,Morning,Hyderabad,Telangana,Serious,Fog,Low
2055,2026-03-16,23:35:06,Night,Bangalore,Karnataka,Fatal,Rain,Low
2056,2025-12-20,14:59:48,Afternoon,Chennai,Tamil Nadu,Fatal,Clear,Low
2057,2025-04-13,08:42:58,Morning,Mumbai,Maharashtra,Fatal,Fog,Heavy
2058,2025-04-20,08:10:49,Morning,Mumbai,Maharashtra,Fatal,Cloudy,Low
2059,2026-03-09,03:30:54,Night,Mumbai,Maharashtra,Fatal,Fog,Heavy
2060,2026-01-05,16:11:39,Afternoon,Visakhapatnam,Andhra Pradesh,Minor,Storm,Moderate
2061,2025-10-19,01:46:37,Night,Delhi,Delhi,Fatal,Cloudy,Low
2062,2025-12-12,05:06:00,Morning,Mumbai,Maharashtra,Minor,Drizzle,Heavy
2063,2025-12-10,20:39:41,Evening,Mumbai,Maharashtra,Serious,Rain,Moderate
2064,2025-09-10,03:13:43,Night,Chennai,Tamil Nadu,Fatal,Fog,Low
2065,2025-06-20,21:09:45,Night,Bangalore,Karnataka,Serious,Drizzle,Low
2066,2025-08-26,11:36:43,Morning,Bangalore,Karnataka,Fatal,Fog,Heavy
2067,2025-04-12,09:41:05,Morning,Visakhapatnam,Andhra Pradesh,Minor,Cloudy,Low
2068,2025-12-08,14:26:58,Afternoon,Mumbai,Maharashtra,Fatal,Clear,Heavy
2069,2026-01-05,01:20:54,Night,Hyderabad,Telangana,Serious,Cloudy,Moderate
2070,2026-02-02,16:32:09,Afternoon,Visakhapatnam,Andhra Pradesh,Fatal,Cloudy,Low
2071,2026-03-25,10:06:37,Morning,Hyderabad,Telangana,Serious,Storm,Low
2072,2025-06-09,19:24:38,Evening,Mumbai,Maharashtra,Minor,Clear,Low
2073,2025-10-22,00:23:37,Night,Delhi,Delhi,Minor,Drizzle,Heavy
2074,2025-10-31,13:05:50,Afternoon,Delhi,Delhi,Fatal,Rain,Heavy
2075,2026-03-22,19:51:07,Evening,Chennai,Tamil Nadu,Serious,Rain,Moderate
2076,2026-03-05,23:55:13,Night,Hyderabad,Telangana,Serious,Rain,Moderate
2077,2025-07-13,17:10:02,Evening,Visakhapatnam,Andhra Pradesh,Minor,Fog,Moderate
2078,2025-07-11,22:26:23,Night,Hyderabad,Telangana,Minor,Clear,Heavy
2079,2025-09-24,10:22:22,Morning,Chennai,Tamil Nadu,Minor,Storm,Moderate
2080,2025-10-19,04:27:28,Night,Chennai,Tamil Nadu,Fatal,Drizzle,Moderate
2081,2026-02-13,20:18:16,Evening,Visakhapatnam,Andhra Pradesh,Fatal,Clear,Moderate
2082,2025-09-25,12:29:41,Afternoon,Delhi,Delhi,Serious,Cloudy,Low
2083,2025-09-22,18:44:22,Evening,Chennai,Tamil Nadu,Minor,Rain,Low
2084,2025-09-29,22:34:50,Night,Chennai,Tamil Nadu,Serious,Clear,Moderate
2085,2025-05-09,17:45:40,Evening,Delhi,Delhi,Minor,Clear,Heavy
2086,2025-09-14,09:20:09,Morning,Mumbai,Maharashtra,Fatal,Cloudy,Heavy
2087,2025-07-03,08:33:07,Morning,Chennai,Tamil Nadu,Fatal,Clear,Heavy
2088,2025-06-05,18:46:23,Evening,Chennai,Tamil Nadu,Minor,Rain,Moderate
2089,2025-04-21,14:12:12,Afternoon,Mumbai,Maharashtra,Fatal,Cloudy,Heavy
2090,2025-07-28,20:26:15,Evening,Hyderabad,Telangana,Minor,Rain,Moderate
2091,2026-01-11,08:30:37,Morning,Mumbai,Maharashtra,Fatal,Fog,Moderate
2092,2025-09-24,03:11:57,Night,Bangalore,Karnataka,Minor,Drizzle,Heavy
2093,2026-03-02,22:03:04,Night,Bangalore,Karnataka,Fatal,Clear,Heavy
2094,2025-08-23,02:59:44,Night,Visakhapatnam,Andhra Pradesh,Fatal,Cloudy,Heavy
2095,2025-10-03,03:37:08,Night,Visakhapatnam,Andhra Pradesh,Fatal,Rain,Low
2096,2025-12-13,05:23:02,Morning,Chennai,Tamil Nadu,Serious,Drizzle,Heavy
2097,2025-06-15,04:44:39,Night,Delhi,Delhi,Minor,Drizzle,Moderate
2098,2025-10-16,02:19:00,Night,Hyderabad,Telangana,Fatal,Cloudy,Moderate
2099,2025-08-29,21:27:01,Night,Hyderabad,Telangana,Minor,Clear,Low
2100,2025-04-27,17:35:23,Evening,Mumbai,Maharashtra,Minor,Drizzle,Moderate
2101,2026-03-10,06:40:35,Morning,Visakhapatnam,Andhra Pradesh,Serious,Clear,Moderate
2102,2025-12-27,05:52:49,Morning,Delhi,Delhi,Fatal,Clear,Low
2103,2025-12-23,04:48:23,Night,Bangalore,Karnataka,Fatal,Cloudy,Low
2104,2025-08-14,21:35:18,Night,Delhi,Delhi,Serious,Fog,Low
2105,2025-04-26,23:17:24,Night,Hyderabad,Telangana,Minor,Drizzle,Low
2106,2025-08-22,11:27:16,Morning,Hyderabad,Telangana,Minor,Cloudy,Low
2107,2025-08-02,16:36:56,Afternoon,Delhi,Delhi,Serious,Storm,Moderate
2108,2026-03-04,10:46:23,Morning,Delhi,Delhi,Serious,Cloudy,Moderate
2109,2025-10-24,15:08:46,Afternoon,Delhi,Delhi,Minor,Storm,Heavy
2110,2025-06-13,22:52:53,Night,Visakhapatnam,Andhra Pradesh,Serious,Drizzle,Low
2111,2025-06-21,19:57:49,Evening,Bangalore,Karnataka,Fatal,Cloudy,Heavy
2112,2025-11-03,15:55:40,Afternoon,Hyderabad,Telangana,Fatal,Rain,Low
2113,2026-02-02,08:39:07,Morning,Delhi,Delhi,Minor,Clear,Heavy
2114,2025-06-03,11:43:09,Morning,Bangalore,Karnataka,Minor,Drizzle,Moderate
2115,2025-07-29,20:23:08,Evening,Bangalore,Karnataka,Fatal,Clear,Heavy
2116,2025-06-23,18:21:28,Evening,Visakhapatnam,Andhra Pradesh,Minor,Storm,Low
2117,2026-01-30,05:23:47,Morning,Visakhapatnam,Andhra Pradesh,Serious,Clear,Heavy
2118,2026-01-18,13:10:49,Afternoon,Bangalore,Karnataka,Serious,Drizzle,Low
2119,2025-06-18,16:14:25,Afternoon,Delhi,Delhi,Minor,Fog,Heavy
2120,2025-10-04,22:03:38,Night,Bangalore,Karnataka,Minor,Fog,Moderate
2121,2025-04-10,23:46:47,Night,Mumbai,Maharashtra,Fatal,Storm,Heavy
2122,2025-07-26,08:14:51,Morning,Mumbai,Maharashtra,Fatal,Cloudy,Heavy
2123,2025-09-30,06:53:41,Morning,Bangalore,Karnataka,Serious,Drizzle,Moderate
2124,2025-12-17,12:33:53,Afternoon,Visakhapatnam,Andhra Pradesh,Fatal,Clear,Low
2125,2025-09-15,13:09:59,Afternoon,Chennai,Tamil Nadu,Minor,Cloudy,Heavy
2126,2025-12-23,17:25:42,Evening,Hyderabad,Telangana,Fatal,Cloudy,Low
2127,2025-08-05,09:12:43,Morning,Mumbai,Maharashtra,Serious,Drizzle,Heavy
2128,2025-10-06,17:59:02,Evening,Visakhapatnam,Andhra Pradesh,Fatal,Storm,Low
2129,2025-11-03,08:54:42,Morning,Chennai,Tamil Nadu,Minor,Drizzle,Moderate
2130,2026-03-17,23:39:19,Night,Visakhapatnam,Andhra Pradesh,Fatal,Clear,Moderate
2131,2025-09-10,10:21:52,Morning,Delhi,Delhi,Serious,Drizzle,Moderate
2132,2026-01-23,01:30:09,Night,Delhi,Delhi,Minor,Drizzle,Moderate
2133,2025-06-19,06:22:17,Morning,Hyderabad,Telangana,Minor,Fog,Heavy
2134,2025-09-23,19:51:50,Evening,Delhi,Delhi,Serious,Fog,Heavy
2135,2026-01-24,23:07:37,Night,Bangalore,Karnataka,Minor,Drizzle,Low
2136,2025-12-04,11:21:06,Morning,Bangalore,Karnataka,Minor,Clear,Low
2137,2026-01-14,11:54:58,Morning,Visakhapatnam,Andhra Pradesh,Fatal,Fog,Low
2138,2026-02-19,01:18:35,Night,Visakhapatnam,Andhra Pradesh,Serious,Rain,Moderate
2139,2025-04-24,12:17:06,Afternoon,Visakhapatnam,Andhra Pradesh,Fatal,Cloudy,Moderate
2140,2025-05-27,03:26:33,Night,Visakhapatnam,Andhra Pradesh,Fatal,Drizzle,Moderate
2141,2026-03-07,21:40:09,Night,Hyderabad,Telangana,Minor,Fog,Low
2142,2026-04-06,19:05:32,Evening,Delhi,Delhi,Serious,Fog,Heavy
2143,2025-10-26,05:43:59,Morning,Bangalore,Karnataka,Minor,Cloudy,Heavy
2144,2025-07-09,13:14:15,Afternoon,Bangalore,Karnataka,Minor,Cloudy,Heavy
2145,2025-05-08,21:54:27,Night,Mumbai,Maharashtra,Minor,Drizzle,Heavy
2146,2025-11-18,04:41:56,Night,Delhi,Delhi,Fatal,Drizzle,Moderate
2147,2025-06-23,19:34:52,Evening,Hyderabad,Telangana,Serious,Drizzle,Low
2148,2026-02-06,07:36:29,Morning,Hyderabad,Telangana,Minor,Drizzle,Moderate
2149,2025-07-20,09:02:19,Morning,Mumbai,Maharashtra,Fatal,Drizzle,Low
2150,2026-02-03,12:17:25,Afternoon,Chennai,Tamil Nadu,Serious,Cloudy,Heavy
2151,2025-04-22,23:23:59,Night,Visakhapatnam,Andhra Pradesh,Serious,Drizzle,Low
2152,2025-08-24,18:14:51,Evening,Visakhapatnam,Andhra Pradesh,Serious,Fog,Moderate
2153,2025-09-14,03:52:43,Night,Hyderabad,Telangana,Serious,Rain,Moderate
2154,2025-04-16,01:31:48,Night,Chennai,Tamil Nadu,Fatal,Rain,Low
2155,2026-02-07,23:40:57,Night,Delhi,Delhi,Serious,Fog,Low
2156,2026-04-04,12:24:40,Afternoon,Mumbai,Maharashtra,Minor,Drizzle,Low
2157,2025-09-18,09:00:27,Morning,Visakhapatnam,Andhra Pradesh,Serious,Fog,Low
2158,2025-04-24,16:21:52,Afternoon,Chennai,Tamil Nadu,Fatal,Fog,Low
2159,2025-11-13,09:44:15,Morning,Mumbai,Maharashtra,Fatal,Storm,Moderate
2160,2025-04-13,18:16:02,Evening,Hyderabad,Telangana,Serious,Drizzle,Heavy
2161,2025-12-30,06:10:14,Morning,Hyderabad,Telangana,Serious,Fog,Moderate
2162,2026-01-12,21:28:09,Night,Delhi,Delhi,Serious,Rain,Moderate
2163,2025-06-28,01:30:53,Night,Hyderabad,Telangana,Minor,Drizzle,Moderate
2164,2025-10-11,17:50:38,Evening,Visakhapatnam,Andhra Pradesh,Minor,Cloudy,Moderate
2165,2026-02-05,02:03:46,Night,Delhi,Delhi,Serious,Clear,Moderate
2166,2025-12-16,21:28:39,Night,Chennai,Tamil Nadu,Minor,Rain,Moderate
2167,2025-08-05,10:27:57,Morning,Mumbai,Maharashtra,Minor,Clear,Low
2168,2025-07-19,16:44:35,Afternoon,Visakhapatnam,Andhra Pradesh,Serious,Storm,Low
2169,2025-05-02,06:57:37,Morning,Mumbai,Maharashtra,Serious,Cloudy,Moderate
2170,2025-09-05,05:07:33,Morning,Visakhapatnam,Andhra Pradesh,Minor,Clear,Low
2171,2025-08-24,01:06:56,Night,Chennai,Tamil Nadu,Fatal,Rain,Low
2172,2026-03-14,18:34:29,Evening,Mumbai,Maharashtra,Fatal,Fog,Heavy
2173,2025-05-15,06:54:42,Morning,Hyderabad,Telangana,Fatal,Fog,Low
2174,2025-05-29,05:42:44,Morning,Visakhapatnam,Andhra Pradesh,Serious,Clear,Moderate
2175,2025-10-06,01:08:37,Night,Hyderabad,Telangana,Minor,Rain,Heavy
2176,2025-12-01,13:12:32,Afternoon,Chennai,Tamil Nadu,Minor,Rain,Heavy
2177,2025-12-27,00:50:18,Night,Bangalore,Karnataka,Fatal,Drizzle,Heavy
2178,2025-06-11,14:08:29,Afternoon,Hyderabad,Telangana,Minor,Fog,Moderate
2179,2025-10-23,09:20:08,Morning,Visakhapatnam,Andhra Pradesh,Minor,Rain,Low
2180,2025-04-23,17:31:41,Evening,Visakhapatnam,Andhra Pradesh,Fatal,Clear,Moderate
2181,2025-08-22,04:17:53,Night,Mumbai,Maharashtra,Fatal,Rain,Heavy
2182,2025-07-15,10:31:39,Morning,Chennai,Tamil Nadu,Serious,Storm,Low
2183,2026-03-12,01:50:24,Night,Mumbai,Maharashtra,Fatal,Drizzle,Heavy
2184,2025-10-27,19:28:17,Evening,Chennai,Tamil Nadu,Serious,Drizzle,Moderate
2185,2025-09-26,18:51:00,Evening,Hyderabad,Telangana,Serious,Fog,Moderate
2186,2025-11-12,06:50:00,Morning,Hyderabad,Telangana,Fatal,Drizzle,Heavy
2187,2025-06-11,00:39:55,Night,Delhi,Delhi,Minor,Rain,Heavy
2188,2025-07-03,19:55:55,Evening,Bangalore,Karnataka,Minor,Storm,Low
2189,2025-12-23,23:04:36,Night,Chennai,Tamil Nadu,Minor,Rain,Low
2190,2026-03-18,14:43:03,Afternoon,Bangalore,Karnataka,Serious,Clear,Heavy
2191,2025-08-12,18:19:05,Evening,Mumbai,Maharashtra,Fatal,Drizzle,Low
2192,2025-04-11,18:19:38,Evening,Mumbai,Maharashtra,Minor,Rain,Low
2193,2025-09-07,01:17:42,Night,Visakhapatnam,Andhra Pradesh,Fatal,Fog,Moderate
2194,2025-12-09,04:41:34,Night,Bangalore,Karnataka,Fatal,Cloudy,Moderate
2195,2025-04-08,09:56:39,Morning,Hyderabad,Telangana,Minor,Storm,Heavy
2196,2025-06-19,10:51:24,Morning,Visakhapatnam,Andhra Pradesh,Serious,Drizzle,Low
2197,2025-07-03,02:51:08,Night,Chennai,Tamil Nadu,Fatal,Storm,Moderate
2198,2025-05-08,00:11:54,Night,Delhi,Delhi,Fatal,Clear,Heavy
2199,2025-10-30,19:26:59,Evening,Hyderabad,Telangana,Minor,Storm,Moderate
2200,2025-08-31,04:51:58,Night,Delhi,Delhi,Serious,Fog,Low
2201,2026-01-25,15:20:19,Afternoon,Hyderabad,Telangana,Minor,Storm,Low
2202,2026-03-22,21:32:50,Night,Delhi,Delhi,Minor,Clear,Heavy
2203,2025-08-13,05:53:18,Morning,Bangalore,Karnataka,Fatal,Rain,Heavy
2204,2025-09-09,17:58:44,Evening,Visakhapatnam,Andhra Pradesh,Serious,Cloudy,Heavy
2205,2025-07-11,16:44:25,Afternoon,Mumbai,Maharashtra,Serious,Drizzle,Moderate
2206,2025-12-27,05:25:51,Morning,Visakhapatnam,Andhra Pradesh,Fatal,Rain,Low
2207,2026-02-01,02:29:54,Night,Chennai,Tamil Nadu,Minor,Storm,Moderate
2208,2025-07-08,22:23:04,Night,Delhi,Delhi,Fatal,Fog,Low
2209,2025-04-17,13:20:24,Afternoon,Bangalore,Karnataka,Minor,Cloudy,Heavy
2210,2025-05-12,09:31:32,Morning,Chennai,Tamil Nadu,Fatal,Clear,Heavy
2211,2025-11-09,12:02:25,Afternoon,Chennai,Tamil Nadu,Minor,Storm,Low
2212,2025-08-18,14:13:47,Afternoon,Bangalore,Karnataka,Minor,Drizzle,Heavy
2213,2025-11-16,12:50:31,Afternoon,Chennai,Tamil Nadu,Minor,Fog,Moderate
2214,2025-10-31,01:09:59,Night,Chennai,Tamil Nadu,Fatal,Cloudy,Heavy
2215,2025-08-24,17:15:34,Evening,Visakhapatnam,Andhra Pradesh,Serious,Clear,Low
2216,2025-07-01,07:17:58,Morning,Delhi,Delhi,Minor,Cloudy,Heavy
2217,2026-02-15,19:59:20,Evening,Delhi,Delhi,Minor,Drizzle,Low
2218,2025-08-09,07:35:53,Morning,Delhi,Delhi,Minor,Clear,Heavy
2219,2025-04-26,16:56:00,Afternoon,Hyderabad,Telangana,Minor,Drizzle,Low
2220,2025-10-06,17:55:44,Evening,Visakhapatnam,Andhra Pradesh,Minor,Cloudy,Low
2221,2026-02-18,12:09:09,Afternoon,Bangalore,Karnataka,Serious,Rain,Heavy
2222,2026-03-15,06:41:21,Morning,Hyderabad,Telangana,Serious,Storm,Low
2223,2025-10-22,20:54:08,Evening,Mumbai,Maharashtra,Serious,Cloudy,Moderate
2224,2025-08-11,05:30:38,Morning,Visakhapatnam,Andhra Pradesh,Minor,Cloudy,Moderate
2225,2026-03-01,11:00:26,Morning,Visakhapatnam,Andhra Pradesh,Fatal,Cloudy,Low
2226,2025-05-10,08:18:57,Morning,Delhi,Delhi,Minor,Storm,Heavy
2227,2025-08-10,12:45:36,Afternoon,Hyderabad,Telangana,Fatal,Rain,Low
2228,2025-06-02,17:51:20,Evening,Hyderabad,Telangana,Minor,Storm,Moderate
2229,2026-02-19,17:14:18,Evening,Chennai,Tamil Nadu,Minor,Drizzle,Low
2230,2025-11-23,12:14:02,Afternoon,Hyderabad,Telangana,Fatal,Rain,Heavy
2231,2026-03-04,20:50:11,Evening,Chennai,Tamil Nadu,Fatal,Storm,Low
2232,2025-05-30,01:36:20,Night,Bangalore,Karnataka,Minor,Clear,Low
2233,2026-03-12,10:23:49,Morning,Visakhapatnam,Andhra Pradesh,Serious,Cloudy,Low
2234,2025-12-16,18:59:28,Evening,Hyderabad,Telangana,Minor,Cloudy,Low
2235,2025-06-10,08:14:57,Morning,Delhi,Delhi,Serious,Clear,Moderate
2236,2025-12-26,16:43:53,Afternoon,Bangalore,Karnataka,Serious,Drizzle,Heavy
2237,2026-04-03,20:43:17,Evening,Bangalore,Karnataka,Fatal,Cloudy,Heavy
2238,2026-01-01,23:44:36,Night,Chennai,Tamil Nadu,Serious,Storm,Heavy
2239,2025-11-18,16:02:45,Afternoon,Bangalore,Karnataka,Fatal,Clear,Low
2240,2026-03-16,12:52:59,Afternoon,Bangalore,Karnataka,Serious,Rain,Moderate
2241,2025-04-11,10:57:35,Morning,Chennai,Tamil Nadu,Fatal,Drizzle,Low
2242,2025-06-22,04:13:39,Night,Bangalore,Karnataka,Serious,Drizzle,Moderate
2243,2025-09-20,11:10:53,Morning,Chennai,Tamil Nadu,Fatal,Cloudy,Heavy
2244,2025-10-26,02:24:00,Night,Bangalore,Karnataka,Serious,Fog,Moderate
2245,2026-03-16,09:01:10,Morning,Chennai,Tamil Nadu,Serious,Drizzle,Moderate
2246,2025-09-17,02:51:01,Night,Delhi,Delhi,Fatal,Fog,Moderate
2247,2026-01-21,07:21:24,Morning,Bangalore,Karnataka,Fatal,Fog,Low
2248,2026-04-06,04:39:06,Night,Visakhapatnam,Andhra Pradesh,Serious,Rain,Low
2249,2025-09-22,19:04:49,Evening,Bangalore,Karnataka,Fatal,Cloudy,Heavy
2250,2025-12-22,13:40:30,Afternoon,Hyderabad,Telangana,Minor,Cloudy,Heavy
2251,2025-09-16,05:07:06,Morning,Visakhapatnam,Andhra Pradesh,Fatal,Fog,Low
2252,2026-01-22,15:48:58,Afternoon,Hyderabad,Telangana,Minor,Fog,Low
2253,2025-12-14,07:31:19,Morning,Bangalore,Karnataka,Fatal,Fog,Low
2254,2025-11-29,23:03:03,Night,Hyderabad,Telangana,Minor,Drizzle,Moderate
2255,2025-06-07,21:40:53,Night,Chennai,Tamil Nadu,Minor,Storm,Heavy
2256,2025-12-02,23:25:42,Night,Hyderabad,Telangana,Serious,Rain,Low
2257,2025-07-09,08:59:07,Morning,Mumbai,Maharashtra,Serious,Clear,Moderate
2258,2025-04-27,07:23:32,Morning,Delhi,Delhi,Serious,Drizzle,Low
2259,2025-08-29,23:30:17,Night,Hyderabad,Telangana,Minor,Rain,Heavy
2260,2025-09-07,18:50:43,Evening,Delhi,Delhi,Minor,Storm,Heavy
2261,2026-03-22,14:39:20,Afternoon,Hyderabad,Telangana,Minor,Fog,Heavy
2262,2025-12-13,13:13:55,Afternoon,Visakhapatnam,Andhra Pradesh,Serious,Clear,Moderate
2263,2025-04-23,19:06:34,Evening,Delhi,Delhi,Serious,Clear,Low
2264,2026-01-07,00:18:02,Night,Hyderabad,Telangana,Minor,Rain,Low
2265,2025-08-14,10:43:46,Morning,Mumbai,Maharashtra,Fatal,Fog,Heavy
2266,2025-10-13,08:25:09,Morning,Chennai,Tamil Nadu,Fatal,Clear,Low
2267,2026-02-20,12:34:10,Afternoon,Delhi,Delhi,Minor,Clear,Moderate
2268,2025-11-04,00:22:48,Night,Mumbai,Maharashtra,Minor,Clear,Moderate
2269,2025-08-26,17:49:10,Evening,Mumbai,Maharashtra,Fatal,Cloudy,Heavy
2270,2026-02-12,08:01:46,Morning,Chennai,Tamil Nadu,Serious,Cloudy,Low
2271,2025-12-03,15:26:06,Afternoon,Visakhapatnam,Andhra Pradesh,Minor,Drizzle,Heavy
2272,2025-11-18,07:50:33,Morning,Mumbai,Maharashtra,Serious,Storm,Moderate
2273,2025-05-04,11:27:44,Morning,Delhi,Delhi,Fatal,Storm,Heavy
2274,2025-05-03,14:47:10,Afternoon,Hyderabad,Telangana,Serious,Drizzle,Low
2275,2026-02-13,13:38:36,Afternoon,Bangalore,Karnataka,Fatal,Rain,Low
2276,2026-03-11,04:03:23,Night,Delhi,Delhi,Fatal,Cloudy,Low
2277,2025-10-08,04:14:47,Night,Chennai,Tamil Nadu,Fatal,Drizzle,Low
2278,2025-12-06,07:58:54,Morning,Delhi,Delhi,Fatal,Rain,Heavy
2279,2026-02-01,13:13:42,Afternoon,Bangalore,Karnataka,Serious,Fog,Low
2280,2025-10-12,19:23:24,Evening,Chennai,Tamil Nadu,Serious,Drizzle,Moderate
2281,2025-10-14,21:31:17,Night,Bangalore,Karnataka,Fatal,Drizzle,Heavy
2282,2025-08-09,14:35:54,Afternoon,Chennai,Tamil Nadu,Fatal,Drizzle,Heavy
2283,2025-08-29,00:02:34,Night,Delhi,Delhi,Minor,Rain,Low
2284,2025-08-19,16:57:13,Afternoon,Mumbai,Maharashtra,Serious,Rain,Low
2285,2025-07-20,09:57:53,Morning,Mumbai,Maharashtra,Fatal,Fog,Heavy
2286,2025-05-24,03:09:58,Night,Mumbai,Maharashtra,Minor,Cloudy,Heavy
2287,2025-08-15,02:29:55,Night,Mumbai,Maharashtra,Serious,Storm,Low
2288,2026-01-07,18:55:40,Evening,Chennai,Tamil Nadu,Minor,Fog,Moderate
2289,2026-03-05,03:54:33,Night,Chennai,Tamil Nadu,Fatal,Cloudy,Moderate
2290,2025-11-20,19:40:01,Evening,Hyderabad,Telangana,Minor,Storm,Moderate
2291,2025-11-06,11:42:43,Morning,Delhi,Delhi,Minor,Clear,Low
2292,2025-09-06,06:52:53,Morning,Chennai,Tamil Nadu,Serious,Fog,Heavy
2293,2026-02-07,17:39:57,Evening,Chennai,Tamil Nadu,Minor,Fog,Heavy
2294,2025-12-10,09:41:34,Morning,Hyderabad,Telangana,Serious,Drizzle,Heavy
2295,2025-11-04,18:56:06,Evening,Visakhapatnam,Andhra Pradesh,Minor,Drizzle,Moderate
2296,2025-08-10,06:11:28,Morning,Delhi,Delhi,Serious,Drizzle,Moderate
2297,2025-10-01,02:43:18,Night,Hyderabad,Telangana,Minor,Fog,Heavy
2298,2026-03-14,11:24:23,Morning,Hyderabad,Telangana,Fatal,Cloudy,Low
2299,2025-06-12,08:55:02,Morning,Visakhapatnam,Andhra Pradesh,Fatal,Rain,Low
2300,2025-11-13,02:14:13,Night,Hyderabad,Telangana,Fatal,Cloudy,Heavy
2301,2025-08-17,18:36:28,Evening,Chennai,Tamil Nadu,Serious,Fog,Low
2302,2025-10-23,19:29:18,Evening,Delhi,Delhi,Fatal,Storm,Heavy
2303,2025-07-02,03:30:25,Night,Delhi,Delhi,Fatal,Clear,Heavy
2304,2025-08-22,23:34:06,Night,Hyderabad,Telangana,Fatal,Clear,Low
2305,2025-11-25,08:13:30,Morning,Visakhapatnam,Andhra Pradesh,Fatal,Fog,Moderate
2306,2026-02-01,01:31:16,Night,Delhi,Delhi,Minor,Storm,Low
2307,2025-05-09,18:16:10,Evening,Delhi,Delhi,Serious,Fog,Moderate
2308,2025-05-28,11:49:49,Morning,Delhi,Delhi,Minor,Rain,Heavy
2309,2026-01-31,02:15:07,Night,Bangalore,Karnataka,Fatal,Rain,Heavy
2310,2025-04-19,20:24:02,Evening,Bangalore,Karnataka,Serious,Fog,Heavy
2311,2025-04-28,20:45:26,Evening,Delhi,Delhi,Fatal,Cloudy,Moderate
2312,2025-08-28,07:18:44,Morning,Visakhapatnam,Andhra Pradesh,Fatal,Fog,Low
2313,2026-04-03,13:20:23,Afternoon,Hyderabad,Telangana,Serious,Rain,Heavy
2314,2026-03-16,22:36:15,Night,Delhi,Delhi,Fatal,Cloudy,Moderate
2315,2026-03-20,05:02:05,Morning,Mumbai,Maharashtra,Minor,Fog,Heavy
2316,2025-07-04,22:41:05,Night,Bangalore,Karnataka,Serious,Drizzle,Moderate
2317,2025-12-31,13:29:53,Afternoon,Delhi,Delhi,Serious,Clear,Moderate
2318,2026-01-20,04:33:48,Night,Visakhapatnam,Andhra Pradesh,Fatal,Rain,Moderate
2319,2025-05-22,05:51:04,Morning,Bangalore,Karnataka,Minor,Rain,Low
2320,2025-04-08,06:59:38,Morning,Chennai,Tamil Nadu,Serious,Storm,Low
2321,2026-03-01,03:13:04,Night,Bangalore,Karnataka,Minor,Storm,Heavy
2322,2025-04-20,06:20:22,Morning,Chennai,Tamil Nadu,Serious,Fog,Low
2323,2026-01-21,13:33:12,Afternoon,Visakhapatnam,Andhra Pradesh,Serious,Clear,Moderate
2324,2026-04-07,22:33:25,Night,Delhi,Delhi,Fatal,Clear,Low
2325,2025-04-12,01:24:01,Night,Bangalore,Karnataka,Fatal,Clear,Heavy
2326,2025-05-09,20:30:32,Evening,Visakhapatnam,Andhra Pradesh,Fatal,Fog,Low
2327,2025-04-21,14:42:13,Afternoon,Mumbai,Maharashtra,Minor,Drizzle,Low
2328,2025-09-07,21:03:26,Night,Chennai,Tamil Nadu,Minor,Drizzle,Moderate
2329,2025-08-06,15:58:45,Afternoon,Delhi,Delhi,Serious,Fog,Low
2330,2025-07-15,06:53:00,Morning,Mumbai,Maharashtra,Serious,Storm,Moderate
2331,2025-04-09,08:46:27,Morning,Hyderabad,Telangana,Minor,Clear,Heavy
2332,2025-06-02,08:44:09,Morning,Mumbai,Maharashtra,Fatal,Drizzle,Heavy
2333,2025-10-06,04:26:13,Night,Chennai,Tamil Nadu,Minor,Cloudy,Moderate
2334,2025-12-08,21:19:51,Night,Hyderabad,Telangana,Serious,Rain,Low
2335,2025-11-18,21:38:48,Night,Bangalore,Karnataka,Minor,Fog,Moderate
2336,2025-05-22,21:30:17,Night,Mumbai,Maharashtra,Serious,Fog,Low
2337,2025-06-05,14:00:40,Afternoon,Mumbai,Maharashtra,Minor,Fog,Heavy
2338,2025-06-10,07:43:54,Morning,Delhi,Delhi,Serious,Cloudy,Low
2339,2025-09-02,23:20:24,Night,Hyderabad,Telangana,Minor,Drizzle,Low
2340,2025-11-20,21:00:35,Night,Hyderabad,Telangana,Fatal,Storm,Low
2341,2025-04-20,09:40:17,Morning,Chennai,Tamil Nadu,Minor,Rain,Moderate
2342,2025-07-31,01:36:47,Night,Delhi,Delhi,Minor,Fog,Low
2343,2025-09-27,00:09:28,Night,Bangalore,Karnataka,Minor,Cloudy,Moderate
2344,2025-09-12,12:08:48,Afternoon,Visakhapatnam,Andhra Pradesh,Serious,Rain,Heavy
2345,2026-02-14,05:38:54,Morning,Visakhapatnam,Andhra Pradesh,Minor,Cloudy,Low
2346,2025-04-19,11:10:44,Morning,Visakhapatnam,Andhra Pradesh,Fatal,Cloudy,Heavy
2347,2026-02-05,11:34:00,Morning,Chennai,Tamil Nadu,Fatal,Cloudy,Heavy
2348,2026-02-22,18:34:12,Evening,Bangalore,Karnataka,Fatal,Cloudy,Low
2349,2026-04-04,18:55:24,Evening,Mumbai,Maharashtra,Serious,Drizzle,Heavy
2350,2026-02-17,12:55:09,Afternoon,Chennai,Tamil Nadu,Serious,Fog,Moderate
2351,2025-04-17,07:42:36,Morning,Chennai,Tamil Nadu,Minor,Fog,Heavy
2352,2025-10-14,12:13:31,Afternoon,Mumbai,Maharashtra,Minor,Rain,Moderate
2353,2026-01-10,22:11:28,Night,Hyderabad,Telangana,Serious,Storm,Low
2354,2025-07-18,05:17:09,Morning,Visakhapatnam,Andhra Pradesh,Serious,Cloudy,Heavy
2355,2026-01-17,12:32:08,Afternoon,Bangalore,Karnataka,Serious,Cloudy,Low
2356,2026-03-10,01:27:53,Night,Bangalore,Karnataka,Fatal,Storm,Low
2357,2025-11-30,20:58:15,Evening,Chennai,Tamil Nadu,Minor,Rain,Heavy
2358,2026-02-04,05:17:17,Morning,Delhi,Delhi,Minor,Drizzle,Moderate
2359,2025-06-24,17:44:31,Evening,Bangalore,Karnataka,Serious,Storm,Low
2360,2025-10-09,09:45:42,Morning,Delhi,Delhi,Serious,Rain,Heavy
2361,2025-05-26,15:57:02,Afternoon,Hyderabad,Telangana,Minor,Rain,Heavy
2362,2025-08-30,06:12:20,Morning,Chennai,Tamil Nadu,Fatal,Cloudy,Moderate
2363,2026-03-28,14:16:17,Afternoon,Delhi,Delhi,Serious,Storm,Moderate
2364,2026-01-17,13:31:15,Afternoon,Chennai,Tamil Nadu,Minor,Drizzle,Moderate
2365,2025-04-30,15:40:45,Afternoon,Chennai,Tamil Nadu,Fatal,Storm,Low
2366,2025-08-27,23:47:45,Night,Mumbai,Maharashtra,Minor,Storm,Moderate
2367,2025-07-12,05:56:40,Morning,Bangalore,Karnataka,Serious,Clear,Moderate
2368,2026-02-28,13:46:02,Afternoon,Bangalore,Karnataka,Serious,Rain,Moderate
2369,2025-11-04,06:03:40,Morning,Mumbai,Maharashtra,Fatal,Rain,Heavy
2370,2025-07-06,09:57:47,Morning,Mumbai,Maharashtra,Serious,Storm,Low
2371,2025-04-29,12:40:13,Afternoon,Bangalore,Karnataka,Fatal,Storm,Moderate
2372,2026-02-18,17:41:27,Evening,Hyderabad,Telangana,Fatal,Drizzle,Moderate
2373,2025-05-17,04:28:43,Night,Bangalore,Karnataka,Minor,Cloudy,Moderate
2374,2025-07-26,04:46:23,Night,Bangalore,Karnataka,Serious,Storm,Heavy
2375,2025-08-15,07:33:09,Morning,Visakhapatnam,Andhra Pradesh,Serious,Fog,Heavy
2376,2025-04-21,20:43:11,Evening,Chennai,Tamil Nadu,Serious,Clear,Heavy
2377,2025-06-08,04:27:38,Night,Bangalore,Karnataka,Fatal,Rain,Low
2378,2025-09-07,22:27:58,Night,Visakhapatnam,Andhra Pradesh,Minor,Fog,Moderate
2379,2025-12-07,21:19:42,Night,Delhi,Delhi,Fatal,Cloudy,Heavy
2380,2026-01-08,21:55:24,Night,Chennai,Tamil Nadu,Serious,Rain,Moderate
2381,2025-05-07,14:38:27,Afternoon,Chennai,Tamil Nadu,Minor,Fog,Moderate
2382,2025-08-24,06:10:34,Morning,Visakhapatnam,Andhra Pradesh,Serious,Storm,Moderate
2383,2025-10-01,01:23:19,Night,Delhi,Delhi,Serious,Cloudy,Heavy
2384,2025-04-21,10:50:46,Morning,Mumbai,Maharashtra,Fatal,Fog,Low
2385,2025-07-19,12:33:21,Afternoon,Visakhapatnam,Andhra Pradesh,Minor,Drizzle,Low
2386,2025-05-12,23:04:45,Night,Hyderabad,Telangana,Minor,Fog,Heavy
2387,2025-08-14,20:51:17,Evening,Visakhapatnam,Andhra Pradesh,Minor,Rain,Moderate
2388,2025-10-11,04:50:05,Night,Bangalore,Karnataka,Minor,Drizzle,Low
2389,2026-03-25,07:18:22,Morning,Mumbai,Maharashtra,Serious,Drizzle,Low
2390,2026-01-26,19:09:03,Evening,Hyderabad,Telangana,Minor,Rain,Low
2391,2025-08-01,00:57:08,Night,Chennai,Tamil Nadu,Fatal,Rain,Low
2392,2025-09-09,05:25:53,Morning,Chennai,Tamil Nadu,Serious,Clear,Low
2393,2025-10-09,11:29:01,Morning,Bangalore,Karnataka,Serious,Cloudy,Heavy
2394,2025-09-02,13:46:22,Afternoon,Visakhapatnam,Andhra Pradesh,Serious,Cloudy,Low
2395,2025-06-26,23:54:34,Night,Chennai,Tamil Nadu,Minor,Rain,Moderate
2396,2026-01-25,14:03:08,Afternoon,Bangalore,Karnataka,Minor,Rain,Heavy
2397,2025-05-23,08:18:59,Morning,Bangalore,Karnataka,Serious,Drizzle,Low
2398,2025-07-03,14:11:56,Afternoon,Hyderabad,Telangana,Fatal,Clear,Heavy
2399,2025-07-18,22:31:36,Night,Visakhapatnam,Andhra Pradesh,Serious,Cloudy,Low
2400,2025-07-17,01:10:52,Night,Visakhapatnam,Andhra Pradesh,Serious,Cloudy,Low
2401,2025-08-03,17:23:19,Evening,Mumbai,Maharashtra,Serious,Storm,Moderate
2402,2025-12-09,13:36:48,Afternoon,Mumbai,Maharashtra,Fatal,Cloudy,Moderate
2403,2025-11-06,23:51:56,Night,Hyderabad,Telangana,Minor,Rain,Low
2404,2026-01-29,06:24:40,Morning,Bangalore,Karnataka,Fatal,Clear,Heavy
2405,2026-01-03,09:27:26,Morning,Bangalore,Karnataka,Fatal,Cloudy,Low
2406,2026-03-25,23:02:54,Night,Bangalore,Karnataka,Fatal,Cloudy,Heavy
2407,2025-04-10,18:12:15,Evening,Hyderabad,Telangana,Serious,Fog,Low
2408,2025-05-17,23:07:45,Night,Delhi,Delhi,Serious,Clear,Moderate
2409,2025-12-01,19:56:47,Evening,Chennai,Tamil Nadu,Minor,Clear,Heavy
2410,2025-04-14,06:09:12,Morning,Mumbai,Maharashtra,Fatal,Drizzle,Moderate
2411,2026-01-30,07:54:25,Morning,Hyderabad,Telangana,Serious,Storm,Moderate
2412,2025-10-22,07:37:46,Morning,Chennai,Tamil Nadu,Serious,Clear,Moderate
2413,2025-11-17,20:59:20,Evening,Visakhapatnam,Andhra Pradesh,Fatal,Drizzle,Heavy
2414,2025-09-01,10:28:40,Morning,Visakhapatnam,Andhra Pradesh,Fatal,Drizzle,Low
2415,2025-05-11,07:34:08,Morning,Chennai,Tamil Nadu,Serious,Fog,Low
2416,2026-01-18,19:18:06,Evening,Hyderabad,Telangana,Serious,Storm,Low
2417,2025-07-04,15:12:26,Afternoon,Chennai,Tamil Nadu,Minor,Clear,Heavy
2418,2025-12-23,11:16:58,Morning,Chennai,Tamil Nadu,Fatal,Cloudy,Heavy
2419,2025-11-28,07:30:41,Morning,Mumbai,Maharashtra,Serious,Drizzle,Moderate
2420,2025-09-02,04:48:16,Night,Mumbai,Maharashtra,Minor,Clear,Heavy
2421,2025-12-06,21:19:40,Night,Bangalore,Karnataka,Minor,Drizzle,Low
2422,2025-07-22,09:23:23,Morning,Mumbai,Maharashtra,Minor,Rain,Low
2423,2025-05-18,22:59:06,Night,Delhi,Delhi,Minor,Clear,Heavy
2424,2025-11-15,21:50:57,Night,Bangalore,Karnataka,Minor,Rain,Moderate
2425,2025-08-27,11:42:00,Morning,Bangalore,Karnataka,Fatal,Clear,Low
2426,2025-12-21,09:29:03,Morning,Mumbai,Maharashtra,Serious,Fog,Moderate
2427,2026-03-22,17:50:44,Evening,Chennai,Tamil Nadu,Fatal,Rain,Heavy
2428,2025-09-07,02:47:05,Night,Bangalore,Karnataka,Fatal,Rain,Low
2429,2026-03-08,19:56:12,Evening,Delhi,Delhi,Minor,Fog,Low
2430,2026-03-09,22:32:52,Night,Delhi,Delhi,Minor,Storm,Moderate
2431,2025-06-07,19:02:31,Evening,Chennai,Tamil Nadu,Fatal,Fog,Heavy
2432,2025-10-24,12:16:30,Afternoon,Hyderabad,Telangana,Minor,Cloudy,Low
2433,2025-08-29,06:58:24,Morning,Hyderabad,Telangana,Fatal,Storm,Moderate
2434,2025-11-30,08:53:21,Morning,Visakhapatnam,Andhra Pradesh,Fatal,Clear,Low
2435,2026-01-01,00:05:28,Night,Chennai,Tamil Nadu,Fatal,Drizzle,Low
2436,2026-01-31,02:18:19,Night,Delhi,Delhi,Serious,Fog,Low
2437,2026-03-26,08:04:14,Morning,Bangalore,Karnataka,Minor,Drizzle,Low
2438,2025-05-08,23:29:23,Night,Bangalore,Karnataka,Fatal,Cloudy,Low
2439,2025-04-30,16:21:49,Afternoon,Hyderabad,Telangana,Fatal,Rain,Heavy
2440,2025-11-19,21:18:02,Night,Bangalore,Karnataka,Fatal,Storm,Low
2441,2025-05-10,19:30:52,Evening,Bangalore,Karnataka,Fatal,Cloudy,Low
2442,2025-10-09,13:08:30,Afternoon,Chennai,Tamil Nadu,Fatal,Rain,Heavy
2443,2025-10-07,19:08:10,Evening,Chennai,Tamil Nadu,Minor,Rain,Low
2444,2025-12-29,14:13:41,Afternoon,Visakhapatnam,Andhra Pradesh,Serious,Fog,Moderate
2445,2025-10-22,13:59:11,Afternoon,Visakhapatnam,Andhra Pradesh,Serious,Storm,Moderate
2446,2025-05-27,20:13:39,Evening,Hyderabad,Telangana,Minor,Storm,Low
2447,2026-03-21,05:23:00,Morning,Delhi,Delhi,Serious,Storm,Moderate
2448,2026-03-30,17:14:10,Evening,Visakhapatnam,Andhra Pradesh,Fatal,Clear,Moderate
2449,2025-05-13,23:55:43,Night,Visakhapatnam,Andhra Pradesh,Serious,Fog,Low
2450,2026-01-22,21:15:06,Night,Chennai,Tamil Nadu,Fatal,Drizzle,Low
2451,2025-07-09,05:46:23,Morning,Delhi,Delhi,Serious,Fog,Low
2452,2025-12-14,13:10:57,Afternoon,Mumbai,Maharashtra,Serious,Fog,Low
2453,2026-01-23,07:01:21,Morning,Mumbai,Maharashtra,Fatal,Cloudy,Moderate
2454,2026-01-03,19:57:03,Evening,Delhi,Delhi,Minor,Storm,Low
2455,2025-04-17,15:07:47,Afternoon,Bangalore,Karnataka,Fatal,Cloudy,Low
2456,2026-02-08,23:13:06,Night,Delhi,Delhi,Fatal,Cloudy,Moderate
2457,2025-07-07,19:40:23,Evening,Mumbai,Maharashtra,Minor,Drizzle,Moderate
2458,2025-10-20,14:38:03,Afternoon,Delhi,Delhi,Minor,Cloudy,Heavy
2459,2025-07-15,23:34:25,Night,Hyderabad,Telangana,Minor,Cloudy,Low
2460,2025-05-28,08:18:22,Morning,Chennai,Tamil Nadu,Fatal,Fog,Low
2461,2025-11-18,02:17:01,Night,Hyderabad,Telangana,Minor,Fog,Moderate
2462,2025-11-25,06:14:53,Morning,Visakhapatnam,Andhra Pradesh,Serious,Clear,Heavy
2463,2025-08-04,18:52:07,Evening,Chennai,Tamil Nadu,Serious,Storm,Low
2464,2025-08-13,13:05:44,Afternoon,Delhi,Delhi,Serious,Rain,Low
2465,2025-06-12,13:04:55,Afternoon,Delhi,Delhi,Fatal,Drizzle,Heavy
2466,2025-08-20,03:30:29,Night,Visakhapatnam,Andhra Pradesh,Fatal,Storm,Moderate
2467,2026-01-16,16:20:45,Afternoon,Bangalore,Karnataka,Fatal,Fog,Low
2468,2025-05-30,12:56:01,Afternoon,Hyderabad,Telangana,Fatal,Cloudy,Heavy
2469,2026-02-15,13:17:30,Afternoon,Bangalore,Karnataka,Fatal,Rain,Moderate
2470,2025-07-11,09:25:57,Morning,Delhi,Delhi,Serious,Fog,Heavy
2471,2025-12-17,05:56:20,Morning,Visakhapatnam,Andhra Pradesh,Fatal,Fog,Low
2472,2025-09-18,04:58:47,Night,Mumbai,Maharashtra,Serious,Cloudy,Moderate
2473,2025-04-16,17:57:06,Evening,Bangalore,Karnataka,Minor,Rain,Low
2474,2025-12-16,05:11:19,Morning,Chennai,Tamil Nadu,Serious,Rain,Moderate
2475,2025-10-09,10:19:54,Morning,Delhi,Delhi,Fatal,Drizzle,Low
2476,2025-11-23,06:08:23,Morning,Bangalore,Karnataka,Serious,Fog,Moderate
2477,2025-10-14,21:38:36,Night,Hyderabad,Telangana,Minor,Rain,Low
2478,2026-04-07,22:23:11,Night,Mumbai,Maharashtra,Minor,Fog,Heavy
2479,2025-08-31,18:48:22,Evening,Bangalore,Karnataka,Serious,Drizzle,Low
2480,2025-07-18,02:02:06,Night,Delhi,Delhi,Fatal,Clear,Heavy
2481,2025-11-20,00:31:54,Night,Visakhapatnam,Andhra Pradesh,Minor,Clear,Low
2482,2026-01-08,12:59:35,Afternoon,Visakhapatnam,Andhra Pradesh,Fatal,Fog,Low
2483,2026-04-04,04:24:12,Night,Delhi,Delhi,Minor,Drizzle,Moderate
2484,2026-03-27,21:15:46,Night,Hyderabad,Telangana,Minor,Cloudy,Low
2485,2026-02-15,10:11:55,Morning,Bangalore,Karnataka,Minor,Fog,Low
2486,2026-01-13,20:18:53,Evening,Visakhapatnam,Andhra Pradesh,Minor,Clear,Moderate
2487,2026-01-09,21:10:08,Night,Hyderabad,Telangana,Minor,Clear,Heavy
2488,2025-09-07,19:22:09,Evening,Bangalore,Karnataka,Serious,Drizzle,Moderate
2489,2025-08-20,18:10:55,Evening,Delhi,Delhi,Minor,Clear,Heavy
2490,2025-06-02,15:12:40,Afternoon,Mumbai,Maharashtra,Fatal,Fog,Heavy
2491,2025-11-18,12:55:16,Afternoon,Hyderabad,Telangana,Fatal,Drizzle,Moderate
2492,2026-03-21,20:33:20,Evening,Chennai,Tamil Nadu,Fatal,Cloudy,Low
2493,2025-08-10,04:14:47,Night,Mumbai,Maharashtra,Serious,Rain,Heavy
2494,2025-09-21,23:51:37,Night,Bangalore,Karnataka,Fatal,Rain,Low
2495,2025-10-28,20:19:05,Evening,Visakhapatnam,Andhra Pradesh,Serious,Storm,Heavy
2496,2025-12-24,07:11:48,Morning,Visakhapatnam,Andhra Pradesh,Fatal,Clear,Low
2497,2025-06-10,13:58:35,Afternoon,Chennai,Tamil Nadu,Serious,Storm,Heavy
2498,2026-03-03,19:56:45,Evening,Bangalore,Karnataka,Fatal,Drizzle,Moderate
2499,2025-12-02,08:12:02,Morning,Hyderabad,Telangana,Fatal,Rain,Low
2500,2025-12-27,17:33:19,Evening,Visakhapatnam,Andhra Pradesh,Fatal,Storm,Heavy
2501,2025-07-30,21:18:24,Night,Visakhapatnam,Andhra Pradesh,Serious,Rain,Low
2502,2025-05-18,13:14:49,Afternoon,Hyderabad,Telangana,Fatal,Fog,Heavy
2503,2026-01-05,19:02:29,Evening,Delhi,Delhi,Minor,Fog,Heavy
2504,2025-12-08,08:17:59,Morning,Hyderabad,Telangana,Minor,Drizzle,Low
2505,2025-04-17,20:55:59,Evening,Hyderabad,Telangana,Fatal,Rain,Moderate
2506,2025-08-11,19:38:24,Evening,Visakhapatnam,Andhra Pradesh,Serious,Cloudy,Low
2507,2026-03-24,06:39:22,Morning,Delhi,Delhi,Fatal,Clear,Moderate
2508,2026-03-11,15:14:09,Afternoon,Mumbai,Maharashtra,Serious,Fog,Low
2509,2026-03-15,04:27:41,Night,Bangalore,Karnataka,Minor,Storm,Heavy
2510,2025-04-11,09:46:56,Morning,Visakhapatnam,Andhra Pradesh,Fatal,Clear,Low
2511,2026-01-24,11:59:40,Morning,Visakhapatnam,Andhra Pradesh,Minor,Cloudy,Heavy
2512,2025-07-21,12:45:16,Afternoon,Bangalore,Karnataka,Minor,Cloudy,Heavy
2513,2025-08-01,13:00:53,Afternoon,Hyderabad,Telangana,Fatal,Cloudy,Heavy
2514,2025-06-03,00:21:59,Night,Visakhapatnam,Andhra Pradesh,Fatal,Clear,Moderate
2515,2025-07-03,13:25:19,Afternoon,Chennai,Tamil Nadu,Fatal,Storm,Heavy
2516,2025-04-16,10:20:53,Morning,Bangalore,Karnataka,Serious,Rain,Moderate
2517,2025-12-28,01:46:00,Night,Visakhapatnam,Andhra Pradesh,Fatal,Storm,Low
2518,2026-01-31,21:10:40,Night,Mumbai,Maharashtra,Minor,Drizzle,Moderate
2519,2025-10-06,11:10:10,Morning,Mumbai,Maharashtra,Minor,Cloudy,Heavy
2520,2025-05-02,02:28:38,Night,Bangalore,Karnataka,Serious,Fog,Moderate
2521,2025-06-22,10:58:48,Morning,Visakhapatnam,Andhra Pradesh,Minor,Rain,Low
2522,2025-08-04,22:43:52,Night,Chennai,Tamil Nadu,Minor,Cloudy,Heavy
2523,2025-06-13,11:59:32,Morning,Bangalore,Karnataka,Minor,Drizzle,Low
2524,2025-06-27,20:40:25,Evening,Bangalore,Karnataka,Serious,Rain,Low
2525,2025-04-22,21:48:05,Night,Bangalore,Karnataka,Minor,Drizzle,Heavy
2526,2025-11-21,00:06:56,Night,Mumbai,Maharashtra,Fatal,Storm,Low
2527,2025-06-03,06:51:22,Morning,Chennai,Tamil Nadu,Serious,Rain,Heavy
2528,2025-04-15,16:10:26,Afternoon,Chennai,Tamil Nadu,Minor,Clear,Moderate
2529,2025-04-19,08:04:41,Morning,Chennai,Tamil Nadu,Serious,Cloudy,Low
2530,2025-04-15,19:04:07,Evening,Mumbai,Maharashtra,Minor,Fog,Moderate
2531,2025-09-26,20:44:14,Evening,Chennai,Tamil Nadu,Fatal,Clear,Low
2532,2025-08-04,23:17:13,Night,Hyderabad,Telangana,Serious,Rain,Low
2533,2025-07-30,06:13:10,Morning,Hyderabad,Telangana,Minor,Rain,Moderate
2534,2025-05-08,01:43:56,Night,Visakhapatnam,Andhra Pradesh,Serious,Fog,Heavy
2535,2026-03-05,00:52:08,Night,Chennai,Tamil Nadu,Fatal,Cloudy,Moderate
2536,2025-10-21,05:16:31,Morning,Chennai,Tamil Nadu,Fatal,Drizzle,Low
2537,2026-01-27,18:21:41,Evening,Visakhapatnam,Andhra Pradesh,Fatal,Drizzle,Low
2538,2025-07-07,12:01:49,Afternoon,Visakhapatnam,Andhra Pradesh,Serious,Fog,Moderate
2539,2025-06-28,03:30:11,Night,Bangalore,Karnataka,Serious,Drizzle,Heavy
2540,2025-12-27,07:41:21,Morning,Hyderabad,Telangana,Serious,Cloudy,Low
2541,2026-02-11,18:41:35,Evening,Chennai,Tamil Nadu,Minor,Rain,Moderate
2542,2025-05-06,17:06:32,Evening,Chennai,Tamil Nadu,Serious,Clear,Heavy
2543,2025-10-23,03:40:36,Night,Delhi,Delhi,Serious,Rain,Moderate
2544,2026-02-03,10:18:45,Morning,Delhi,Delhi,Serious,Cloudy,Moderate
2545,2025-11-07,21:40:16,Night,Visakhapatnam,Andhra Pradesh,Serious,Clear,Moderate
2546,2025-07-27,18:21:29,Evening,Chennai,Tamil Nadu,Minor,Rain,Low
2547,2025-12-30,01:30:59,Night,Chennai,Tamil Nadu,Serious,Clear,Moderate
2548,2025-11-29,23:11:29,Night,Bangalore,Karnataka,Fatal,Cloudy,Low
2549,2026-01-26,14:44:27,Afternoon,Chennai,Tamil Nadu,Serious,Drizzle,Heavy
2550,2025-09-01,09:38:43,Morning,Visakhapatnam,Andhra Pradesh,Serious,Clear,Heavy
2551,2025-09-29,03:30:33,Night,Hyderabad,Telangana,Serious,Storm,Heavy
2552,2025-10-15,06:28:03,Morning,Visakhapatnam,Andhra Pradesh,Serious,Rain,Low
2553,2025-09-20,10:49:05,Morning,Chennai,Tamil Nadu,Serious,Cloudy,Heavy
2554,2025-04-20,09:11:51,Morning,Hyderabad,Telangana,Serious,Storm,Heavy
2555,2025-08-21,22:47:19,Night,Mumbai,Maharashtra,Fatal,Cloudy,Low
2556,2025-07-04,21:13:19,Night,Mumbai,Maharashtra,Fatal,Clear,Low
2557,2025-10-13,07:34:35,Morning,Hyderabad,Telangana,Serious,Cloudy,Low
2558,2025-11-21,15:34:08,Afternoon,Hyderabad,Telangana,Fatal,Rain,Moderate
2559,2026-01-02,00:37:45,Night,Visakhapatnam,Andhra Pradesh,Fatal,Clear,Low
2560,2025-07-26,15:00:45,Afternoon,Mumbai,Maharashtra,Fatal,Fog,Moderate
2561,2026-03-14,17:57:49,Evening,Bangalore,Karnataka,Fatal,Storm,Moderate
2562,2025-11-08,21:40:32,Night,Visakhapatnam,Andhra Pradesh,Minor,Fog,Moderate
2563,2025-08-16,21:16:05,Night,Chennai,Tamil Nadu,Fatal,Rain,Heavy
2564,2025-11-05,10:58:13,Morning,Mumbai,Maharashtra,Fatal,Rain,Heavy
2565,2025-09-15,03:32:51,Night,Visakhapatnam,Andhra Pradesh,Minor,Cloudy,Low
2566,2026-01-04,00:12:44,Night,Bangalore,Karnataka,Serious,Storm,Low
2567,2026-01-17,02:28:57,Night,Visakhapatnam,Andhra Pradesh,Fatal,Rain,Moderate
2568,2026-03-29,23:38:49,Night,Visakhapatnam,Andhra Pradesh,Minor,Rain,Heavy
2569,2025-06-19,06:13:42,Morning,Chennai,Tamil Nadu,Fatal,Clear,Heavy
2570,2026-01-18,22:28:52,Night,Visakhapatnam,Andhra Pradesh,Minor,Storm,Heavy
2571,2026-01-03,16:27:43,Afternoon,Visakhapatnam,Andhra Pradesh,Minor,Rain,Heavy
2572,2025-06-24,13:31:29,Afternoon,Visakhapatnam,Andhra Pradesh,Fatal,Storm,Low
2573,2025-04-30,02:08:08,Night,Bangalore,Karnataka,Minor,Storm,Low
2574,2025-12-09,00:03:54,Night,Hyderabad,Telangana,Minor,Rain,Moderate
2575,2025-08-01,20:27:45,Evening,Mumbai,Maharashtra,Fatal,Cloudy,Moderate
2576,2025-05-03,22:43:56,Night,Delhi,Delhi,Fatal,Fog,Heavy
2577,2025-06-25,00:55:45,Night,Visakhapatnam,Andhra Pradesh,Serious,Clear,Moderate
2578,2026-03-26,00:55:51,Night,Delhi,Delhi,Minor,Storm,Moderate
2579,2026-02-27,22:26:11,Night,Hyderabad,Telangana,Serious,Fog,Moderate
2580,2026-03-05,18:20:53,Evening,Hyderabad,Telangana,Minor,Fog,Low
2581,2025-05-14,21:24:20,Night,Bangalore,Karnataka,Minor,Storm,Heavy
2582,2026-01-09,18:29:06,Evening,Visakhapatnam,Andhra Pradesh,Minor,Cloudy,Heavy
2583,2025-09-02,15:25:52,Afternoon,Mumbai,Maharashtra,Serious,Cloudy,Moderate
2584,2026-03-02,06:48:34,Morning,Hyderabad,Telangana,Minor,Cloudy,Moderate
2585,2025-11-13,20:07:05,Evening,Bangalore,Karnataka,Minor,Clear,Heavy
2586,2025-06-09,16:24:11,Afternoon,Visakhapatnam,Andhra Pradesh,Serious,Rain,Moderate
2587,2025-12-02,20:53:36,Evening,Delhi,Delhi,Serious,Drizzle,Heavy
2588,2025-08-02,05:54:20,Morning,Hyderabad,Telangana,Serious,Rain,Moderate
2589,2025-04-09,06:45:41,Morning,Bangalore,Karnataka,Fatal,Clear,Low
2590,2025-09-11,03:08:04,Night,Chennai,Tamil Nadu,Fatal,Drizzle,Heavy
2591,2025-07-30,07:47:34,Morning,Mumbai,Maharashtra,Serious,Cloudy,Moderate
2592,2026-01-14,15:13:02,Afternoon,Hyderabad,Telangana,Fatal,Rain,Heavy
2593,2025-11-08,14:47:38,Afternoon,Visakhapatnam,Andhra Pradesh,Fatal,Clear,Heavy
2594,2025-12-07,08:57:11,Morning,Delhi,Delhi,Fatal,Clear,Low
2595,2026-01-31,11:37:58,Morning,Bangalore,Karnataka,Fatal,Clear,Heavy
2596,2025-04-23,16:39:56,Afternoon,Bangalore,Karnataka,Minor,Clear,Low
2597,2025-10-14,16:02:17,Afternoon,Chennai,Tamil Nadu,Fatal,Drizzle,Heavy
2598,2026-04-06,04:14:22,Night,Mumbai,Maharashtra,Serious,Drizzle,Heavy
2599,2025-12-30,08:03:25,Morning,Hyderabad,Telangana,Fatal,Fog,Low
2600,2026-02-10,21:28:47,Night,Delhi,Delhi,Fatal,Rain,Heavy
2601,2026-04-04,10:41:22,Morning,Hyderabad,Telangana,Fatal,Clear,Moderate
2602,2025-07-11,21:31:30,Night,Visakhapatnam,Andhra Pradesh,Fatal,Fog,Low
2603,2025-05-13,18:40:34,Evening,Chennai,Tamil Nadu,Fatal,Cloudy,Low
2604,2025-11-23,20:53:20,Evening,Hyderabad,Telangana,Minor,Clear,Moderate
2605,2025-11-15,09:47:30,Morning,Bangalore,Karnataka,Serious,Rain,Low
2606,2025-11-07,08:23:05,Morning,Chennai,Tamil Nadu,Serious,Storm,Moderate
2607,2025-05-17,19:09:39,Evening,Bangalore,Karnataka,Minor,Storm,Heavy
2608,2025-08-07,23:12:00,Night,Visakhapatnam,Andhra Pradesh,Serious,Clear,Heavy
2609,2025-07-27,07:47:37,Morning,Visakhapatnam,Andhra Pradesh,Fatal,Storm,Heavy
2610,2025-07-31,06:15:41,Morning,Visakhapatnam,Andhra Pradesh,Serious,Rain,Moderate
2611,2025-06-20,12:27:17,Afternoon,Bangalore,Karnataka,Fatal,Drizzle,Moderate
2612,2025-09-15,02:12:23,Night,Chennai,Tamil Nadu,Serious,Storm,Low
2613,2026-02-04,02:05:54,Night,Chennai,Tamil Nadu,Serious,Clear,Low
2614,2025-10-04,04:10:07,Night,Chennai,Tamil Nadu,Minor,Rain,Heavy
2615,2025-09-18,17:04:07,Evening,Mumbai,Maharashtra,Minor,Fog,Moderate
2616,2025-09-20,13:07:16,Afternoon,Mumbai,Maharashtra,Fatal,Clear,Moderate
2617,2025-07-04,07:26:13,Morning,Hyderabad,Telangana,Serious,Cloudy,Low
2618,2025-05-07,05:25:26,Morning,Chennai,Tamil Nadu,Fatal,Rain,Heavy
2619,2026-01-14,15:41:56,Afternoon,Bangalore,Karnataka,Serious,Drizzle,Moderate
2620,2025-11-06,14:16:16,Afternoon,Delhi,Delhi,Serious,Fog,Moderate
2621,2025-04-13,23:33:02,Night,Hyderabad,Telangana,Serious,Fog,Heavy
2622,2025-05-19,08:52:57,Morning,Delhi,Delhi,Fatal,Storm,Low
2623,2025-12-29,02:58:28,Night,Delhi,Delhi,Fatal,Clear,Heavy
2624,2025-10-14,21:06:11,Night,Chennai,Tamil Nadu,Minor,Storm,Moderate
2625,2025-06-24,19:58:48,Evening,Chennai,Tamil Nadu,Minor,Rain,Low
2626,2025-10-15,15:35:28,Afternoon,Visakhapatnam,Andhra Pradesh,Serious,Drizzle,Low
2627,2025-09-19,18:27:55,Evening,Bangalore,Karnataka,Serious,Drizzle,Moderate
2628,2026-02-20,14:18:56,Afternoon,Mumbai,Maharashtra,Minor,Drizzle,Moderate
2629,2025-11-19,04:56:43,Night,Bangalore,Karnataka,Serious,Rain,Low
2630,2025-05-24,13:04:54,Afternoon,Hyderabad,Telangana,Fatal,Drizzle,Heavy
2631,2025-09-03,05:48:00,Morning,Hyderabad,Telangana,Fatal,Cloudy,Moderate
2632,2025-12-01,04:54:14,Night,Chennai,Tamil Nadu,Fatal,Rain,Heavy
2633,2026-04-03,09:55:35,Morning,Visakhapatnam,Andhra Pradesh,Fatal,Cloudy,Heavy
2634,2025-08-15,22:22:53,Night,Visakhapatnam,Andhra Pradesh,Fatal,Clear,Moderate
2635,2025-10-12,14:03:12,Afternoon,Visakhapatnam,Andhra Pradesh,Serious,Storm,Low
2636,2025-08-07,21:38:27,Night,Hyderabad,Telangana,Serious,Rain,Heavy
2637,2025-08-18,12:00:52,Afternoon,Hyderabad,Telangana,Serious,Rain,Low
2638,2025-07-26,18:47:33,Evening,Mumbai,Maharashtra,Fatal,Drizzle,Low
2639,2026-03-09,01:29:33,Night,Visakhapatnam,Andhra Pradesh,Fatal,Drizzle,Low
2640,2025-05-25,17:07:21,Evening,Hyderabad,Telangana,Fatal,Storm,Heavy
2641,2025-08-10,11:19:08,Morning,Visakhapatnam,Andhra Pradesh,Serious,Rain,Heavy
2642,2026-01-02,22:07:46,Night,Mumbai,Maharashtra,Minor,Clear,Low
2643,2025-04-20,11:57:21,Morning,Hyderabad,Telangana,Serious,Rain,Low
2644,2025-05-30,03:40:25,Night,Hyderabad,Telangana,Fatal,Cloudy,Low
2645,2025-05-22,21:27:44,Night,Bangalore,Karnataka,Fatal,Clear,Heavy
2646,2025-12-08,11:06:05,Morning,Bangalore,Karnataka,Serious,Cloudy,Heavy
2647,2025-07-05,20:45:38,Evening,Chennai,Tamil Nadu,Minor,Storm,Moderate
2648,2025-12-07,03:07:18,Night,Hyderabad,Telangana,Minor,Storm,Low
2649,2025-05-08,08:11:57,Morning,Visakhapatnam,Andhra Pradesh,Fatal,Fog,Heavy
2650,2025-06-05,23:13:03,Night,Mumbai,Maharashtra,Minor,Rain,Low
2651,2025-07-02,21:27:23,Night,Mumbai,Maharashtra,Serious,Fog,Heavy
2652,2026-04-02,22:18:09,Night,Chennai,Tamil Nadu,Fatal,Storm,Moderate
2653,2025-04-13,20:10:24,Evening,Mumbai,Maharashtra,Minor,Cloudy,Low
2654,2025-10-29,02:44:40,Night,Visakhapatnam,Andhra Pradesh,Fatal,Storm,Moderate
2655,2025-07-18,11:17:47,Morning,Mumbai,Maharashtra,Fatal,Cloudy,Heavy
2656,2025-07-15,09:43:55,Morning,Hyderabad,Telangana,Minor,Cloudy,Moderate
2657,2025-06-02,03:10:53,Night,Hyderabad,Telangana,Fatal,Rain,Low
2658,2025-10-23,06:39:45,Morning,Bangalore,Karnataka,Minor,Rain,Heavy
2659,2025-06-23,09:05:00,Morning,Delhi,Delhi,Fatal,Fog,Moderate
2660,2026-03-13,02:48:16,Night,Chennai,Tamil Nadu,Minor,Rain,Moderate
2661,2025-11-01,21:36:29,Night,Bangalore,Karnataka,Serious,Fog,Moderate
2662,2025-09-05,03:23:53,Night,Mumbai,Maharashtra,Serious,Drizzle,Low
2663,2025-09-18,04:03:15,Night,Hyderabad,Telangana,Serious,Rain,Moderate
2664,2026-02-21,14:10:03,Afternoon,Chennai,Tamil Nadu,Serious,Cloudy,Low
2665,2026-03-04,03:41:44,Night,Mumbai,Maharashtra,Fatal,Fog,Heavy
2666,2025-05-02,14:23:37,Afternoon,Mumbai,Maharashtra,Minor,Drizzle,Heavy
2667,2025-10-05,03:22:35,Night,Delhi,Delhi,Serious,Fog,Low
2668,2025-07-17,12:20:07,Afternoon,Hyderabad,Telangana,Serious,Clear,Moderate
2669,2025-06-13,23:37:05,Night,Chennai,Tamil Nadu,Serious,Storm,Heavy
2670,2025-04-27,08:21:25,Morning,Chennai,Tamil Nadu,Fatal,Drizzle,Low
2671,2025-06-16,00:31:52,Night,Delhi,Delhi,Minor,Rain,Heavy
2672,2025-11-03,20:28:53,Evening,Chennai,Tamil Nadu,Fatal,Rain,Heavy
2673,2025-04-14,20:45:03,Evening,Delhi,Delhi,Serious,Cloudy,Low
2674,2025-12-02,17:43:05,Evening,Bangalore,Karnataka,Serious,Clear,Moderate
2675,2026-04-06,15:24:21,Afternoon,Delhi,Delhi,Serious,Drizzle,Moderate
2676,2026-02-09,22:18:08,Night,Visakhapatnam,Andhra Pradesh,Serious,Rain,Moderate
2677,2025-08-15,10:20:42,Morning,Hyderabad,Telangana,Fatal,Rain,Moderate
2678,2026-04-06,01:24:28,Night,Mumbai,Maharashtra,Serious,Fog,Low
2679,2025-10-27,18:16:21,Evening,Mumbai,Maharashtra,Minor,Cloudy,Heavy
2680,2025-12-07,06:18:42,Morning,Delhi,Delhi,Minor,Clear,Moderate
2681,2025-05-07,13:55:54,Afternoon,Visakhapatnam,Andhra Pradesh,Serious,Fog,Low
2682,2025-07-24,00:24:52,Night,Hyderabad,Telangana,Serious,Fog,Low
2683,2026-03-15,13:53:10,Afternoon,Chennai,Tamil Nadu,Minor,Rain,Moderate
2684,2025-05-30,20:30:54,Evening,Mumbai,Maharashtra,Serious,Fog,Low
2685,2026-01-02,12:54:15,Afternoon,Chennai,Tamil Nadu,Minor,Storm,Heavy
2686,2025-05-11,05:04:02,Morning,Visakhapatnam,Andhra Pradesh,Fatal,Fog,Heavy
2687,2026-03-10,14:19:04,Afternoon,Mumbai,Maharashtra,Minor,Drizzle,Heavy
2688,2025-06-22,11:39:22,Morning,Bangalore,Karnataka,Minor,Fog,Low
2689,2025-04-20,17:48:08,Evening,Bangalore,Karnataka,Minor,Drizzle,Heavy
2690,2025-11-23,07:21:16,Morning,Visakhapatnam,Andhra Pradesh,Fatal,Rain,Heavy
2691,2025-12-14,17:02:26,Evening,Chennai,Tamil Nadu,Minor,Clear,Low
2692,2026-01-03,07:20:40,Morning,Hyderabad,Telangana,Minor,Cloudy,Moderate
2693,2025-10-13,18:08:04,Evening,Chennai,Tamil Nadu,Minor,Rain,Low
2694,2025-05-17,10:12:07,Morning,Bangalore,Karnataka,Fatal,Storm,Heavy
2695,2025-04-27,18:52:07,Evening,Delhi,Delhi,Fatal,Storm,Low
2696,2025-09-09,05:54:11,Morning,Bangalore,Karnataka,Minor,Rain,Moderate
2697,2025-07-24,22:01:38,Night,Visakhapatnam,Andhra Pradesh,Fatal,Cloudy,Low
2698,2025-05-29,18:38:40,Evening,Delhi,Delhi,Fatal,Drizzle,Heavy
2699,2025-12-11,14:39:20,Afternoon,Mumbai,Maharashtra,Fatal,Fog,Low
2700,2025-05-04,19:42:21,Evening,Visakhapatnam,Andhra Pradesh,Fatal,Drizzle,Low
2701,2025-08-23,02:54:03,Night,Delhi,Delhi,Fatal,Fog,Moderate
2702,2025-12-25,23:44:23,Night,Visakhapatnam,Andhra Pradesh,Fatal,Clear,Moderate
2703,2025-10-18,02:57:27,Night,Bangalore,Karnataka,Fatal,Clear,Moderate
2704,2025-07-30,20:26:27,Evening,Delhi,Delhi,Serious,Storm,Moderate
2705,2026-01-22,11:56:59,Morning,Delhi,Delhi,Serious,Clear,Moderate
2706,2026-01-23,03:37:33,Night,Hyderabad,Telangana,Minor,Rain,Moderate
2707,2025-12-27,17:15:29,Evening,Visakhapatnam,Andhra Pradesh,Minor,Drizzle,Moderate
2708,2026-01-05,16:24:52,Afternoon,Chennai,Tamil Nadu,Fatal,Cloudy,Moderate
2709,2026-03-29,05:24:27,Morning,Bangalore,Karnataka,Fatal,Rain,Low
2710,2026-03-28,22:42:35,Night,Mumbai,Maharashtra,Minor,Drizzle,Heavy
2711,2026-03-20,09:45:26,Morning,Hyderabad,Telangana,Fatal,Fog,Moderate
2712,2025-09-17,01:23:44,Night,Visakhapatnam,Andhra Pradesh,Serious,Storm,Low
2713,2026-02-04,16:01:32,Afternoon,Visakhapatnam,Andhra Pradesh,Serious,Rain,Low
2714,2026-03-30,14:38:15,Afternoon,Visakhapatnam,Andhra Pradesh,Minor,Storm,Heavy
2715,2026-04-07,03:21:27,Night,Visakhapatnam,Andhra Pradesh,Fatal,Storm,Heavy
2716,2025-06-14,00:32:39,Night,Hyderabad,Telangana,Fatal,Fog,Moderate
2717,2025-05-21,09:20:10,Morning,Visakhapatnam,Andhra Pradesh,Serious,Drizzle,Heavy
2718,2025-07-19,03:04:42,Night,Mumbai,Maharashtra,Serious,Cloudy,Heavy
2719,2026-03-25,22:21:01,Night,Bangalore,Karnataka,Serious,Fog,Moderate
2720,2026-01-11,00:36:20,Night,Delhi,Delhi,Minor,Rain,Heavy
2721,2025-09-12,18:13:48,Evening,Bangalore,Karnataka,Serious,Storm,Low
2722,2026-02-16,14:06:06,Afternoon,Chennai,Tamil Nadu,Minor,Drizzle,Heavy
2723,2025-06-17,00:09:44,Night,Visakhapatnam,Andhra Pradesh,Fatal,Drizzle,Moderate
2724,2025-05-16,07:06:09,Morning,Mumbai,Maharashtra,Minor,Drizzle,Moderate
2725,2025-04-14,00:35:23,Night,Delhi,Delhi,Minor,Rain,Low
2726,2025-04-14,14:00:50,Afternoon,Visakhapatnam,Andhra Pradesh,Serious,Clear,Moderate
2727,2026-01-19,00:35:04,Night,Delhi,Delhi,Fatal,Rain,Low
2728,2025-07-12,16:42:09,Afternoon,Hyderabad,Telangana,Minor,Clear,Low
2729,2025-04-20,20:54:06,Evening,Delhi,Delhi,Serious,Fog,Heavy
2730,2025-08-03,17:25:03,Evening,Hyderabad,Telangana,Serious,Clear,Heavy
2731,2025-10-27,17:41:10,Evening,Chennai,Tamil Nadu,Fatal,Storm,Moderate
2732,2025-05-20,17:37:56,Evening,Visakhapatnam,Andhra Pradesh,Minor,Cloudy,Heavy
2733,2025-06-18,05:10:07,Morning,Delhi,Delhi,Minor,Cloudy,Moderate
2734,2025-06-16,07:30:48,Morning,Delhi,Delhi,Serious,Rain,Heavy
2735,2026-01-05,19:41:18,Evening,Mumbai,Maharashtra,Serious,Cloudy,Heavy
2736,2025-08-01,16:32:54,Afternoon,Hyderabad,Telangana,Serious,Rain,Low
2737,2026-01-07,12:14:21,Afternoon,Hyderabad,Telangana,Serious,Rain,Low
2738,2025-07-31,07:01:40,Morning,Hyderabad,Telangana,Fatal,Clear,Moderate
2739,2025-12-28,02:11:31,Night,Hyderabad,Telangana,Serious,Clear,Heavy
2740,2025-04-13,22:24:53,Night,Delhi,Delhi,Fatal,Drizzle,Heavy
2741,2025-07-29,19:39:58,Evening,Bangalore,Karnataka,Fatal,Drizzle,Heavy
2742,2025-05-11,05:16:52,Morning,Visakhapatnam,Andhra Pradesh,Minor,Rain,Moderate
2743,2026-03-14,17:34:39,Evening,Chennai,Tamil Nadu,Serious,Storm,Moderate
2744,2026-03-18,11:38:28,Morning,Bangalore,Karnataka,Fatal,Rain,Heavy
2745,2025-08-12,11:57:20,Morning,Chennai,Tamil Nadu,Serious,Storm,Moderate
2746,2025-11-03,05:18:49,Morning,Visakhapatnam,Andhra Pradesh,Serious,Fog,Heavy
2747,2025-09-27,05:08:17,Morning,Delhi,Delhi,Serious,Clear,Moderate
2748,2025-07-13,13:45:02,Afternoon,Chennai,Tamil Nadu,Fatal,Storm,Low
2749,2025-09-17,03:25:51,Night,Bangalore,Karnataka,Serious,Cloudy,Moderate
2750,2025-11-26,11:46:39,Morning,Hyderabad,Telangana,Serious,Storm,Moderate
2751,2026-01-19,03:51:45,Night,Visakhapatnam,Andhra Pradesh,Minor,Clear,Heavy
2752,2025-06-19,11:32:37,Morning,Bangalore,Karnataka,Fatal,Rain,Moderate
2753,2025-04-14,07:48:18,Morning,Bangalore,Karnataka,Minor,Storm,Low
2754,2026-03-22,16:46:13,Afternoon,Chennai,Tamil Nadu,Serious,Drizzle,Moderate
2755,2026-02-08,12:01:22,Afternoon,Delhi,Delhi,Serious,Drizzle,Moderate
2756,2025-06-29,01:15:20,Night,Hyderabad,Telangana,Serious,Cloudy,Moderate
2757,2025-10-16,06:10:32,Morning,Visakhapatnam,Andhra Pradesh,Fatal,Fog,Low
2758,2026-02-25,00:55:58,Night,Visakhapatnam,Andhra Pradesh,Serious,Drizzle,Heavy
2759,2025-06-22,09:27:07,Morning,Hyderabad,Telangana,Serious,Rain,Heavy
2760,2026-04-07,02:42:24,Night,Chennai,Tamil Nadu,Fatal,Drizzle,Moderate
2761,2026-03-01,16:21:08,Afternoon,Chennai,Tamil Nadu,Serious,Storm,Moderate
2762,2026-03-27,11:12:31,Morning,Visakhapatnam,Andhra Pradesh,Fatal,Drizzle,Moderate
2763,2025-11-13,05:55:58,Morning,Mumbai,Maharashtra,Serious,Storm,Low
2764,2025-08-14,00:58:17,Night,Delhi,Delhi,Serious,Fog,Moderate
2765,2025-05-15,08:35:22,Morning,Visakhapatnam,Andhra Pradesh,Fatal,Fog,Heavy
2766,2025-09-14,13:08:00,Afternoon,Visakhapatnam,Andhra Pradesh,Fatal,Storm,Low
2767,2025-09-04,15:51:32,Afternoon,Delhi,Delhi,Minor,Storm,Heavy
2768,2025-04-29,08:38:30,Morning,Hyderabad,Telangana,Serious,Cloudy,Low
2769,2026-02-14,14:44:09,Afternoon,Visakhapatnam,Andhra Pradesh,Fatal,Clear,Heavy
2770,2025-12-13,12:39:56,Afternoon,Bangalore,Karnataka,Serious,Storm,Low
2771,2025-06-11,18:45:47,Evening,Hyderabad,Telangana,Serious,Storm,Moderate
2772,2025-09-21,09:48:28,Morning,Visakhapatnam,Andhra Pradesh,Serious,Cloudy,Low
2773,2026-01-17,04:31:21,Night,Hyderabad,Telangana,Serious,Rain,Low
2774,2026-02-13,19:39:23,Evening,Chennai,Tamil Nadu,Minor,Rain,Moderate
2775,2025-10-06,22:46:19,Night,Mumbai,Maharashtra,Fatal,Storm,Low
2776,2025-05-31,07:15:25,Morning,Delhi,Delhi,Minor,Storm,Moderate
2777,2026-02-27,03:34:21,Night,Delhi,Delhi,Serious,Fog,Low
2778,2025-11-26,19:12:52,Evening,Delhi,Delhi,Fatal,Rain,Low
2779,2025-07-09,05:17:52,Morning,Delhi,Delhi,Serious,Drizzle,Low
2780,2025-08-22,23:22:41,Night,Delhi,Delhi,Fatal,Fog,Heavy
2781,2025-04-30,15:52:08,Afternoon,Delhi,Delhi,Minor,Fog,Moderate
2782,2025-04-12,08:20:22,Morning,Delhi,Delhi,Fatal,Cloudy,Heavy
2783,2026-04-03,13:35:36,Afternoon,Hyderabad,Telangana,Minor,Drizzle,Low
2784,2025-05-05,15:43:06,Afternoon,Hyderabad,Telangana,Minor,Drizzle,Low
2785,2026-01-10,08:47:46,Morning,Bangalore,Karnataka,Serious,Rain,Heavy
2786,2025-07-23,03:19:04,Night,Delhi,Delhi,Minor,Storm,Low
2787,2025-04-24,03:18:11,Night,Delhi,Delhi,Minor,Rain,Heavy
2788,2025-07-12,15:23:33,Afternoon,Visakhapatnam,Andhra Pradesh,Serious,Rain,Low
2789,2026-01-17,06:09:11,Morning,Bangalore,Karnataka,Minor,Drizzle,Low
2790,2025-12-22,12:00:21,Afternoon,Hyderabad,Telangana,Serious,Fog,Moderate
2791,2025-11-22,02:48:02,Night,Bangalore,Karnataka,Minor,Drizzle,Low
2792,2025-11-30,18:10:37,Evening,Delhi,Delhi,Serious,Clear,Moderate
2793,2025-08-01,01:56:54,Night,Chennai,Tamil Nadu,Minor,Cloudy,Heavy
2794,2025-05-15,05:59:41,Morning,Bangalore,Karnataka,Serious,Clear,Low
2795,2025-08-23,20:16:30,Evening,Mumbai,Maharashtra,Minor,Cloudy,Moderate
2796,2025-10-23,16:16:27,Afternoon,Delhi,Delhi,Fatal,Drizzle,Moderate
2797,2025-10-30,01:56:17,Night,Hyderabad,Telangana,Fatal,Fog,Moderate
2798,2025-06-18,06:41:22,Morning,Delhi,Delhi,Serious,Storm,Low
2799,2025-09-19,01:16:57,Night,Mumbai,Maharashtra,Serious,Storm,Moderate
2800,2025-06-01,09:49:16,Morning,Bangalore,Karnataka,Fatal,Clear,Heavy
2801,2025-05-14,13:58:08,Afternoon,Delhi,Delhi,Minor,Cloudy,Moderate
2802,2025-12-25,05:09:43,Morning,Delhi,Delhi,Serious,Drizzle,Moderate
2803,2025-07-19,01:29:28,Night,Bangalore,Karnataka,Serious,Cloudy,Heavy
2804,2026-03-26,23:00:25,Night,Bangalore,Karnataka,Serious,Storm,Low
2805,2025-07-29,08:17:04,Morning,Delhi,Delhi,Fatal,Storm,Moderate
2806,2026-01-29,11:28:51,Morning,Delhi,Delhi,Fatal,Rain,Heavy
2807,2026-02-10,16:34:50,Afternoon,Chennai,Tamil Nadu,Fatal,Cloudy,Heavy
2808,2025-10-23,19:59:42,Evening,Chennai,Tamil Nadu,Fatal,Fog,Heavy
2809,2025-05-07,22:44:07,Night,Bangalore,Karnataka,Serious,Clear,Heavy
2810,2025-06-30,00:43:43,Night,Hyderabad,Telangana,Minor,Fog,Heavy
2811,2026-02-15,02:30:26,Night,Chennai,Tamil Nadu,Minor,Storm,Low
2812,2025-04-15,22:16:51,Night,Mumbai,Maharashtra,Serious,Storm,Moderate
2813,2025-11-22,04:51:53,Night,Hyderabad,Telangana,Serious,Rain,Moderate
2814,2025-12-06,21:21:21,Night,Delhi,Delhi,Minor,Clear,Low
2815,2025-06-12,16:02:08,Afternoon,Delhi,Delhi,Minor,Fog,Low
2816,2026-04-06,10:21:18,Morning,Chennai,Tamil Nadu,Minor,Storm,Low
2817,2025-12-25,11:34:02,Morning,Hyderabad,Telangana,Serious,Clear,Low
2818,2026-03-15,17:40:54,Evening,Mumbai,Maharashtra,Fatal,Clear,Low
2819,2026-03-05,15:40:20,Afternoon,Visakhapatnam,Andhra Pradesh,Fatal,Clear,Low
2820,2025-09-09,18:14:47,Evening,Visakhapatnam,Andhra Pradesh,Fatal,Drizzle,Heavy
2821,2025-09-03,17:27:52,Evening,Mumbai,Maharashtra,Fatal,Storm,Moderate
2822,2025-07-09,05:22:41,Morning,Hyderabad,Telangana,Serious,Fog,Heavy
2823,2025-07-16,06:07:40,Morning,Bangalore,Karnataka,Minor,Drizzle,Heavy
2824,2025-11-17,13:20:14,Afternoon,Mumbai,Maharashtra,Fatal,Fog,Low
2825,2025-06-19,11:52:52,Morning,Bangalore,Karnataka,Serious,Drizzle,Low
2826,2025-09-12,21:38:04,Night,Chennai,Tamil Nadu,Minor,Fog,Low
2827,2025-05-30,20:28:54,Evening,Hyderabad,Telangana,Fatal,Cloudy,Moderate
2828,2026-02-04,22:35:31,Night,Mumbai,Maharashtra,Serious,Fog,Heavy
2829,2025-08-18,08:56:27,Morning,Visakhapatnam,Andhra Pradesh,Fatal,Fog,Heavy
2830,2025-08-27,03:22:53,Night,Mumbai,Maharashtra,Minor,Cloudy,Heavy
2831,2025-09-18,07:45:40,Morning,Delhi,Delhi,Minor,Fog,Low
2832,2026-01-31,16:06:04,Afternoon,Hyderabad,Telangana,Minor,Storm,Moderate
2833,2025-07-18,01:41:46,Night,Chennai,Tamil Nadu,Serious,Drizzle,Moderate
2834,2025-11-12,20:47:34,Evening,Delhi,Delhi,Minor,Fog,Moderate
2835,2025-06-17,12:18:53,Afternoon,Delhi,Delhi,Serious,Drizzle,Moderate
2836,2025-09-21,00:44:06,Night,Visakhapatnam,Andhra Pradesh,Serious,Rain,Moderate
2837,2026-01-20,10:23:34,Morning,Visakhapatnam,Andhra Pradesh,Fatal,Clear,Low
2838,2025-11-16,15:53:38,Afternoon,Delhi,Delhi,Fatal,Fog,Heavy
2839,2026-01-16,04:01:10,Night,Bangalore,Karnataka,Fatal,Drizzle,Low
2840,2026-03-10,15:32:24,Afternoon,Visakhapatnam,Andhra Pradesh,Minor,Fog,Heavy
2841,2025-04-13,14:07:17,Afternoon,Chennai,Tamil Nadu,Minor,Clear,Low
2842,2025-12-25,08:56:47,Morning,Mumbai,Maharashtra,Minor,Drizzle,Moderate
2843,2026-02-19,18:41:33,Evening,Visakhapatnam,Andhra Pradesh,Minor,Cloudy,Moderate
2844,2025-12-17,08:10:56,Morning,Chennai,Tamil Nadu,Minor,Fog,Moderate
2845,2025-10-10,14:09:00,Afternoon,Chennai,Tamil Nadu,Serious,Fog,Moderate
2846,2025-08-22,00:25:39,Night,Bangalore,Karnataka,Serious,Drizzle,Low
2847,2025-07-30,08:06:29,Morning,Delhi,Delhi,Serious,Rain,Moderate
2848,2025-07-29,22:17:55,Night,Mumbai,Maharashtra,Serious,Fog,Heavy
2849,2026-02-13,04:56:34,Night,Hyderabad,Telangana,Minor,Drizzle,Moderate
2850,2025-04-27,06:32:46,Morning,Mumbai,Maharashtra,Fatal,Clear,Low
2851,2025-11-15,02:16:16,Night,Bangalore,Karnataka,Fatal,Drizzle,Low
2852,2025-09-05,08:11:04,Morning,Delhi,Delhi,Fatal,Storm,Low
2853,2026-03-05,20:09:13,Evening,Delhi,Delhi,Serious,Fog,Moderate
2854,2025-12-28,22:39:55,Night,Chennai,Tamil Nadu,Serious,Drizzle,Low
2855,2026-03-23,02:08:15,Night,Delhi,Delhi,Serious,Storm,Heavy
2856,2025-09-03,15:27:27,Afternoon,Hyderabad,Telangana,Minor,Rain,Heavy
2857,2026-03-05,00:27:44,Night,Mumbai,Maharashtra,Fatal,Fog,Heavy
2858,2025-12-13,23:09:46,Night,Bangalore,Karnataka,Serious,Cloudy,Heavy
2859,2025-09-29,18:37:41,Evening,Mumbai,Maharashtra,Minor,Storm,Low
2860,2025-07-06,21:13:22,Night,Chennai,Tamil Nadu,Serious,Cloudy,Low
2861,2025-05-08,09:44:19,Morning,Delhi,Delhi,Minor,Fog,Low
2862,2025-08-16,09:27:18,Morning,Chennai,Tamil Nadu,Minor,Drizzle,Low
2863,2025-07-17,02:12:45,Night,Bangalore,Karnataka,Serious,Rain,Low
2864,2026-03-23,14:52:50,Afternoon,Chennai,Tamil Nadu,Serious,Rain,Heavy
2865,2025-12-12,10:22:08,Morning,Mumbai,Maharashtra,Fatal,Fog,Moderate
2866,2026-02-03,15:43:35,Afternoon,Chennai,Tamil Nadu,Fatal,Drizzle,Low
2867,2026-01-09,14:29:23,Afternoon,Mumbai,Maharashtra,Serious,Cloudy,Low
2868,2025-11-17,20:23:19,Evening,Delhi,Delhi,Minor,Rain,Moderate
2869,2025-12-21,21:16:02,Night,Visakhapatnam,Andhra Pradesh,Minor,Cloudy,Low
2870,2025-08-11,10:06:18,Morning,Delhi,Delhi,Fatal,Fog,Low
2871,2025-10-22,06:33:07,Morning,Hyderabad,Telangana,Fatal,Storm,Heavy
2872,2025-06-19,17:03:16,Evening,Chennai,Tamil Nadu,Serious,Drizzle,Heavy
2873,2026-01-31,06:48:03,Morning,Delhi,Delhi,Serious,Rain,Low
2874,2025-10-14,15:07:37,Afternoon,Hyderabad,Telangana,Minor,Rain,Heavy
2875,2025-07-04,16:46:15,Afternoon,Bangalore,Karnataka,Fatal,Clear,Low
2876,2026-03-11,14:24:33,Afternoon,Visakhapatnam,Andhra Pradesh,Fatal,Cloudy,Low
2877,2025-06-18,08:13:51,Morning,Mumbai,Maharashtra,Fatal,Drizzle,Heavy
2878,2026-01-05,04:04:30,Night,Mumbai,Maharashtra,Fatal,Clear,Moderate
2879,2025-08-11,13:04:57,Afternoon,Bangalore,Karnataka,Serious,Fog,Low
2880,2025-12-19,20:51:41,Evening,Visakhapatnam,Andhra Pradesh,Fatal,Fog,Heavy
2881,2026-02-28,07:00:28,Morning,Visakhapatnam,Andhra Pradesh,Fatal,Fog,Moderate
2882,2025-04-21,18:42:24,Evening,Chennai,Tamil Nadu,Serious,Cloudy,Moderate
2883,2025-08-20,17:10:30,Evening,Chennai,Tamil Nadu,Fatal,Fog,Moderate
2884,2026-01-27,18:42:36,Evening,Chennai,Tamil Nadu,Minor,Rain,Moderate
2885,2025-10-09,04:03:38,Night,Delhi,Delhi,Minor,Fog,Moderate
2886,2026-01-31,03:52:45,Night,Mumbai,Maharashtra,Fatal,Cloudy,Heavy
2887,2025-11-08,08:10:18,Morning,Bangalore,Karnataka,Minor,Clear,Low
2888,2026-02-02,11:53:26,Morning,Chennai,Tamil Nadu,Fatal,Drizzle,Moderate
2889,2025-07-30,08:09:24,Morning,Delhi,Delhi,Minor,Cloudy,Low
2890,2025-09-21,10:26:30,Morning,Hyderabad,Telangana,Minor,Cloudy,Heavy
2891,2025-06-19,23:25:55,Night,Visakhapatnam,Andhra Pradesh,Serious,Storm,Low
2892,2025-11-22,21:08:02,Night,Visakhapatnam,Andhra Pradesh,Fatal,Storm,Low
2893,2026-01-19,10:03:05,Morning,Hyderabad,Telangana,Minor,Storm,Low
2894,2026-02-26,22:28:46,Night,Chennai,Tamil Nadu,Minor,Fog,Moderate
2895,2025-07-29,17:20:14,Evening,Chennai,Tamil Nadu,Minor,Clear,Heavy
2896,2025-10-30,20:10:08,Evening,Visakhapatnam,Andhra Pradesh,Minor,Drizzle,Low
2897,2025-06-02,19:04:37,Evening,Hyderabad,Telangana,Minor,Storm,Heavy
2898,2025-12-19,05:21:44,Morning,Hyderabad,Telangana,Fatal,Storm,Moderate
2899,2026-04-06,16:58:35,Afternoon,Mumbai,Maharashtra,Fatal,Cloudy,Heavy
2900,2026-03-27,11:18:30,Morning,Delhi,Delhi,Minor,Clear,Heavy
2901,2025-08-24,22:52:06,Night,Delhi,Delhi,Serious,Rain,Heavy
2902,2025-05-17,06:41:34,Morning,Mumbai,Maharashtra,Minor,Cloudy,Moderate
2903,2025-11-10,00:16:25,Night,Visakhapatnam,Andhra Pradesh,Fatal,Fog,Low
2904,2025-10-01,07:53:21,Morning,Bangalore,Karnataka,Fatal,Storm,Heavy
2905,2025-12-22,17:14:58,Evening,Chennai,Tamil Nadu,Fatal,Cloudy,Low
2906,2025-06-07,21:14:42,Night,Chennai,Tamil Nadu,Fatal,Drizzle,Moderate
2907,2025-11-27,00:59:07,Night,Chennai,Tamil Nadu,Serious,Storm,Low
2908,2025-08-11,07:50:12,Morning,Bangalore,Karnataka,Serious,Clear,Moderate
2909,2025-04-15,13:45:15,Afternoon,Delhi,Delhi,Fatal,Cloudy,Moderate
2910,2025-05-01,04:12:22,Night,Visakhapatnam,Andhra Pradesh,Fatal,Storm,Low
2911,2025-04-10,20:54:44,Evening,Bangalore,Karnataka,Minor,Rain,Low
2912,2025-09-18,00:32:18,Night,Mumbai,Maharashtra,Minor,Rain,Low
2913,2025-06-12,07:39:04,Morning,Mumbai,Maharashtra,Minor,Rain,Heavy
2914,2025-09-05,12:58:48,Afternoon,Delhi,Delhi,Serious,Drizzle,Moderate
2915,2026-01-05,09:46:36,Morning,Chennai,Tamil Nadu,Fatal,Storm,Low
2916,2025-04-26,05:26:55,Morning,Mumbai,Maharashtra,Serious,Drizzle,Heavy
2917,2026-01-18,15:59:36,Afternoon,Visakhapatnam,Andhra Pradesh,Serious,Clear,Heavy
2918,2026-01-20,11:02:10,Morning,Mumbai,Maharashtra,Fatal,Storm,Low
2919,2025-12-24,09:03:42,Morning,Chennai,Tamil Nadu,Fatal,Storm,Low
2920,2025-07-23,22:15:14,Night,Chennai,Tamil Nadu,Fatal,Fog,Heavy
2921,2025-06-11,23:54:41,Night,Mumbai,Maharashtra,Minor,Cloudy,Moderate
2922,2025-11-04,00:17:37,Night,Chennai,Tamil Nadu,Serious,Rain,Low
2923,2026-01-18,08:50:31,Morning,Mumbai,Maharashtra,Fatal,Storm,Heavy
2924,2025-04-10,02:37:42,Night,Mumbai,Maharashtra,Minor,Rain,Heavy
2925,2025-11-06,03:59:23,Night,Delhi,Delhi,Fatal,Clear,Moderate
2926,2025-04-22,04:42:37,Night,Delhi,Delhi,Minor,Drizzle,Low
2927,2025-10-18,09:48:41,Morning,Mumbai,Maharashtra,Fatal,Drizzle,Moderate
2928,2025-06-09,23:40:45,Night,Delhi,Delhi,Fatal,Storm,Low
2929,2025-06-04,17:05:30,Evening,Mumbai,Maharashtra,Fatal,Clear,Moderate
2930,2025-10-27,16:39:12,Afternoon,Visakhapatnam,Andhra Pradesh,Minor,Rain,Low
2931,2026-01-24,01:40:48,Night,Bangalore,Karnataka,Fatal,Drizzle,Heavy
2932,2025-10-31,12:38:03,Afternoon,Bangalore,Karnataka,Minor,Fog,Low
2933,2025-08-16,10:41:47,Morning,Hyderabad,Telangana,Fatal,Clear,Moderate
2934,2025-11-03,07:11:00,Morning,Hyderabad,Telangana,Serious,Cloudy,Heavy
2935,2026-02-22,19:12:16,Evening,Hyderabad,Telangana,Fatal,Storm,Heavy
2936,2025-07-12,12:15:48,Afternoon,Delhi,Delhi,Serious,Storm,Low
2937,2026-01-31,11:48:42,Morning,Delhi,Delhi,Fatal,Clear,Heavy
2938,2025-12-20,17:17:18,Evening,Mumbai,Maharashtra,Serious,Storm,Low
2939,2025-08-28,18:38:16,Evening,Chennai,Tamil Nadu,Minor,Drizzle,Heavy
2940,2025-10-03,15:43:50,Afternoon,Chennai,Tamil Nadu,Serious,Drizzle,Heavy
2941,2026-02-20,18:47:29,Evening,Hyderabad,Telangana,Fatal,Storm,Low
2942,2025-06-30,03:25:19,Night,Hyderabad,Telangana,Serious,Rain,Low
2943,2026-03-21,10:29:33,Morning,Chennai,Tamil Nadu,Serious,Storm,Low
2944,2026-03-17,19:35:50,Evening,Delhi,Delhi,Fatal,Clear,Moderate
2945,2025-12-04,14:57:35,Afternoon,Bangalore,Karnataka,Minor,Storm,Heavy
2946,2025-07-17,14:48:21,Afternoon,Mumbai,Maharashtra,Serious,Cloudy,Low
2947,2025-07-10,09:36:10,Morning,Delhi,Delhi,Minor,Storm,Heavy
2948,2025-04-21,15:31:38,Afternoon,Mumbai,Maharashtra,Serious,Storm,Low
2949,2025-06-12,04:32:37,Night,Hyderabad,Telangana,Minor,Clear,Moderate
2950,2025-11-17,20:07:53,Evening,Hyderabad,Telangana,Serious,Cloudy,Low
2951,2025-07-16,11:33:23,Morning,Chennai,Tamil Nadu,Serious,Rain,Heavy
2952,2025-06-18,11:07:15,Morning,Visakhapatnam,Andhra Pradesh,Serious,Rain,Heavy
2953,2025-10-03,22:31:44,Night,Delhi,Delhi,Serious,Fog,Heavy
2954,2025-05-10,04:04:23,Night,Mumbai,Maharashtra,Fatal,Rain,Moderate
2955,2026-01-13,19:42:49,Evening,Bangalore,Karnataka,Minor,Storm,Heavy
2956,2025-07-14,00:23:31,Night,Hyderabad,Telangana,Fatal,Clear,Moderate
2957,2025-08-01,10:05:54,Morning,Delhi,Delhi,Serious,Storm,Low
2958,2025-11-26,23:04:54,Night,Chennai,Tamil Nadu,Minor,Clear,Heavy
2959,2025-12-13,23:24:49,Night,Mumbai,Maharashtra,Fatal,Storm,Low
2960,2025-12-20,23:37:35,Night,Hyderabad,Telangana,Fatal,Storm,Low
2961,2025-09-03,15:17:37,Afternoon,Hyderabad,Telangana,Serious,Clear,Heavy
2962,2025-04-25,18:36:10,Evening,Mumbai,Maharashtra,Fatal,Fog,Heavy
2963,2025-06-07,17:04:19,Evening,Mumbai,Maharashtra,Minor,Fog,Heavy
2964,2025-04-27,19:04:06,Evening,Mumbai,Maharashtra,Minor,Clear,Low
2965,2025-07-13,18:17:10,Evening,Mumbai,Maharashtra,Minor,Fog,Heavy
2966,2025-07-13,19:12:28,Evening,Mumbai,Maharashtra,Serious,Fog,Low
2967,2026-01-04,09:30:13,Morning,Mumbai,Maharashtra,Minor,Drizzle,Low
2968,2025-12-29,09:08:19,Morning,Bangalore,Karnataka,Minor,Rain,Moderate
2969,2025-06-01,09:40:15,Morning,Visakhapatnam,Andhra Pradesh,Fatal,Storm,Heavy
2970,2026-04-03,04:54:13,Night,Chennai,Tamil Nadu,Minor,Cloudy,Heavy
2971,2026-03-12,17:45:35,Evening,Mumbai,Maharashtra,Fatal,Clear,Heavy
2972,2025-09-12,16:26:50,Afternoon,Visakhapatnam,Andhra Pradesh,Serious,Rain,Heavy
2973,2026-03-19,19:54:34,Evening,Visakhapatnam,Andhra Pradesh,Fatal,Clear,Heavy
2974,2025-10-07,11:44:00,Morning,Bangalore,Karnataka,Minor,Drizzle,Heavy
2975,2025-09-25,03:07:58,Night,Bangalore,Karnataka,Serious,Cloudy,Low
2976,2025-12-28,02:07:03,Night,Visakhapatnam,Andhra Pradesh,Fatal,Fog,Moderate
2977,2025-12-15,12:42:48,Afternoon,Mumbai,Maharashtra,Minor,Drizzle,Low
2978,2025-04-22,17:54:05,Evening,Visakhapatnam,Andhra Pradesh,Serious,Cloudy,Low
2979,2025-12-06,17:10:00,Evening,Hyderabad,Telangana,Fatal,Cloudy,Low
2980,2026-02-02,01:19:29,Night,Hyderabad,Telangana,Fatal,Cloudy,Heavy
2981,2025-09-26,15:18:05,Afternoon,Mumbai,Maharashtra,Serious,Drizzle,Low
2982,2025-07-10,20:09:18,Evening,Chennai,Tamil Nadu,Minor,Fog,Low
2983,2025-06-28,02:32:31,Night,Bangalore,Karnataka,Serious,Clear,Low
2984,2025-08-23,16:08:11,Afternoon,Chennai,Tamil Nadu,Minor,Cloudy,Low
2985,2025-10-12,07:39:46,Morning,Visakhapatnam,Andhra Pradesh,Serious,Drizzle,Heavy
2986,2026-01-22,23:06:46,Night,Visakhapatnam,Andhra Pradesh,Fatal,Cloudy,Heavy
2987,2025-11-06,20:30:29,Evening,Chennai,Tamil Nadu,Fatal,Storm,Moderate
2988,2025-05-06,22:52:24,Night,Delhi,Delhi,Minor,Storm,Low
2989,2025-06-04,21:02:24,Night,Hyderabad,Telangana,Serious,Clear,Low
2990,2025-04-12,02:36:32,Night,Hyderabad,Telangana,Fatal,Rain,Moderate
2991,2025-11-09,18:19:53,Evening,Visakhapatnam,Andhra Pradesh,Minor,Drizzle,Moderate
2992,2025-06-05,09:48:16,Morning,Bangalore,Karnataka,Minor,Drizzle,Heavy
2993,2025-06-18,07:38:24,Morning,Hyderabad,Telangana,Minor,Fog,Moderate
2994,2025-06-25,20:45:33,Evening,Hyderabad,Telangana,Minor,Clear,Heavy
2995,2025-10-16,16:49:09,Afternoon,Mumbai,Maharashtra,Serious,Storm,Moderate
2996,2026-02-20,06:17:44,Morning,Delhi,Delhi,Fatal,Drizzle,Moderate
2997,2025-09-23,12:39:50,Afternoon,Chennai,Tamil Nadu,Minor,Fog,Moderate
2998,2025-07-31,03:23:54,Night,Delhi,Delhi,Minor,Storm,Heavy
2999,2026-03-15,21:58:26,Night,Hyderabad,Telangana,Minor,Drizzle,Low
3000,2025-10-11,22:32:11,Night,Mumbai,Maharashtra,Minor,Drizzle,Low
3001,2025-06-08,10:22:08,Morning,Visakhapatnam,Andhra Pradesh,Serious,Clear,Heavy
3002,2025-12-12,10:46:36,Morning,Chennai,Tamil Nadu,Minor,Storm,Moderate
3003,2025-04-17,20:11:19,Evening,Hyderabad,Telangana,Fatal,Rain,Moderate
3004,2026-02-28,15:31:20,Afternoon,Chennai,Tamil Nadu,Fatal,Storm,Low
3005,2025-07-01,04:07:24,Night,Mumbai,Maharashtra,Minor,Cloudy,Low
3006,2025-09-22,16:31:49,Afternoon,Hyderabad,Telangana,Serious,Rain,Moderate
3007,2025-09-17,23:37:25,Night,Chennai,Tamil Nadu,Minor,Storm,Heavy
3008,2025-04-29,13:57:02,Afternoon,Mumbai,Maharashtra,Serious,Rain,Low
3009,2026-03-12,20:13:54,Evening,Bangalore,Karnataka,Fatal,Storm,Heavy
3010,2025-08-28,10:23:47,Morning,Bangalore,Karnataka,Serious,Storm,Moderate
3011,2025-05-28,23:10:58,Night,Chennai,Tamil Nadu,Minor,Clear,Heavy
3012,2025-04-16,21:32:14,Night,Delhi,Delhi,Fatal,Cloudy,Moderate
3013,2025-10-09,00:36:57,Night,Mumbai,Maharashtra,Minor,Storm,Heavy
3014,2025-06-14,20:47:28,Evening,Visakhapatnam,Andhra Pradesh,Minor,Fog,Heavy
3015,2025-11-22,18:43:40,Evening,Bangalore,Karnataka,Fatal,Cloudy,Low
3016,2025-12-29,13:36:43,Afternoon,Delhi,Delhi,Minor,Rain,Low
3017,2026-02-13,04:09:58,Night,Bangalore,Karnataka,Minor,Fog,Heavy
3018,2025-08-31,00:54:44,Night,Visakhapatnam,Andhra Pradesh,Fatal,Cloudy,Heavy
3019,2025-06-27,01:49:35,Night,Hyderabad,Telangana,Minor,Rain,Heavy
3020,2025-05-24,03:07:26,Night,Hyderabad,Telangana,Minor,Clear,Moderate
3021,2025-04-29,21:54:26,Night,Mumbai,Maharashtra,Serious,Clear,Heavy
3022,2026-02-05,18:09:15,Evening,Delhi,Delhi,Fatal,Drizzle,Moderate
3023,2025-07-09,13:21:51,Afternoon,Visakhapatnam,Andhra Pradesh,Fatal,Clear,Low
3024,2025-10-11,16:25:39,Afternoon,Delhi,Delhi,Serious,Drizzle,Low
3025,2025-05-25,01:46:50,Night,Visakhapatnam,Andhra Pradesh,Fatal,Storm,Low
3026,2026-03-10,13:53:57,Afternoon,Mumbai,Maharashtra,Minor,Drizzle,Low
3027,2025-11-19,21:34:40,Night,Visakhapatnam,Andhra Pradesh,Serious,Fog,Heavy
3028,2025-06-12,07:51:08,Morning,Mumbai,Maharashtra,Minor,Storm,Moderate
3029,2025-06-20,10:16:10,Morning,Delhi,Delhi,Serious,Rain,Heavy
3030,2025-06-18,00:13:58,Night,Chennai,Tamil Nadu,Serious,Storm,Low
3031,2025-10-05,07:39:54,Morning,Visakhapatnam,Andhra Pradesh,Fatal,Cloudy,Low
3032,2025-08-14,15:09:20,Afternoon,Visakhapatnam,Andhra Pradesh,Minor,Clear,Moderate
3033,2025-06-19,05:04:00,Morning,Delhi,Delhi,Serious,Rain,Low
3034,2025-05-19,10:30:32,Morning,Visakhapatnam,Andhra Pradesh,Serious,Drizzle,Low
3035,2026-02-04,22:25:56,Night,Chennai,Tamil Nadu,Fatal,Drizzle,Moderate
3036,2025-07-23,03:23:11,Night,Visakhapatnam,Andhra Pradesh,Serious,Clear,Heavy
3037,2025-07-10,13:48:35,Afternoon,Delhi,Delhi,Minor,Cloudy,Low
3038,2026-03-25,20:24:34,Evening,Delhi,Delhi,Fatal,Drizzle,Moderate
3039,2025-05-17,05:39:27,Morning,Delhi,Delhi,Minor,Cloudy,Moderate
3040,2025-10-24,01:44:53,Night,Mumbai,Maharashtra,Minor,Storm,Heavy
3041,2025-05-26,18:48:19,Evening,Visakhapatnam,Andhra Pradesh,Fatal,Drizzle,Low
3042,2025-09-30,13:51:19,Afternoon,Mumbai,Maharashtra,Fatal,Drizzle,Heavy
3043,2025-05-17,00:35:33,Night,Chennai,Tamil Nadu,Minor,Cloudy,Moderate
3044,2025-11-04,01:24:53,Night,Visakhapatnam,Andhra Pradesh,Serious,Drizzle,Moderate
3045,2025-07-01,22:27:20,Night,Visakhapatnam,Andhra Pradesh,Fatal,Storm,Heavy
3046,2025-10-31,03:17:20,Night,Mumbai,Maharashtra,Serious,Drizzle,Heavy
3047,2025-04-10,02:06:41,Night,Bangalore,Karnataka,Serious,Fog,Low
3048,2026-02-03,10:45:22,Morning,Hyderabad,Telangana,Minor,Cloudy,Low
3049,2025-10-13,07:48:39,Morning,Bangalore,Karnataka,Minor,Fog,Low
3050,2025-12-17,20:27:02,Evening,Visakhapatnam,Andhra Pradesh,Minor,Storm,Heavy
3051,2026-02-26,06:48:44,Morning,Chennai,Tamil Nadu,Minor,Rain,Heavy
3052,2026-01-25,23:04:33,Night,Mumbai,Maharashtra,Serious,Cloudy,Heavy
3053,2026-01-16,15:59:13,Afternoon,Visakhapatnam,Andhra Pradesh,Serious,Cloudy,Moderate
3054,2025-07-17,17:42:29,Evening,Delhi,Delhi,Serious,Drizzle,Heavy
3055,2026-02-08,21:09:12,Night,Chennai,Tamil Nadu,Fatal,Drizzle,Moderate
3056,2026-01-10,03:54:20,Night,Bangalore,Karnataka,Minor,Storm,Heavy
3057,2026-02-22,04:22:58,Night,Mumbai,Maharashtra,Fatal,Drizzle,Low
3058,2026-01-19,23:56:08,Night,Visakhapatnam,Andhra Pradesh,Fatal,Drizzle,Moderate
3059,2026-02-03,09:30:43,Morning,Chennai,Tamil Nadu,Fatal,Rain,Low
3060,2026-02-16,06:45:25,Morning,Chennai,Tamil Nadu,Serious,Fog,Low
3061,2025-12-20,14:23:10,Afternoon,Chennai,Tamil Nadu,Minor,Drizzle,Low
3062,2025-05-01,01:31:13,Night,Bangalore,Karnataka,Serious,Cloudy,Heavy
3063,2025-09-26,22:38:38,Night,Hyderabad,Telangana,Minor,Clear,Heavy
3064,2026-04-04,20:35:25,Evening,Bangalore,Karnataka,Serious,Storm,Low
3065,2025-08-27,02:40:24,Night,Mumbai,Maharashtra,Minor,Clear,Low
3066,2025-07-31,07:19:26,Morning,Visakhapatnam,Andhra Pradesh,Fatal,Drizzle,Heavy
3067,2026-01-14,16:37:44,Afternoon,Mumbai,Maharashtra,Minor,Clear,Heavy
3068,2026-03-29,21:14:05,Night,Mumbai,Maharashtra,Serious,Drizzle,Low
3069,2026-03-20,17:11:59,Evening,Delhi,Delhi,Fatal,Rain,Moderate
3070,2025-07-15,18:07:26,Evening,Hyderabad,Telangana,Serious,Rain,Heavy
3071,2025-06-01,16:10:25,Afternoon,Visakhapatnam,Andhra Pradesh,Minor,Clear,Heavy
3072,2025-07-29,16:06:44,Afternoon,Visakhapatnam,Andhra Pradesh,Fatal,Rain,Heavy
3073,2025-08-22,18:34:51,Evening,Hyderabad,Telangana,Fatal,Rain,Low
3074,2025-09-16,06:35:04,Morning,Mumbai,Maharashtra,Fatal,Rain,Low
3075,2025-04-14,07:02:11,Morning,Mumbai,Maharashtra,Serious,Storm,Low
3076,2025-12-01,05:27:15,Morning,Hyderabad,Telangana,Fatal,Fog,Low
3077,2025-06-08,06:19:30,Morning,Hyderabad,Telangana,Serious,Clear,Heavy
3078,2026-01-20,07:53:49,Morning,Bangalore,Karnataka,Serious,Drizzle,Heavy
3079,2025-10-29,10:16:02,Morning,Hyderabad,Telangana,Fatal,Rain,Moderate
3080,2025-05-06,14:19:00,Afternoon,Visakhapatnam,Andhra Pradesh,Fatal,Rain,Heavy
3081,2025-09-29,05:32:37,Morning,Mumbai,Maharashtra,Serious,Rain,Moderate
3082,2025-12-06,17:48:31,Evening,Chennai,Tamil Nadu,Minor,Clear,Moderate
3083,2026-03-09,04:10:48,Night,Mumbai,Maharashtra,Serious,Clear,Heavy
3084,2025-12-12,14:22:08,Afternoon,Mumbai,Maharashtra,Minor,Clear,Heavy
3085,2026-01-21,22:12:24,Night,Bangalore,Karnataka,Minor,Drizzle,Moderate
3086,2026-03-30,11:42:24,Morning,Visakhapatnam,Andhra Pradesh,Minor,Clear,Low
3087,2025-08-07,00:41:27,Night,Bangalore,Karnataka,Minor,Storm,Heavy
3088,2025-12-04,12:06:33,Afternoon,Hyderabad,Telangana,Fatal,Fog,Heavy
3089,2025-10-24,02:40:10,Night,Mumbai,Maharashtra,Fatal,Rain,Moderate
3090,2025-07-27,17:59:58,Evening,Mumbai,Maharashtra,Serious,Rain,Heavy
3091,2025-12-09,08:12:38,Morning,Hyderabad,Telangana,Fatal,Fog,Moderate
3092,2025-07-05,13:44:28,Afternoon,Mumbai,Maharashtra,Serious,Clear,Heavy
3093,2026-03-11,17:30:37,Evening,Chennai,Tamil Nadu,Serious,Drizzle,Low
3094,2025-07-10,04:58:22,Night,Hyderabad,Telangana,Serious,Rain,Low
3095,2026-01-26,15:04:08,Afternoon,Chennai,Tamil Nadu,Serious,Cloudy,Low
3096,2025-10-16,07:14:52,Morning,Bangalore,Karnataka,Fatal,Clear,Heavy
3097,2025-05-10,12:35:47,Afternoon,Chennai,Tamil Nadu,Serious,Clear,Moderate
3098,2025-10-26,14:44:05,Afternoon,Delhi,Delhi,Minor,Cloudy,Moderate
3099,2025-05-30,20:05:45,Evening,Bangalore,Karnataka,Minor,Rain,Low
3100,2026-03-31,09:17:27,Morning,Visakhapatnam,Andhra Pradesh,Minor,Clear,Heavy
3101,2025-07-20,17:36:47,Evening,Visakhapatnam,Andhra Pradesh,Minor,Fog,Heavy
3102,2025-10-15,04:58:03,Night,Visakhapatnam,Andhra Pradesh,Minor,Drizzle,Heavy
3103,2025-12-31,08:15:28,Morning,Hyderabad,Telangana,Fatal,Drizzle,Heavy
3104,2026-03-17,01:32:43,Night,Chennai,Tamil Nadu,Minor,Rain,Heavy
3105,2025-05-09,10:17:25,Morning,Delhi,Delhi,Minor,Rain,Heavy
3106,2026-02-23,03:27:59,Night,Bangalore,Karnataka,Fatal,Fog,Low
3107,2025-08-20,15:35:31,Afternoon,Visakhapatnam,Andhra Pradesh,Serious,Storm,Moderate
3108,2025-06-16,16:10:41,Afternoon,Delhi,Delhi,Serious,Clear,Moderate
3109,2026-02-21,22:08:55,Night,Delhi,Delhi,Serious,Fog,Low
3110,2025-09-21,16:07:58,Afternoon,Bangalore,Karnataka,Minor,Cloudy,Heavy
3111,2026-03-05,22:59:09,Night,Mumbai,Maharashtra,Fatal,Clear,Low
3112,2025-10-11,16:44:16,Afternoon,Delhi,Delhi,Serious,Rain,Moderate
3113,2025-11-19,02:15:42,Night,Hyderabad,Telangana,Serious,Drizzle,Low
3114,2026-01-24,05:42:42,Morning,Bangalore,Karnataka,Fatal,Clear,Heavy
3115,2026-01-25,12:29:11,Afternoon,Mumbai,Maharashtra,Fatal,Cloudy,Low
3116,2026-03-29,23:26:55,Night,Chennai,Tamil Nadu,Fatal,Drizzle,Low
3117,2025-09-01,17:10:51,Evening,Visakhapatnam,Andhra Pradesh,Serious,Cloudy,Heavy
3118,2026-01-06,01:04:15,Night,Delhi,Delhi,Fatal,Fog,Moderate
3119,2025-10-31,12:24:27,Afternoon,Visakhapatnam,Andhra Pradesh,Fatal,Fog,Low
3120,2026-01-11,08:51:17,Morning,Mumbai,Maharashtra,Serious,Fog,Low
3121,2025-09-20,12:04:57,Afternoon,Delhi,Delhi,Fatal,Clear,Heavy
3122,2025-08-12,05:20:33,Morning,Mumbai,Maharashtra,Minor,Storm,Heavy
3123,2026-01-10,02:52:27,Night,Visakhapatnam,Andhra Pradesh,Serious,Clear,Heavy
3124,2026-02-24,04:40:59,Night,Mumbai,Maharashtra,Fatal,Fog,Heavy
3125,2025-06-16,17:01:18,Evening,Mumbai,Maharashtra,Minor,Rain,Low
3126,2025-10-25,20:58:11,Evening,Delhi,Delhi,Fatal,Cloudy,Low
3127,2025-06-04,04:31:06,Night,Delhi,Delhi,Minor,Fog,Low
3128,2026-03-08,10:52:40,Morning,Hyderabad,Telangana,Fatal,Clear,Moderate
3129,2025-07-09,08:49:42,Morning,Delhi,Delhi,Minor,Clear,Low
3130,2025-06-20,23:01:17,Night,Visakhapatnam,Andhra Pradesh,Fatal,Clear,Heavy
3131,2026-02-13,14:59:06,Afternoon,Hyderabad,Telangana,Serious,Cloudy,Heavy
3132,2025-11-06,07:57:31,Morning,Visakhapatnam,Andhra Pradesh,Serious,Drizzle,Moderate
3133,2025-12-26,20:28:57,Evening,Mumbai,Maharashtra,Minor,Fog,Moderate
3134,2025-06-27,23:53:51,Night,Delhi,Delhi,Serious,Storm,Moderate
3135,2026-02-22,22:04:27,Night,Visakhapatnam,Andhra Pradesh,Fatal,Fog,Moderate
3136,2025-05-17,04:55:32,Night,Delhi,Delhi,Serious,Cloudy,Heavy
3137,2025-04-24,04:52:30,Night,Hyderabad,Telangana,Serious,Cloudy,Heavy
3138,2025-09-02,16:15:01,Afternoon,Visakhapatnam,Andhra Pradesh,Minor,Rain,Moderate
3139,2025-12-13,11:16:04,Morning,Delhi,Delhi,Minor,Drizzle,Moderate
3140,2025-12-11,22:58:48,Night,Hyderabad,Telangana,Fatal,Cloudy,Moderate
3141,2025-09-12,01:48:44,Night,Visakhapatnam,Andhra Pradesh,Minor,Cloudy,Heavy
3142,2025-06-23,13:50:32,Afternoon,Mumbai,Maharashtra,Fatal,Drizzle,Moderate
3143,2026-02-02,08:42:25,Morning,Hyderabad,Telangana,Fatal,Fog,Low
3144,2025-09-28,07:10:10,Morning,Visakhapatnam,Andhra Pradesh,Serious,Drizzle,Heavy
3145,2025-12-27,02:37:35,Night,Chennai,Tamil Nadu,Minor,Drizzle,Low
3146,2025-08-10,13:16:56,Afternoon,Bangalore,Karnataka,Serious,Fog,Heavy
3147,2025-06-26,19:28:00,Evening,Bangalore,Karnataka,Serious,Cloudy,Moderate
3148,2025-09-26,13:17:14,Afternoon,Mumbai,Maharashtra,Minor,Storm,Low
3149,2025-05-10,09:18:23,Morning,Visakhapatnam,Andhra Pradesh,Serious,Cloudy,Moderate
3150,2025-09-29,08:14:26,Morning,Chennai,Tamil Nadu,Minor,Cloudy,Heavy
3151,2026-01-30,13:07:36,Afternoon,Hyderabad,Telangana,Minor,Fog,Heavy
3152,2025-08-12,18:59:00,Evening,Bangalore,Karnataka,Fatal,Cloudy,Low
3153,2025-05-23,04:44:16,Night,Visakhapatnam,Andhra Pradesh,Fatal,Drizzle,Heavy
3154,2026-03-20,06:08:53,Morning,Hyderabad,Telangana,Minor,Fog,Moderate
3155,2025-10-23,01:50:05,Night,Hyderabad,Telangana,Minor,Rain,Heavy
3156,2025-06-02,00:43:45,Night,Delhi,Delhi,Minor,Cloudy,Low
3157,2025-11-08,04:05:32,Night,Visakhapatnam,Andhra Pradesh,Minor,Fog,Heavy
3158,2025-08-01,04:59:28,Night,Chennai,Tamil Nadu,Serious,Drizzle,Heavy
3159,2025-09-04,01:41:54,Night,Hyderabad,Telangana,Minor,Cloudy,Moderate
3160,2026-02-27,07:27:09,Morning,Delhi,Delhi,Minor,Cloudy,Heavy
3161,2025-05-26,19:07:48,Evening,Visakhapatnam,Andhra Pradesh,Minor,Clear,Moderate
3162,2025-06-27,22:53:50,Night,Delhi,Delhi,Serious,Storm,Low
3163,2025-08-27,04:38:12,Night,Bangalore,Karnataka,Fatal,Rain,Low
3164,2025-09-04,06:22:41,Morning,Mumbai,Maharashtra,Serious,Storm,Heavy
3165,2025-11-10,03:18:44,Night,Bangalore,Karnataka,Minor,Rain,Heavy
3166,2025-06-01,16:12:40,Afternoon,Visakhapatnam,Andhra Pradesh,Fatal,Cloudy,Heavy
3167,2026-01-20,01:30:46,Night,Chennai,Tamil Nadu,Minor,Storm,Moderate
3168,2025-06-16,08:21:11,Morning,Hyderabad,Telangana,Minor,Drizzle,Heavy
3169,2025-05-01,18:04:40,Evening,Mumbai,Maharashtra,Minor,Fog,Heavy
3170,2026-01-02,02:06:50,Night,Visakhapatnam,Andhra Pradesh,Serious,Clear,Low
3171,2025-06-27,15:54:57,Afternoon,Bangalore,Karnataka,Serious,Rain,Moderate
3172,2025-05-19,03:35:52,Night,Visakhapatnam,Andhra Pradesh,Fatal,Drizzle,Heavy
3173,2025-09-03,00:26:16,Night,Chennai,Tamil Nadu,Serious,Clear,Heavy
3174,2025-10-23,12:37:56,Afternoon,Chennai,Tamil Nadu,Serious,Clear,Low
3175,2025-04-24,07:16:12,Morning,Visakhapatnam,Andhra Pradesh,Minor,Storm,Heavy
3176,2025-09-04,13:51:27,Afternoon,Delhi,Delhi,Fatal,Rain,Low
3177,2026-02-14,16:12:27,Afternoon,Visakhapatnam,Andhra Pradesh,Fatal,Clear,Moderate
3178,2026-03-24,23:07:49,Night,Mumbai,Maharashtra,Minor,Fog,Low
3179,2025-11-21,17:17:02,Evening,Delhi,Delhi,Fatal,Fog,Moderate
3180,2026-01-25,08:11:23,Morning,Hyderabad,Telangana,Minor,Rain,Heavy
3181,2025-10-11,13:35:26,Afternoon,Visakhapatnam,Andhra Pradesh,Minor,Rain,Low
3182,2026-03-18,11:53:36,Morning,Chennai,Tamil Nadu,Minor,Rain,Moderate
3183,2025-11-02,19:20:08,Evening,Delhi,Delhi,Fatal,Storm,Moderate
3184,2025-11-05,16:48:13,Afternoon,Hyderabad,Telangana,Fatal,Storm,Moderate
3185,2025-10-29,05:31:48,Morning,Chennai,Tamil Nadu,Fatal,Cloudy,Low
3186,2026-03-16,12:02:44,Afternoon,Mumbai,Maharashtra,Fatal,Fog,Low
3187,2025-10-25,01:29:52,Night,Hyderabad,Telangana,Fatal,Fog,Heavy
3188,2026-03-13,09:58:11,Morning,Hyderabad,Telangana,Fatal,Storm,Heavy
3189,2026-01-29,13:03:23,Afternoon,Mumbai,Maharashtra,Minor,Rain,Heavy
3190,2026-03-27,20:17:35,Evening,Visakhapatnam,Andhra Pradesh,Fatal,Cloudy,Low
3191,2025-11-21,07:14:33,Morning,Delhi,Delhi,Fatal,Clear,Moderate
3192,2025-06-13,18:00:12,Evening,Bangalore,Karnataka,Fatal,Rain,Low
3193,2025-11-09,23:46:40,Night,Chennai,Tamil Nadu,Fatal,Fog,Low
3194,2025-05-17,00:02:19,Night,Visakhapatnam,Andhra Pradesh,Serious,Fog,Low
3195,2025-11-27,05:34:36,Morning,Bangalore,Karnataka,Fatal,Fog,Low
3196,2026-04-04,12:59:01,Afternoon,Delhi,Delhi,Serious,Storm,Moderate
3197,2026-04-01,06:35:12,Morning,Visakhapatnam,Andhra Pradesh,Minor,Storm,Moderate
3198,2025-09-23,01:21:32,Night,Chennai,Tamil Nadu,Serious,Drizzle,Heavy
3199,2025-08-15,13:27:02,Afternoon,Hyderabad,Telangana,Minor,Cloudy,Moderate
3200,2025-05-28,06:00:20,Morning,Delhi,Delhi,Serious,Storm,Moderate
3201,2025-05-24,16:40:05,Afternoon,Delhi,Delhi,Minor,Drizzle,Moderate
3202,2025-10-09,10:30:31,Morning,Bangalore,Karnataka,Minor,Fog,Heavy
3203,2025-05-28,19:08:44,Evening,Mumbai,Maharashtra,Serious,Rain,Heavy
3204,2025-08-23,10:59:11,Morning,Visakhapatnam,Andhra Pradesh,Serious,Fog,Moderate
3205,2026-01-31,09:44:56,Morning,Bangalore,Karnataka,Minor,Drizzle,Moderate
3206,2025-04-29,17:58:36,Evening,Visakhapatnam,Andhra Pradesh,Serious,Drizzle,Low
3207,2026-03-09,10:38:12,Morning,Hyderabad,Telangana,Serious,Clear,Low
3208,2025-12-26,08:17:13,Morning,Hyderabad,Telangana,Serious,Rain,Moderate
3209,2025-06-29,06:58:08,Morning,Delhi,Delhi,Serious,Cloudy,Heavy
3210,2025-04-16,02:39:01,Night,Bangalore,Karnataka,Minor,Storm,Low
3211,2026-02-19,13:18:41,Afternoon,Hyderabad,Telangana,Minor,Clear,Moderate
3212,2026-03-28,11:36:53,Morning,Mumbai,Maharashtra,Fatal,Rain,Low
3213,2025-04-07,20:22:17,Evening,Chennai,Tamil Nadu,Serious,Drizzle,Moderate
3214,2025-05-06,03:35:39,Night,Chennai,Tamil Nadu,Minor,Clear,Moderate
3215,2025-06-19,11:07:13,Morning,Chennai,Tamil Nadu,Minor,Drizzle,Moderate
3216,2026-03-01,04:35:46,Night,Bangalore,Karnataka,Minor,Rain,Moderate
3217,2025-06-25,19:06:23,Evening,Visakhapatnam,Andhra Pradesh,Minor,Storm,Low
3218,2025-08-31,01:05:51,Night,Mumbai,Maharashtra,Minor,Drizzle,Heavy
3219,2025-11-08,09:50:50,Morning,Delhi,Delhi,Fatal,Fog,Low
3220,2025-04-07,09:09:25,Morning,Chennai,Tamil Nadu,Minor,Fog,Low
3221,2026-03-17,19:42:55,Evening,Mumbai,Maharashtra,Minor,Storm,Moderate
3222,2025-06-28,18:19:56,Evening,Visakhapatnam,Andhra Pradesh,Minor,Drizzle,Heavy
3223,2025-07-31,07:09:12,Morning,Chennai,Tamil Nadu,Serious,Fog,Moderate
3224,2025-08-08,16:10:50,Afternoon,Delhi,Delhi,Serious,Cloudy,Heavy
3225,2025-10-19,09:48:01,Morning,Bangalore,Karnataka,Fatal,Cloudy,Moderate
3226,2025-08-24,00:33:35,Night,Chennai,Tamil Nadu,Minor,Cloudy,Heavy
3227,2025-10-27,20:04:31,Evening,Chennai,Tamil Nadu,Minor,Storm,Heavy
3228,2026-03-14,10:12:04,Morning,Delhi,Delhi,Fatal,Storm,Heavy
3229,2025-11-15,05:59:59,Morning,Hyderabad,Telangana,Fatal,Cloudy,Heavy
3230,2025-10-28,08:33:20,Morning,Visakhapatnam,Andhra Pradesh,Fatal,Storm,Low
3231,2025-09-08,08:36:58,Morning,Chennai,Tamil Nadu,Fatal,Drizzle,Low
3232,2026-03-16,06:23:33,Morning,Hyderabad,Telangana,Fatal,Clear,Heavy
3233,2025-05-04,06:34:32,Morning,Hyderabad,Telangana,Serious,Cloudy,Low
3234,2026-02-26,19:18:24,Evening,Mumbai,Maharashtra,Serious,Clear,Low
3235,2025-04-10,09:32:51,Morning,Bangalore,Karnataka,Fatal,Clear,Heavy
3236,2026-01-21,21:01:13,Night,Delhi,Delhi,Fatal,Fog,Heavy
3237,2026-01-25,01:07:41,Night,Mumbai,Maharashtra,Minor,Fog,Heavy
3238,2026-03-25,23:24:57,Night,Bangalore,Karnataka,Fatal,Rain,Heavy
3239,2025-07-05,19:30:41,Evening,Chennai,Tamil Nadu,Fatal,Drizzle,Low
3240,2025-12-04,02:29:57,Night,Visakhapatnam,Andhra Pradesh,Fatal,Cloudy,Heavy
3241,2026-04-03,11:53:59,Morning,Chennai,Tamil Nadu,Serious,Rain,Moderate
3242,2025-08-16,17:31:50,Evening,Delhi,Delhi,Serious,Fog,Low
3243,2025-12-01,07:16:46,Morning,Visakhapatnam,Andhra Pradesh,Minor,Drizzle,Low
3244,2025-08-13,01:14:34,Night,Mumbai,Maharashtra,Serious,Rain,Heavy
3245,2026-02-21,11:07:51,Morning,Visakhapatnam,Andhra Pradesh,Fatal,Clear,Moderate
3246,2025-12-13,16:46:46,Afternoon,Visakhapatnam,Andhra Pradesh,Serious,Clear,Low
3247,2026-02-18,23:25:20,Night,Bangalore,Karnataka,Fatal,Storm,Low
3248,2025-07-03,05:04:22,Morning,Delhi,Delhi,Minor,Cloudy,Heavy
3249,2025-06-03,17:35:34,Evening,Delhi,Delhi,Serious,Cloudy,Low
3250,2026-01-03,16:33:22,Afternoon,Delhi,Delhi,Fatal,Drizzle,Moderate
3251,2025-04-07,03:13:07,Night,Hyderabad,Telangana,Serious,Drizzle,Heavy
3252,2025-07-11,14:11:10,Afternoon,Bangalore,Karnataka,Minor,Drizzle,Low
3253,2025-07-03,17:32:01,Evening,Visakhapatnam,Andhra Pradesh,Serious,Cloudy,Low
3254,2025-05-29,12:48:53,Afternoon,Chennai,Tamil Nadu,Serious,Cloudy,Moderate
3255,2026-03-22,08:39:23,Morning,Hyderabad,Telangana,Minor,Clear,Heavy
3256,2025-10-19,12:53:05,Afternoon,Visakhapatnam,Andhra Pradesh,Fatal,Drizzle,Heavy
3257,2025-12-04,17:10:43,Evening,Bangalore,Karnataka,Fatal,Fog,Moderate
3258,2025-08-18,20:11:15,Evening,Delhi,Delhi,Fatal,Rain,Moderate
3259,2025-08-29,16:20:19,Afternoon,Chennai,Tamil Nadu,Serious,Storm,Heavy
3260,2025-07-24,08:27:37,Morning,Delhi,Delhi,Serious,Storm,Heavy
3261,2025-05-09,07:37:04,Morning,Mumbai,Maharashtra,Minor,Drizzle,Moderate
3262,2025-08-14,17:50:22,Evening,Bangalore,Karnataka,Serious,Drizzle,Low
3263,2026-01-04,08:30:57,Morning,Hyderabad,Telangana,Fatal,Rain,Heavy
3264,2025-08-12,23:42:14,Night,Chennai,Tamil Nadu,Fatal,Storm,Heavy
3265,2025-07-14,14:04:07,Afternoon,Mumbai,Maharashtra,Minor,Clear,Heavy
3266,2025-07-21,05:06:27,Morning,Mumbai,Maharashtra,Serious,Rain,Low
3267,2026-01-09,23:01:11,Night,Visakhapatnam,Andhra Pradesh,Minor,Rain,Moderate
3268,2025-10-13,20:58:20,Evening,Delhi,Delhi,Fatal,Rain,Heavy
3269,2025-04-09,09:01:09,Morning,Chennai,Tamil Nadu,Minor,Cloudy,Low
3270,2025-06-07,01:49:05,Night,Delhi,Delhi,Minor,Cloudy,Low
3271,2025-07-19,05:31:28,Morning,Visakhapatnam,Andhra Pradesh,Minor,Storm,Moderate
3272,2025-10-16,12:18:37,Afternoon,Hyderabad,Telangana,Serious,Drizzle,Low
3273,2025-12-01,04:40:53,Night,Delhi,Delhi,Fatal,Clear,Low
3274,2025-11-28,03:03:37,Night,Chennai,Tamil Nadu,Minor,Rain,Moderate
3275,2026-03-24,13:29:46,Afternoon,Visakhapatnam,Andhra Pradesh,Serious,Drizzle,Low
3276,2025-12-18,16:50:02,Afternoon,Delhi,Delhi,Serious,Clear,Heavy
3277,2025-10-04,17:13:58,Evening,Delhi,Delhi,Minor,Rain,Heavy
3278,2025-11-24,20:41:42,Evening,Delhi,Delhi,Fatal,Rain,Low
3279,2025-06-30,21:34:44,Night,Hyderabad,Telangana,Fatal,Fog,Heavy
3280,2025-04-17,22:50:35,Night,Hyderabad,Telangana,Fatal,Clear,Moderate
3281,2025-08-05,01:57:36,Night,Chennai,Tamil Nadu,Minor,Rain,Heavy
3282,2025-07-17,18:30:18,Evening,Hyderabad,Telangana,Fatal,Clear,Moderate
3283,2025-08-07,20:53:32,Evening,Mumbai,Maharashtra,Minor,Storm,Low
3284,2025-11-09,00:44:04,Night,Bangalore,Karnataka,Minor,Fog,Heavy
3285,2025-05-06,18:32:02,Evening,Hyderabad,Telangana,Serious,Fog,Heavy
3286,2025-11-01,20:08:54,Evening,Chennai,Tamil Nadu,Minor,Rain,Heavy
3287,2025-11-24,08:12:21,Morning,Chennai,Tamil Nadu,Serious,Fog,Low
3288,2025-12-13,22:00:48,Night,Delhi,Delhi,Minor,Storm,Heavy
3289,2026-03-03,04:45:34,Night,Chennai,Tamil Nadu,Minor,Drizzle,Moderate
3290,2025-05-12,13:30:03,Afternoon,Mumbai,Maharashtra,Serious,Rain,Moderate
3291,2025-12-31,20:00:34,Evening,Hyderabad,Telangana,Minor,Drizzle,Moderate
3292,2026-01-08,01:47:42,Night,Bangalore,Karnataka,Serious,Drizzle,Heavy
3293,2025-04-10,06:49:48,Morning,Hyderabad,Telangana,Serious,Drizzle,Moderate
3294,2025-08-31,01:32:13,Night,Visakhapatnam,Andhra Pradesh,Minor,Cloudy,Moderate
3295,2025-09-14,19:27:55,Evening,Mumbai,Maharashtra,Minor,Cloudy,Moderate
3296,2025-09-29,12:49:17,Afternoon,Hyderabad,Telangana,Serious,Clear,Moderate
3297,2025-05-01,05:44:35,Morning,Delhi,Delhi,Serious,Drizzle,Moderate
3298,2026-01-04,07:02:02,Morning,Delhi,Delhi,Fatal,Cloudy,Heavy
3299,2025-06-29,13:47:35,Afternoon,Hyderabad,Telangana,Serious,Fog,Heavy
3300,2025-08-27,21:27:18,Night,Chennai,Tamil Nadu,Minor,Drizzle,Heavy
3301,2025-08-16,02:06:15,Night,Hyderabad,Telangana,Fatal,Rain,Moderate
3302,2026-02-16,03:30:28,Night,Visakhapatnam,Andhra Pradesh,Fatal,Drizzle,Low
3303,2025-08-31,21:17:24,Night,Delhi,Delhi,Serious,Drizzle,Low
3304,2025-04-15,11:04:16,Morning,Chennai,Tamil Nadu,Serious,Rain,Low
3305,2026-03-17,22:22:27,Night,Bangalore,Karnataka,Fatal,Rain,Moderate
3306,2025-10-28,13:17:37,Afternoon,Mumbai,Maharashtra,Minor,Rain,Moderate
3307,2026-01-02,06:38:14,Morning,Delhi,Delhi,Serious,Cloudy,Low
3308,2025-05-14,07:35:28,Morning,Visakhapatnam,Andhra Pradesh,Serious,Cloudy,Heavy
3309,2025-08-22,21:54:38,Night,Mumbai,Maharashtra,Serious,Rain,Heavy
3310,2026-01-29,00:56:32,Night,Delhi,Delhi,Minor,Cloudy,Low
3311,2025-06-22,16:09:21,Afternoon,Mumbai,Maharashtra,Fatal,Rain,Low
3312,2025-12-16,10:32:57,Morning,Hyderabad,Telangana,Minor,Cloudy,Heavy
3313,2025-11-04,13:57:00,Afternoon,Delhi,Delhi,Minor,Drizzle,Moderate
3314,2025-10-02,18:18:03,Evening,Hyderabad,Telangana,Minor,Clear,Low
3315,2026-02-11,06:01:05,Morning,Delhi,Delhi,Minor,Storm,Moderate
3316,2025-11-18,16:16:57,Afternoon,Chennai,Tamil Nadu,Serious,Storm,Heavy
3317,2025-06-07,18:02:54,Evening,Chennai,Tamil Nadu,Serious,Cloudy,Low
3318,2025-12-14,16:21:53,Afternoon,Mumbai,Maharashtra,Serious,Clear,Moderate
3319,2026-03-24,20:02:31,Evening,Visakhapatnam,Andhra Pradesh,Fatal,Storm,Moderate
3320,2025-06-24,17:46:26,Evening,Bangalore,Karnataka,Minor,Storm,Low
3321,2025-12-02,22:26:28,Night,Visakhapatnam,Andhra Pradesh,Minor,Storm,Low
3322,2026-01-23,00:44:00,Night,Mumbai,Maharashtra,Fatal,Rain,Heavy
3323,2025-11-25,03:07:01,Night,Mumbai,Maharashtra,Serious,Clear,Low
3324,2025-07-29,04:46:36,Night,Bangalore,Karnataka,Serious,Storm,Low
3325,2025-08-23,19:59:00,Evening,Visakhapatnam,Andhra Pradesh,Fatal,Rain,Moderate
3326,2025-08-20,01:27:09,Night,Hyderabad,Telangana,Minor,Clear,Moderate
3327,2025-05-27,19:51:56,Evening,Hyderabad,Telangana,Minor,Drizzle,Low
3328,2026-03-04,01:23:55,Night,Visakhapatnam,Andhra Pradesh,Serious,Storm,Moderate
3329,2025-06-08,13:35:35,Afternoon,Mumbai,Maharashtra,Serious,Fog,Moderate
3330,2025-05-09,03:16:32,Night,Bangalore,Karnataka,Minor,Cloudy,Moderate
3331,2025-09-02,14:49:34,Afternoon,Mumbai,Maharashtra,Serious,Storm,Heavy
3332,2026-03-03,00:32:34,Night,Hyderabad,Telangana,Fatal,Cloudy,Heavy
3333,2025-09-09,22:09:13,Night,Chennai,Tamil Nadu,Minor,Rain,Moderate
3334,2025-04-21,05:18:56,Morning,Delhi,Delhi,Serious,Storm,Heavy
3335,2025-08-12,06:41:21,Morning,Mumbai,Maharashtra,Minor,Drizzle,Low
3336,2025-05-31,17:03:20,Evening,Bangalore,Karnataka,Serious,Cloudy,Heavy
3337,2026-02-23,13:06:56,Afternoon,Delhi,Delhi,Serious,Cloudy,Heavy
3338,2025-11-26,09:21:43,Morning,Chennai,Tamil Nadu,Fatal,Storm,Heavy
3339,2025-11-13,08:00:46,Morning,Chennai,Tamil Nadu,Fatal,Clear,Moderate
3340,2025-08-29,19:59:29,Evening,Hyderabad,Telangana,Fatal,Fog,Heavy
3341,2025-07-10,19:14:44,Evening,Bangalore,Karnataka,Minor,Cloudy,Heavy
3342,2026-03-16,03:40:24,Night,Chennai,Tamil Nadu,Minor,Fog,Heavy
3343,2025-05-19,02:30:32,Night,Chennai,Tamil Nadu,Minor,Cloudy,Heavy
3344,2025-08-06,02:55:30,Night,Hyderabad,Telangana,Serious,Storm,Moderate
3345,2025-11-19,03:31:46,Night,Bangalore,Karnataka,Fatal,Storm,Heavy
3346,2025-06-01,05:01:46,Morning,Hyderabad,Telangana,Minor,Clear,Moderate
3347,2025-04-26,15:39:17,Afternoon,Visakhapatnam,Andhra Pradesh,Serious,Fog,Low
3348,2025-09-05,17:50:59,Evening,Chennai,Tamil Nadu,Minor,Rain,Heavy
3349,2025-10-03,06:11:10,Morning,Visakhapatnam,Andhra Pradesh,Serious,Drizzle,Moderate
3350,2025-06-12,02:41:06,Night,Mumbai,Maharashtra,Serious,Cloudy,Low
3351,2025-07-23,20:20:05,Evening,Mumbai,Maharashtra,Minor,Cloudy,Heavy
3352,2026-03-04,07:38:45,Morning,Mumbai,Maharashtra,Minor,Clear,Moderate
3353,2025-10-13,22:04:14,Night,Visakhapatnam,Andhra Pradesh,Fatal,Storm,Low
3354,2025-10-23,13:11:56,Afternoon,Chennai,Tamil Nadu,Fatal,Storm,Moderate
3355,2025-10-17,04:23:33,Night,Bangalore,Karnataka,Fatal,Clear,Heavy
3356,2025-04-22,04:16:24,Night,Visakhapatnam,Andhra Pradesh,Minor,Cloudy,Heavy
3357,2025-07-26,01:24:42,Night,Visakhapatnam,Andhra Pradesh,Fatal,Rain,Heavy
3358,2025-12-30,21:17:07,Night,Mumbai,Maharashtra,Serious,Storm,Heavy
3359,2025-11-30,13:49:37,Afternoon,Hyderabad,Telangana,Fatal,Drizzle,Low
3360,2026-02-14,01:19:18,Night,Visakhapatnam,Andhra Pradesh,Fatal,Storm,Low
3361,2025-10-02,23:24:00,Night,Delhi,Delhi,Serious,Storm,Heavy
3362,2026-01-04,04:34:36,Night,Chennai,Tamil Nadu,Minor,Cloudy,Moderate
3363,2025-05-13,09:35:13,Morning,Bangalore,Karnataka,Fatal,Fog,Heavy
3364,2025-06-11,02:55:54,Night,Visakhapatnam,Andhra Pradesh,Minor,Cloudy,Low
3365,2025-05-09,17:04:13,Evening,Hyderabad,Telangana,Minor,Storm,Low
3366,2025-12-08,06:55:54,Morning,Bangalore,Karnataka,Fatal,Clear,Moderate
3367,2025-10-01,17:19:30,Evening,Delhi,Delhi,Minor,Drizzle,Low
3368,2025-12-18,05:35:02,Morning,Bangalore,Karnataka,Serious,Drizzle,Moderate
3369,2025-09-08,19:48:05,Evening,Delhi,Delhi,Serious,Drizzle,Heavy
3370,2025-12-09,00:24:29,Night,Bangalore,Karnataka,Serious,Rain,Low
3371,2025-05-23,21:28:49,Night,Mumbai,Maharashtra,Fatal,Storm,Moderate
3372,2025-05-11,01:46:33,Night,Chennai,Tamil Nadu,Serious,Rain,Heavy
3373,2026-02-03,10:40:06,Morning,Delhi,Delhi,Serious,Rain,Moderate
3374,2025-04-13,11:35:31,Morning,Chennai,Tamil Nadu,Minor,Fog,Heavy
3375,2025-05-17,10:22:59,Morning,Chennai,Tamil Nadu,Fatal,Storm,Low
3376,2026-02-20,11:27:44,Morning,Mumbai,Maharashtra,Fatal,Cloudy,Low
3377,2026-01-03,14:05:47,Afternoon,Bangalore,Karnataka,Minor,Cloudy,Low
3378,2025-08-24,19:56:25,Evening,Bangalore,Karnataka,Fatal,Cloudy,Moderate
3379,2025-06-25,09:38:24,Morning,Delhi,Delhi,Fatal,Rain,Low
3380,2025-04-10,18:48:20,Evening,Delhi,Delhi,Fatal,Fog,Moderate
3381,2025-04-16,15:56:08,Afternoon,Visakhapatnam,Andhra Pradesh,Serious,Drizzle,Low
3382,2025-06-27,15:06:01,Afternoon,Delhi,Delhi,Minor,Drizzle,Low
3383,2026-01-20,14:33:54,Afternoon,Delhi,Delhi,Serious,Cloudy,Low
3384,2025-11-10,11:24:37,Morning,Hyderabad,Telangana,Serious,Fog,Heavy
3385,2025-08-19,19:58:15,Evening,Visakhapatnam,Andhra Pradesh,Fatal,Clear,Low
3386,2025-10-09,12:59:40,Afternoon,Chennai,Tamil Nadu,Serious,Clear,Heavy
3387,2026-01-28,17:58:21,Evening,Hyderabad,Telangana,Fatal,Fog,Moderate
3388,2025-07-31,05:05:29,Morning,Visakhapatnam,Andhra Pradesh,Minor,Cloudy,Heavy
3389,2025-10-20,06:07:20,Morning,Chennai,Tamil Nadu,Fatal,Clear,Heavy
3390,2025-06-04,10:40:50,Morning,Delhi,Delhi,Minor,Storm,Low
3391,2026-02-05,19:01:54,Evening,Bangalore,Karnataka,Serious,Drizzle,Moderate
3392,2025-04-07,15:14:38,Afternoon,Hyderabad,Telangana,Minor,Storm,Low
3393,2025-07-28,03:38:33,Night,Mumbai,Maharashtra,Fatal,Cloudy,Low
3394,2025-10-28,07:13:15,Morning,Chennai,Tamil Nadu,Minor,Clear,Heavy
3395,2025-12-10,16:35:44,Afternoon,Hyderabad,Telangana,Serious,Drizzle,Moderate
3396,2026-01-11,22:14:11,Night,Chennai,Tamil Nadu,Fatal,Cloudy,Heavy
3397,2025-09-22,07:32:44,Morning,Delhi,Delhi,Fatal,Drizzle,Heavy
3398,2025-12-16,17:14:44,Evening,Delhi,Delhi,Serious,Fog,Heavy
3399,2025-12-21,00:52:37,Night,Delhi,Delhi,Fatal,Drizzle,Moderate
3400,2025-09-04,08:23:15,Morning,Bangalore,Karnataka,Minor,Cloudy,Moderate
3401,2025-09-30,04:53:56,Night,Visakhapatnam,Andhra Pradesh,Minor,Cloudy,Heavy
3402,2025-04-27,15:11:11,Afternoon,Bangalore,Karnataka,Minor,Cloudy,Heavy
3403,2025-05-04,21:06:35,Night,Visakhapatnam,Andhra Pradesh,Minor,Rain,Moderate
3404,2025-09-03,13:34:44,Afternoon,Chennai,Tamil Nadu,Fatal,Storm,Low
3405,2025-10-07,22:53:37,Night,Hyderabad,Telangana,Fatal,Storm,Moderate
3406,2025-04-17,07:54:31,Morning,Bangalore,Karnataka,Serious,Storm,Moderate
3407,2025-09-09,11:51:48,Morning,Bangalore,Karnataka,Minor,Cloudy,Heavy
3408,2025-04-14,09:09:39,Morning,Chennai,Tamil Nadu,Minor,Drizzle,Low
3409,2026-01-31,21:52:48,Night,Hyderabad,Telangana,Serious,Fog,Moderate
3410,2025-08-21,07:03:48,Morning,Visakhapatnam,Andhra Pradesh,Serious,Drizzle,Moderate
3411,2025-10-01,08:28:45,Morning,Mumbai,Maharashtra,Serious,Rain,Heavy
3412,2025-09-23,00:37:01,Night,Mumbai,Maharashtra,Serious,Storm,Moderate
3413,2025-06-21,04:34:01,Night,Delhi,Delhi,Minor,Storm,Heavy
3414,2025-10-11,09:02:09,Morning,Chennai,Tamil Nadu,Minor,Rain,Heavy
3415,2025-11-10,05:44:13,Morning,Hyderabad,Telangana,Minor,Cloudy,Moderate
3416,2025-11-29,03:19:45,Night,Bangalore,Karnataka,Minor,Drizzle,Low
3417,2025-08-28,19:02:40,Evening,Visakhapatnam,Andhra Pradesh,Fatal,Storm,Moderate
3418,2025-08-06,18:07:55,Evening,Bangalore,Karnataka,Serious,Storm,Low
3419,2025-10-11,03:00:43,Night,Visakhapatnam,Andhra Pradesh,Fatal,Storm,Heavy
3420,2025-07-16,20:52:17,Evening,Mumbai,Maharashtra,Serious,Clear,Moderate
3421,2025-12-02,09:01:01,Morning,Visakhapatnam,Andhra Pradesh,Serious,Cloudy,Low
3422,2025-07-22,11:09:07,Morning,Chennai,Tamil Nadu,Minor,Rain,Low
3423,2025-10-26,04:14:55,Night,Mumbai,Maharashtra,Minor,Rain,Low
3424,2025-10-02,15:20:51,Afternoon,Visakhapatnam,Andhra Pradesh,Minor,Cloudy,Moderate
3425,2026-02-22,18:56:58,Evening,Mumbai,Maharashtra,Serious,Cloudy,Low
3426,2025-08-04,08:20:08,Morning,Mumbai,Maharashtra,Serious,Cloudy,Heavy
3427,2025-09-16,19:17:29,Evening,Hyderabad,Telangana,Minor,Cloudy,Moderate
3428,2025-05-04,17:50:24,Evening,Visakhapatnam,Andhra Pradesh,Minor,Rain,Moderate
3429,2026-01-28,18:45:25,Evening,Visakhapatnam,Andhra Pradesh,Serious,Fog,Heavy
3430,2025-04-25,05:58:46,Morning,Bangalore,Karnataka,Serious,Rain,Low
3431,2025-12-10,22:34:21,Night,Bangalore,Karnataka,Minor,Clear,Moderate
3432,2025-05-01,22:06:27,Night,Chennai,Tamil Nadu,Fatal,Clear,Heavy
3433,2025-06-20,15:53:57,Afternoon,Bangalore,Karnataka,Fatal,Cloudy,Moderate
3434,2025-06-18,08:22:29,Morning,Hyderabad,Telangana,Fatal,Cloudy,Moderate
3435,2025-06-18,13:15:54,Afternoon,Chennai,Tamil Nadu,Serious,Cloudy,Heavy
3436,2025-05-10,02:54:11,Night,Chennai,Tamil Nadu,Minor,Drizzle,Low
3437,2025-10-19,19:11:08,Evening,Visakhapatnam,Andhra Pradesh,Serious,Rain,Low
3438,2025-11-26,04:34:39,Night,Delhi,Delhi,Fatal,Clear,Moderate
3439,2025-12-12,16:23:05,Afternoon,Hyderabad,Telangana,Serious,Drizzle,Moderate
3440,2025-05-08,05:37:56,Morning,Mumbai,Maharashtra,Fatal,Fog,Moderate
3441,2026-02-17,22:32:43,Night,Bangalore,Karnataka,Minor,Cloudy,Low
3442,2025-11-20,21:04:31,Night,Visakhapatnam,Andhra Pradesh,Minor,Cloudy,Low
3443,2026-01-07,05:04:58,Morning,Delhi,Delhi,Fatal,Cloudy,Moderate
3444,2025-07-24,02:07:33,Night,Mumbai,Maharashtra,Serious,Storm,Low
3445,2025-11-22,04:22:06,Night,Chennai,Tamil Nadu,Fatal,Fog,Heavy
3446,2026-01-02,15:56:24,Afternoon,Mumbai,Maharashtra,Minor,Cloudy,Heavy
3447,2026-02-13,07:11:55,Morning,Bangalore,Karnataka,Serious,Clear,Heavy
3448,2025-08-14,22:12:55,Night,Hyderabad,Telangana,Serious,Rain,Heavy
3449,2025-05-28,15:24:15,Afternoon,Delhi,Delhi,Minor,Rain,Heavy
3450,2025-05-11,13:32:58,Afternoon,Mumbai,Maharashtra,Serious,Drizzle,Moderate
3451,2025-07-22,17:16:28,Evening,Delhi,Delhi,Fatal,Storm,Heavy
3452,2026-02-22,02:43:42,Night,Bangalore,Karnataka,Fatal,Storm,Low
3453,2025-12-08,07:55:08,Morning,Hyderabad,Telangana,Minor,Storm,Low
3454,2025-12-10,19:53:24,Evening,Mumbai,Maharashtra,Serious,Fog,Heavy
3455,2025-08-28,05:43:15,Morning,Visakhapatnam,Andhra Pradesh,Serious,Drizzle,Low
3456,2026-02-02,13:24:39,Afternoon,Chennai,Tamil Nadu,Serious,Clear,Moderate
3457,2025-11-22,15:22:52,Afternoon,Mumbai,Maharashtra,Serious,Cloudy,Heavy
3458,2025-05-31,21:30:48,Night,Visakhapatnam,Andhra Pradesh,Serious,Rain,Moderate
3459,2026-02-22,03:58:12,Night,Bangalore,Karnataka,Minor,Cloudy,Heavy
3460,2025-11-27,06:56:51,Morning,Chennai,Tamil Nadu,Minor,Fog,Moderate
3461,2025-04-21,03:50:24,Night,Delhi,Delhi,Serious,Rain,Low
3462,2025-06-02,03:57:52,Night,Visakhapatnam,Andhra Pradesh,Minor,Drizzle,Heavy
3463,2026-04-06,19:23:54,Evening,Visakhapatnam,Andhra Pradesh,Serious,Clear,Low
3464,2025-08-08,01:56:47,Night,Delhi,Delhi,Fatal,Rain,Low
3465,2025-05-02,20:19:05,Evening,Hyderabad,Telangana,Fatal,Fog,Low
3466,2025-08-30,22:16:51,Night,Mumbai,Maharashtra,Fatal,Fog,Moderate
3467,2025-11-20,17:56:19,Evening,Hyderabad,Telangana,Fatal,Cloudy,Moderate
3468,2026-02-20,08:48:42,Morning,Delhi,Delhi,Minor,Drizzle,Heavy
3469,2025-05-07,21:55:27,Night,Mumbai,Maharashtra,Fatal,Cloudy,Heavy
3470,2025-05-09,23:20:13,Night,Hyderabad,Telangana,Minor,Clear,Heavy
3471,2025-07-07,19:33:15,Evening,Chennai,Tamil Nadu,Minor,Fog,Moderate
3472,2025-06-27,19:56:55,Evening,Bangalore,Karnataka,Minor,Fog,Heavy
3473,2026-03-11,15:25:38,Afternoon,Hyderabad,Telangana,Serious,Storm,Low
3474,2026-02-19,09:26:38,Morning,Visakhapatnam,Andhra Pradesh,Minor,Clear,Low
3475,2026-03-19,08:20:28,Morning,Bangalore,Karnataka,Minor,Fog,Heavy
3476,2025-11-05,19:20:12,Evening,Visakhapatnam,Andhra Pradesh,Serious,Clear,Heavy
3477,2025-12-08,03:24:18,Night,Mumbai,Maharashtra,Serious,Cloudy,Heavy
3478,2025-06-02,06:00:46,Morning,Hyderabad,Telangana,Fatal,Drizzle,Heavy
3479,2025-11-12,12:22:53,Afternoon,Visakhapatnam,Andhra Pradesh,Serious,Drizzle,Low
3480,2025-07-16,10:19:11,Morning,Mumbai,Maharashtra,Fatal,Drizzle,Moderate
3481,2025-05-05,20:38:44,Evening,Bangalore,Karnataka,Fatal,Clear,Low
3482,2025-11-19,14:58:29,Afternoon,Visakhapatnam,Andhra Pradesh,Serious,Drizzle,Moderate
3483,2026-01-31,15:47:20,Afternoon,Visakhapatnam,Andhra Pradesh,Serious,Storm,Low
3484,2026-02-23,19:08:08,Evening,Mumbai,Maharashtra,Minor,Drizzle,Low
3485,2025-06-18,21:12:56,Night,Mumbai,Maharashtra,Fatal,Cloudy,Heavy
3486,2025-10-30,03:05:04,Night,Visakhapatnam,Andhra Pradesh,Fatal,Fog,Moderate
3487,2025-04-23,16:51:04,Afternoon,Visakhapatnam,Andhra Pradesh,Serious,Clear,Moderate
3488,2026-01-13,02:36:53,Night,Chennai,Tamil Nadu,Minor,Clear,Moderate
3489,2025-05-16,20:59:01,Evening,Bangalore,Karnataka,Minor,Fog,Moderate
3490,2025-06-07,19:14:27,Evening,Mumbai,Maharashtra,Fatal,Fog,Moderate
3491,2025-06-17,01:46:42,Night,Delhi,Delhi,Fatal,Storm,Heavy
3492,2026-01-14,02:06:14,Night,Bangalore,Karnataka,Serious,Rain,Low
3493,2025-09-18,19:38:06,Evening,Chennai,Tamil Nadu,Minor,Fog,Heavy
3494,2025-09-18,14:35:56,Afternoon,Hyderabad,Telangana,Minor,Storm,Heavy
3495,2026-03-29,06:37:10,Morning,Delhi,Delhi,Minor,Drizzle,Moderate
3496,2025-05-08,01:19:52,Night,Bangalore,Karnataka,Minor,Cloudy,Moderate
3497,2025-06-29,06:20:54,Morning,Chennai,Tamil Nadu,Minor,Cloudy,Heavy
3498,2025-11-09,13:13:27,Afternoon,Mumbai,Maharashtra,Serious,Storm,Heavy
3499,2026-03-12,18:29:39,Evening,Mumbai,Maharashtra,Fatal,Drizzle,Low
3500,2025-12-05,15:18:30,Afternoon,Bangalore,Karnataka,Fatal,Clear,Heavy
3501,2025-07-19,10:39:37,Morning,Chennai,Tamil Nadu,Fatal,Storm,Heavy
3502,2026-02-05,17:49:16,Evening,Hyderabad,Telangana,Fatal,Clear,Heavy
3503,2026-02-24,22:00:12,Night,Bangalore,Karnataka,Serious,Clear,Moderate
3504,2025-05-15,09:31:53,Morning,Delhi,Delhi,Serious,Cloudy,Moderate
3505,2025-05-25,06:36:05,Morning,Mumbai,Maharashtra,Minor,Rain,Moderate
3506,2025-09-10,13:38:01,Afternoon,Chennai,Tamil Nadu,Serious,Drizzle,Moderate
3507,2025-09-09,03:30:14,Night,Hyderabad,Telangana,Fatal,Rain,Moderate
3508,2025-06-21,18:20:59,Evening,Bangalore,Karnataka,Minor,Drizzle,Low
3509,2025-09-13,17:55:38,Evening,Visakhapatnam,Andhra Pradesh,Serious,Fog,Moderate
3510,2025-11-12,04:05:27,Night,Mumbai,Maharashtra,Minor,Storm,Heavy
3511,2025-05-24,11:41:52,Morning,Bangalore,Karnataka,Fatal,Cloudy,Heavy
3512,2025-05-26,08:32:17,Morning,Mumbai,Maharashtra,Serious,Rain,Heavy
3513,2026-02-28,14:56:36,Afternoon,Hyderabad,Telangana,Serious,Drizzle,Heavy
3514,2025-12-31,22:32:44,Night,Bangalore,Karnataka,Fatal,Cloudy,Heavy
3515,2025-11-24,21:28:10,Night,Hyderabad,Telangana,Minor,Rain,Moderate
3516,2025-05-24,08:09:14,Morning,Chennai,Tamil Nadu,Fatal,Drizzle,Moderate
3517,2025-07-28,22:51:15,Night,Mumbai,Maharashtra,Minor,Drizzle,Heavy
3518,2025-12-18,04:37:43,Night,Mumbai,Maharashtra,Fatal,Cloudy,Moderate
3519,2025-12-21,23:34:01,Night,Hyderabad,Telangana,Serious,Rain,Heavy
3520,2026-03-20,12:23:58,Afternoon,Mumbai,Maharashtra,Serious,Clear,Low
3521,2026-02-22,01:46:40,Night,Hyderabad,Telangana,Serious,Fog,Heavy
3522,2025-08-13,01:02:44,Night,Visakhapatnam,Andhra Pradesh,Minor,Fog,Low
3523,2025-06-22,23:31:17,Night,Bangalore,Karnataka,Fatal,Cloudy,Heavy
3524,2025-09-19,23:33:49,Night,Chennai,Tamil Nadu,Minor,Storm,Heavy
3525,2025-08-24,22:55:28,Night,Delhi,Delhi,Fatal,Fog,Heavy
3526,2025-05-10,02:56:21,Night,Delhi,Delhi,Minor,Fog,Low
3527,2025-05-22,05:49:22,Morning,Visakhapatnam,Andhra Pradesh,Fatal,Cloudy,Moderate
3528,2025-12-18,17:08:03,Evening,Mumbai,Maharashtra,Minor,Rain,Heavy
3529,2026-03-11,19:20:47,Evening,Mumbai,Maharashtra,Serious,Clear,Heavy
3530,2026-02-15,11:28:25,Morning,Chennai,Tamil Nadu,Fatal,Storm,Low
3531,2026-03-20,06:39:07,Morning,Bangalore,Karnataka,Serious,Cloudy,Low
3532,2025-07-24,22:30:30,Night,Mumbai,Maharashtra,Fatal,Cloudy,Heavy
3533,2025-10-25,16:01:19,Afternoon,Delhi,Delhi,Serious,Drizzle,Low
3534,2025-08-03,09:33:08,Morning,Delhi,Delhi,Fatal,Clear,Heavy
3535,2026-01-11,07:05:47,Morning,Chennai,Tamil Nadu,Serious,Drizzle,Heavy
3536,2026-03-08,16:45:23,Afternoon,Visakhapatnam,Andhra Pradesh,Fatal,Fog,Low
3537,2025-06-06,08:53:30,Morning,Mumbai,Maharashtra,Minor,Fog,Heavy
3538,2025-06-10,13:10:04,Afternoon,Hyderabad,Telangana,Minor,Storm,Moderate
3539,2025-12-15,04:05:58,Night,Chennai,Tamil Nadu,Serious,Clear,Heavy
3540,2025-12-09,02:13:50,Night,Visakhapatnam,Andhra Pradesh,Fatal,Fog,Low
3541,2026-02-22,01:28:56,Night,Visakhapatnam,Andhra Pradesh,Serious,Storm,Heavy
3542,2025-07-11,08:33:52,Morning,Delhi,Delhi,Serious,Drizzle,Low
3543,2025-07-15,08:43:12,Morning,Visakhapatnam,Andhra Pradesh,Fatal,Storm,Low
3544,2025-04-14,04:17:32,Night,Delhi,Delhi,Minor,Drizzle,Heavy
3545,2026-02-20,14:38:28,Afternoon,Visakhapatnam,Andhra Pradesh,Serious,Clear,Heavy
3546,2026-03-29,10:48:59,Morning,Chennai,Tamil Nadu,Minor,Rain,Low
3547,2025-07-26,13:05:16,Afternoon,Mumbai,Maharashtra,Fatal,Rain,Low
3548,2025-08-03,13:01:08,Afternoon,Hyderabad,Telangana,Fatal,Storm,Heavy
3549,2025-07-06,13:57:59,Afternoon,Chennai,Tamil Nadu,Fatal,Clear,Heavy
3550,2025-06-20,05:04:00,Morning,Chennai,Tamil Nadu,Minor,Rain,Low
3551,2025-07-18,14:48:26,Afternoon,Visakhapatnam,Andhra Pradesh,Serious,Cloudy,Low
3552,2025-09-20,11:35:44,Morning,Chennai,Tamil Nadu,Serious,Clear,Moderate
3553,2026-03-26,10:42:55,Morning,Delhi,Delhi,Fatal,Cloudy,Low
3554,2025-05-14,19:39:55,Evening,Mumbai,Maharashtra,Serious,Cloudy,Heavy
3555,2025-09-10,22:17:00,Night,Chennai,Tamil Nadu,Fatal,Fog,Moderate
3556,2025-06-05,18:10:03,Evening,Chennai,Tamil Nadu,Minor,Cloudy,Heavy
3557,2025-10-12,17:58:43,Evening,Delhi,Delhi,Minor,Drizzle,Low
3558,2025-11-25,13:03:49,Afternoon,Hyderabad,Telangana,Serious,Rain,Low
3559,2025-08-27,02:20:47,Night,Delhi,Delhi,Serious,Rain,Moderate
3560,2025-07-26,04:54:14,Night,Bangalore,Karnataka,Serious,Storm,Low
3561,2026-01-28,14:33:26,Afternoon,Bangalore,Karnataka,Minor,Cloudy,Moderate
3562,2025-10-29,08:30:16,Morning,Chennai,Tamil Nadu,Serious,Storm,Heavy
3563,2025-09-30,20:52:23,Evening,Delhi,Delhi,Fatal,Cloudy,Moderate
3564,2026-02-27,19:34:21,Evening,Chennai,Tamil Nadu,Minor,Fog,Moderate
3565,2025-04-08,21:02:06,Night,Mumbai,Maharashtra,Minor,Storm,Moderate
3566,2025-08-10,17:58:58,Evening,Bangalore,Karnataka,Serious,Fog,Moderate
3567,2025-05-06,18:53:34,Evening,Hyderabad,Telangana,Minor,Fog,Low
3568,2025-04-08,21:41:31,Night,Chennai,Tamil Nadu,Fatal,Clear,Moderate
3569,2026-01-31,12:48:44,Afternoon,Hyderabad,Telangana,Fatal,Fog,Heavy
3570,2026-03-12,10:36:43,Morning,Delhi,Delhi,Fatal,Rain,Heavy
3571,2025-10-23,19:38:16,Evening,Hyderabad,Telangana,Fatal,Clear,Moderate
3572,2026-01-30,01:21:15,Night,Bangalore,Karnataka,Fatal,Clear,Moderate
3573,2026-03-24,08:14:38,Morning,Mumbai,Maharashtra,Minor,Fog,Moderate
3574,2026-02-10,23:57:05,Night,Mumbai,Maharashtra,Minor,Cloudy,Low
3575,2025-07-19,09:42:13,Morning,Delhi,Delhi,Serious,Storm,Heavy
3576,2026-02-15,14:47:39,Afternoon,Delhi,Delhi,Serious,Fog,Heavy
3577,2025-08-30,23:06:30,Night,Delhi,Delhi,Fatal,Storm,Low
3578,2025-06-05,23:56:20,Night,Bangalore,Karnataka,Fatal,Clear,Low
3579,2025-05-13,03:21:59,Night,Mumbai,Maharashtra,Minor,Storm,Heavy
3580,2025-05-17,03:58:44,Night,Chennai,Tamil Nadu,Serious,Clear,Heavy
3581,2026-03-30,10:30:45,Morning,Delhi,Delhi,Minor,Rain,Heavy
3582,2025-11-25,16:26:36,Afternoon,Bangalore,Karnataka,Minor,Storm,Low
3583,2026-01-25,18:54:04,Evening,Hyderabad,Telangana,Serious,Fog,Moderate
3584,2025-11-08,08:34:13,Morning,Delhi,Delhi,Fatal,Rain,Low
3585,2025-08-12,20:09:08,Evening,Visakhapatnam,Andhra Pradesh,Serious,Storm,Moderate
3586,2025-04-17,13:55:38,Afternoon,Chennai,Tamil Nadu,Minor,Storm,Moderate
3587,2025-07-23,19:57:23,Evening,Mumbai,Maharashtra,Minor,Storm,Heavy
3588,2025-11-25,18:50:10,Evening,Mumbai,Maharashtra,Minor,Cloudy,Heavy
3589,2025-05-02,18:37:59,Evening,Bangalore,Karnataka,Serious,Clear,Heavy
3590,2025-06-30,15:03:07,Afternoon,Delhi,Delhi,Fatal,Storm,Moderate
3591,2025-05-12,10:16:32,Morning,Mumbai,Maharashtra,Fatal,Drizzle,Moderate
3592,2025-09-01,09:07:45,Morning,Visakhapatnam,Andhra Pradesh,Fatal,Clear,Heavy
3593,2025-06-24,09:19:57,Morning,Visakhapatnam,Andhra Pradesh,Minor,Clear,Heavy
3594,2026-02-27,07:34:16,Morning,Hyderabad,Telangana,Serious,Rain,Heavy
3595,2025-08-02,15:12:03,Afternoon,Hyderabad,Telangana,Minor,Rain,Moderate
3596,2025-04-29,18:27:41,Evening,Visakhapatnam,Andhra Pradesh,Minor,Fog,Moderate
3597,2026-02-20,09:37:21,Morning,Visakhapatnam,Andhra Pradesh,Fatal,Clear,Low
3598,2025-10-28,16:46:13,Afternoon,Mumbai,Maharashtra,Serious,Drizzle,Low
3599,2025-11-23,08:44:24,Morning,Bangalore,Karnataka,Fatal,Clear,Low
3600,2025-07-06,18:58:31,Evening,Hyderabad,Telangana,Fatal,Cloudy,Moderate
3601,2026-03-12,13:01:47,Afternoon,Delhi,Delhi,Minor,Rain,Moderate
3602,2025-09-11,07:51:25,Morning,Mumbai,Maharashtra,Minor,Drizzle,Moderate
3603,2025-12-28,02:49:27,Night,Mumbai,Maharashtra,Minor,Rain,Heavy
3604,2026-02-14,08:08:12,Morning,Visakhapatnam,Andhra Pradesh,Minor,Clear,Moderate
3605,2025-08-03,12:41:54,Afternoon,Mumbai,Maharashtra,Minor,Clear,Low
3606,2025-09-21,22:37:54,Night,Chennai,Tamil Nadu,Fatal,Rain,Moderate
3607,2026-01-04,21:50:31,Night,Hyderabad,Telangana,Minor,Fog,Low
3608,2025-11-01,12:17:48,Afternoon,Visakhapatnam,Andhra Pradesh,Serious,Cloudy,Heavy
3609,2025-08-06,11:24:13,Morning,Mumbai,Maharashtra,Fatal,Cloudy,Low
3610,2025-09-12,06:34:00,Morning,Hyderabad,Telangana,Fatal,Cloudy,Moderate
3611,2025-11-13,20:26:07,Evening,Bangalore,Karnataka,Minor,Drizzle,Low
3612,2025-12-26,09:25:16,Morning,Mumbai,Maharashtra,Minor,Fog,Moderate
3613,2025-12-07,07:21:33,Morning,Mumbai,Maharashtra,Minor,Clear,Heavy
3614,2025-10-05,15:51:42,Afternoon,Mumbai,Maharashtra,Serious,Rain,Heavy
3615,2026-01-08,21:34:58,Night,Hyderabad,Telangana,Fatal,Drizzle,Moderate
3616,2025-06-25,22:23:45,Night,Hyderabad,Telangana,Fatal,Storm,Heavy
3617,2025-08-03,02:52:59,Night,Visakhapatnam,Andhra Pradesh,Fatal,Drizzle,Low
3618,2025-11-17,04:21:37,Night,Bangalore,Karnataka,Fatal,Fog,Moderate
3619,2025-05-06,20:37:45,Evening,Bangalore,Karnataka,Minor,Cloudy,Moderate
3620,2025-07-03,10:32:50,Morning,Chennai,Tamil Nadu,Serious,Clear,Moderate
3621,2026-02-13,20:17:49,Evening,Chennai,Tamil Nadu,Serious,Rain,Heavy
3622,2025-04-10,13:25:33,Afternoon,Bangalore,Karnataka,Minor,Cloudy,Low
3623,2025-09-18,03:43:27,Night,Hyderabad,Telangana,Fatal,Storm,Low
3624,2026-01-24,20:55:53,Evening,Bangalore,Karnataka,Serious,Rain,Heavy
3625,2026-04-07,16:25:53,Afternoon,Chennai,Tamil Nadu,Serious,Drizzle,Moderate
3626,2026-01-17,08:41:06,Morning,Hyderabad,Telangana,Fatal,Clear,Heavy
3627,2025-10-15,06:27:17,Morning,Chennai,Tamil Nadu,Serious,Cloudy,Moderate
3628,2025-12-23,08:57:51,Morning,Mumbai,Maharashtra,Serious,Drizzle,Moderate
3629,2026-02-17,21:35:17,Night,Mumbai,Maharashtra,Fatal,Drizzle,Moderate
3630,2025-10-04,14:10:23,Afternoon,Delhi,Delhi,Serious,Cloudy,Heavy
3631,2026-01-28,13:09:18,Afternoon,Delhi,Delhi,Minor,Drizzle,Heavy
3632,2026-01-13,03:37:39,Night,Hyderabad,Telangana,Fatal,Cloudy,Low
3633,2025-10-09,22:32:40,Night,Bangalore,Karnataka,Fatal,Rain,Heavy
3634,2025-08-10,10:17:16,Morning,Hyderabad,Telangana,Minor,Cloudy,Low
3635,2026-02-06,20:13:35,Evening,Visakhapatnam,Andhra Pradesh,Serious,Fog,Heavy
3636,2025-12-15,03:57:19,Night,Chennai,Tamil Nadu,Minor,Storm,Low
3637,2025-11-19,06:32:34,Morning,Bangalore,Karnataka,Fatal,Drizzle,Moderate
3638,2026-02-14,22:21:59,Night,Hyderabad,Telangana,Serious,Storm,Heavy
3639,2026-02-09,15:46:03,Afternoon,Mumbai,Maharashtra,Serious,Clear,Low
3640,2026-03-09,00:21:00,Night,Chennai,Tamil Nadu,Minor,Rain,Heavy
3641,2026-02-14,04:02:44,Night,Chennai,Tamil Nadu,Serious,Clear,Low
3642,2026-02-13,05:42:08,Morning,Hyderabad,Telangana,Serious,Rain,Low
3643,2025-12-22,16:13:06,Afternoon,Bangalore,Karnataka,Serious,Rain,Heavy
3644,2026-03-23,01:10:55,Night,Mumbai,Maharashtra,Fatal,Clear,Low
3645,2025-08-08,18:21:04,Evening,Bangalore,Karnataka,Minor,Rain,Heavy
3646,2025-07-19,18:18:24,Evening,Bangalore,Karnataka,Serious,Fog,Low
3647,2025-12-26,13:28:15,Afternoon,Hyderabad,Telangana,Minor,Drizzle,Heavy
3648,2025-07-11,07:13:59,Morning,Hyderabad,Telangana,Minor,Rain,Moderate
3649,2026-01-29,15:18:15,Afternoon,Delhi,Delhi,Serious,Storm,Moderate
3650,2025-04-27,06:36:10,Morning,Hyderabad,Telangana,Fatal,Drizzle,Heavy
3651,2025-10-19,03:30:41,Night,Mumbai,Maharashtra,Fatal,Rain,Moderate
3652,2026-02-08,22:23:17,Night,Delhi,Delhi,Fatal,Rain,Low
3653,2025-06-13,08:13:34,Morning,Delhi,Delhi,Minor,Fog,Heavy
3654,2026-03-31,19:21:30,Evening,Delhi,Delhi,Minor,Storm,Low
3655,2025-10-25,06:55:56,Morning,Chennai,Tamil Nadu,Minor,Drizzle,Low
3656,2025-08-25,08:16:22,Morning,Mumbai,Maharashtra,Serious,Rain,Moderate
3657,2025-12-14,17:27:45,Evening,Visakhapatnam,Andhra Pradesh,Minor,Fog,Heavy
3658,2026-03-20,20:20:04,Evening,Bangalore,Karnataka,Minor,Storm,Moderate
3659,2025-12-06,15:21:36,Afternoon,Visakhapatnam,Andhra Pradesh,Fatal,Fog,Heavy
3660,2026-01-29,17:02:19,Evening,Hyderabad,Telangana,Fatal,Clear,Low
3661,2026-01-07,13:36:34,Afternoon,Hyderabad,Telangana,Minor,Drizzle,Moderate
3662,2026-03-24,18:08:54,Evening,Mumbai,Maharashtra,Fatal,Drizzle,Moderate
3663,2025-06-23,04:06:01,Night,Delhi,Delhi,Serious,Storm,Moderate
3664,2025-11-16,22:20:31,Night,Hyderabad,Telangana,Serious,Clear,Low
3665,2025-06-02,02:34:51,Night,Visakhapatnam,Andhra Pradesh,Minor,Clear,Moderate
3666,2025-09-22,00:00:37,Night,Hyderabad,Telangana,Serious,Clear,Heavy
3667,2025-11-27,05:59:18,Morning,Bangalore,Karnataka,Minor,Rain,Moderate
3668,2025-06-27,04:34:29,Night,Visakhapatnam,Andhra Pradesh,Serious,Rain,Low
3669,2025-05-09,18:19:49,Evening,Bangalore,Karnataka,Fatal,Fog,Low
3670,2026-02-19,06:02:15,Morning,Chennai,Tamil Nadu,Minor,Clear,Low
3671,2025-04-19,03:04:44,Night,Chennai,Tamil Nadu,Minor,Storm,Heavy
3672,2025-09-05,00:06:51,Night,Bangalore,Karnataka,Fatal,Clear,Moderate
3673,2025-11-26,16:31:09,Afternoon,Mumbai,Maharashtra,Minor,Storm,Low
3674,2025-09-09,20:56:00,Evening,Delhi,Delhi,Minor,Cloudy,Heavy
3675,2025-08-23,09:04:41,Morning,Visakhapatnam,Andhra Pradesh,Minor,Clear,Heavy
3676,2025-04-17,18:16:07,Evening,Hyderabad,Telangana,Fatal,Fog,Moderate
3677,2025-06-27,06:51:59,Morning,Mumbai,Maharashtra,Minor,Cloudy,Heavy
3678,2025-10-13,12:43:02,Afternoon,Visakhapatnam,Andhra Pradesh,Serious,Clear,Low
3679,2025-11-19,04:32:29,Night,Delhi,Delhi,Minor,Cloudy,Low
3680,2025-09-07,17:50:24,Evening,Mumbai,Maharashtra,Fatal,Storm,Low
3681,2025-09-18,02:46:58,Night,Delhi,Delhi,Serious,Drizzle,Heavy
3682,2025-04-18,10:46:28,Morning,Bangalore,Karnataka,Minor,Drizzle,Low
3683,2025-06-17,09:25:59,Morning,Mumbai,Maharashtra,Minor,Fog,Low
3684,2025-04-27,18:54:51,Evening,Delhi,Delhi,Minor,Rain,Low
3685,2025-10-12,12:49:08,Afternoon,Delhi,Delhi,Minor,Rain,Heavy
3686,2025-04-19,07:05:52,Morning,Hyderabad,Telangana,Serious,Cloudy,Low
3687,2026-02-27,23:37:20,Night,Hyderabad,Telangana,Minor,Drizzle,Moderate
3688,2025-06-27,21:33:01,Night,Mumbai,Maharashtra,Serious,Storm,Low
3689,2025-07-13,08:53:23,Morning,Delhi,Delhi,Minor,Drizzle,Moderate
3690,2025-11-06,21:45:46,Night,Visakhapatnam,Andhra Pradesh,Serious,Drizzle,Low
3691,2025-09-29,00:35:21,Night,Bangalore,Karnataka,Fatal,Fog,Heavy
3692,2025-10-06,13:57:01,Afternoon,Mumbai,Maharashtra,Minor,Storm,Moderate
3693,2026-01-23,16:54:03,Afternoon,Bangalore,Karnataka,Minor,Fog,Moderate
3694,2025-12-24,12:13:53,Afternoon,Visakhapatnam,Andhra Pradesh,Serious,Clear,Low
3695,2025-12-20,16:34:35,Afternoon,Delhi,Delhi,Serious,Rain,Moderate
3696,2026-02-05,08:03:43,Morning,Chennai,Tamil Nadu,Minor,Cloudy,Heavy
3697,2025-10-14,00:08:59,Night,Chennai,Tamil Nadu,Serious,Rain,Low
3698,2025-08-21,17:30:13,Evening,Chennai,Tamil Nadu,Serious,Cloudy,Low
3699,2026-01-31,09:16:35,Morning,Visakhapatnam,Andhra Pradesh,Serious,Fog,Heavy
3700,2025-06-15,16:25:14,Afternoon,Chennai,Tamil Nadu,Serious,Fog,Moderate
3701,2025-09-22,20:59:23,Evening,Chennai,Tamil Nadu,Fatal,Cloudy,Heavy
3702,2026-03-14,21:48:25,Night,Mumbai,Maharashtra,Minor,Drizzle,Low
3703,2025-11-19,21:39:12,Night,Mumbai,Maharashtra,Fatal,Fog,Heavy
3704,2026-03-03,16:40:23,Afternoon,Bangalore,Karnataka,Fatal,Cloudy,Heavy
3705,2025-06-28,08:26:39,Morning,Hyderabad,Telangana,Minor,Storm,Heavy
3706,2026-03-28,08:34:38,Morning,Chennai,Tamil Nadu,Serious,Clear,Heavy
3707,2025-12-20,16:25:23,Afternoon,Chennai,Tamil Nadu,Fatal,Fog,Moderate
3708,2025-08-25,14:35:25,Afternoon,Delhi,Delhi,Serious,Clear,Moderate
3709,2025-04-29,23:18:36,Night,Bangalore,Karnataka,Serious,Clear,Heavy
3710,2025-07-16,14:10:21,Afternoon,Delhi,Delhi,Serious,Clear,Heavy
3711,2025-05-31,19:14:47,Evening,Delhi,Delhi,Fatal,Cloudy,Heavy
3712,2025-05-04,01:53:01,Night,Chennai,Tamil Nadu,Minor,Clear,Low
3713,2026-03-18,11:23:18,Morning,Mumbai,Maharashtra,Serious,Cloudy,Low
3714,2025-12-09,00:44:09,Night,Hyderabad,Telangana,Minor,Clear,Low
3715,2025-05-18,09:42:02,Morning,Hyderabad,Telangana,Fatal,Cloudy,Heavy
3716,2026-01-16,16:22:31,Afternoon,Hyderabad,Telangana,Fatal,Cloudy,Heavy
3717,2025-09-26,17:48:34,Evening,Delhi,Delhi,Serious,Drizzle,Heavy
3718,2025-12-10,10:59:09,Morning,Delhi,Delhi,Minor,Rain,Moderate
3719,2025-08-28,15:19:57,Afternoon,Hyderabad,Telangana,Serious,Cloudy,Low
3720,2025-08-05,10:07:26,Morning,Visakhapatnam,Andhra Pradesh,Minor,Rain,Low
3721,2026-01-30,22:32:41,Night,Delhi,Delhi,Minor,Fog,Heavy
3722,2025-08-19,06:21:27,Morning,Chennai,Tamil Nadu,Serious,Storm,Heavy
3723,2025-11-29,14:08:38,Afternoon,Delhi,Delhi,Minor,Rain,Moderate
3724,2025-07-08,15:53:53,Afternoon,Hyderabad,Telangana,Serious,Rain,Moderate
3725,2025-12-03,23:28:44,Night,Mumbai,Maharashtra,Serious,Storm,Low
3726,2026-01-16,09:36:20,Morning,Mumbai,Maharashtra,Fatal,Rain,Low
3727,2026-03-29,13:03:02,Afternoon,Mumbai,Maharashtra,Minor,Drizzle,Heavy
3728,2025-05-28,03:13:27,Night,Mumbai,Maharashtra,Fatal,Drizzle,Heavy
3729,2026-01-28,19:37:56,Evening,Bangalore,Karnataka,Fatal,Fog,Low
3730,2025-05-05,22:43:23,Night,Delhi,Delhi,Serious,Cloudy,Low
3731,2025-08-10,10:20:20,Morning,Visakhapatnam,Andhra Pradesh,Fatal,Rain,Low
3732,2025-11-27,04:13:23,Night,Delhi,Delhi,Minor,Rain,Low
3733,2025-09-04,03:27:14,Night,Chennai,Tamil Nadu,Serious,Cloudy,Moderate
3734,2025-04-22,07:54:02,Morning,Hyderabad,Telangana,Serious,Cloudy,Moderate
3735,2026-02-24,15:49:59,Afternoon,Mumbai,Maharashtra,Fatal,Cloudy,Heavy
3736,2025-11-13,22:46:00,Night,Visakhapatnam,Andhra Pradesh,Fatal,Clear,Moderate
3737,2025-06-27,05:04:22,Morning,Delhi,Delhi,Minor,Clear,Heavy
3738,2025-12-17,23:06:11,Night,Bangalore,Karnataka,Minor,Storm,Low
3739,2025-07-28,13:25:03,Afternoon,Bangalore,Karnataka,Fatal,Drizzle,Heavy
3740,2025-04-07,19:50:32,Evening,Bangalore,Karnataka,Fatal,Storm,Heavy
3741,2025-11-07,00:55:11,Night,Delhi,Delhi,Fatal,Storm,Moderate
3742,2025-05-12,07:55:36,Morning,Visakhapatnam,Andhra Pradesh,Minor,Drizzle,Low
3743,2025-08-14,01:00:26,Night,Chennai,Tamil Nadu,Minor,Rain,Moderate
3744,2025-08-09,20:12:56,Evening,Bangalore,Karnataka,Fatal,Cloudy,Moderate
3745,2025-06-04,00:58:38,Night,Chennai,Tamil Nadu,Serious,Storm,Low
3746,2025-10-11,12:16:44,Afternoon,Visakhapatnam,Andhra Pradesh,Serious,Cloudy,Moderate
3747,2025-07-15,15:16:24,Afternoon,Delhi,Delhi,Fatal,Storm,Heavy
3748,2025-05-19,12:39:54,Afternoon,Bangalore,Karnataka,Serious,Cloudy,Low
3749,2025-09-07,02:10:53,Night,Bangalore,Karnataka,Minor,Clear,Moderate
3750,2025-11-10,23:17:15,Night,Mumbai,Maharashtra,Minor,Storm,Heavy
3751,2026-01-15,14:22:30,Afternoon,Visakhapatnam,Andhra Pradesh,Minor,Storm,Heavy
3752,2025-07-01,08:48:53,Morning,Visakhapatnam,Andhra Pradesh,Fatal,Cloudy,Moderate
3753,2025-07-15,23:54:29,Night,Delhi,Delhi,Serious,Fog,Heavy
3754,2026-02-19,02:25:19,Night,Mumbai,Maharashtra,Fatal,Clear,Moderate
3755,2025-09-08,01:19:03,Night,Hyderabad,Telangana,Serious,Storm,Moderate
3756,2025-12-06,00:37:49,Night,Visakhapatnam,Andhra Pradesh,Serious,Cloudy,Heavy
3757,2025-06-22,08:15:05,Morning,Mumbai,Maharashtra,Fatal,Drizzle,Heavy
3758,2025-07-31,03:53:25,Night,Visakhapatnam,Andhra Pradesh,Minor,Fog,Low
3759,2025-05-20,20:07:36,Evening,Visakhapatnam,Andhra Pradesh,Fatal,Clear,Moderate
3760,2025-06-18,20:42:26,Evening,Chennai,Tamil Nadu,Fatal,Cloudy,Low
3761,2025-06-25,05:56:42,Morning,Hyderabad,Telangana,Serious,Drizzle,Heavy
3762,2026-02-26,21:49:34,Night,Mumbai,Maharashtra,Minor,Fog,Moderate
3763,2025-05-30,11:02:45,Morning,Bangalore,Karnataka,Fatal,Rain,Low
3764,2026-01-09,07:10:58,Morning,Hyderabad,Telangana,Minor,Fog,Moderate
3765,2025-06-19,23:06:12,Night,Mumbai,Maharashtra,Fatal,Fog,Moderate
3766,2025-09-16,23:23:07,Night,Delhi,Delhi,Minor,Clear,Low
3767,2025-04-23,04:48:45,Night,Mumbai,Maharashtra,Serious,Fog,Moderate
3768,2026-01-31,03:21:00,Night,Bangalore,Karnataka,Fatal,Rain,Heavy
3769,2025-09-06,03:19:17,Night,Hyderabad,Telangana,Serious,Drizzle,Low
3770,2025-07-10,09:15:33,Morning,Mumbai,Maharashtra,Serious,Fog,Heavy
3771,2025-10-21,04:24:32,Night,Delhi,Delhi,Minor,Rain,Heavy
3772,2025-09-18,07:23:31,Morning,Hyderabad,Telangana,Serious,Storm,Moderate
3773,2025-12-13,09:30:00,Morning,Visakhapatnam,Andhra Pradesh,Serious,Cloudy,Heavy
3774,2025-04-15,22:38:00,Night,Delhi,Delhi,Minor,Storm,Low
3775,2025-07-09,13:10:03,Afternoon,Hyderabad,Telangana,Minor,Storm,Moderate
3776,2025-09-05,23:20:05,Night,Hyderabad,Telangana,Fatal,Drizzle,Low
3777,2025-07-30,04:20:57,Night,Hyderabad,Telangana,Minor,Rain,Low
3778,2026-03-20,17:12:21,Evening,Hyderabad,Telangana,Fatal,Storm,Heavy
3779,2025-05-25,13:39:44,Afternoon,Hyderabad,Telangana,Serious,Drizzle,Low
3780,2026-03-03,06:22:40,Morning,Delhi,Delhi,Minor,Drizzle,Moderate
3781,2025-06-18,17:52:23,Evening,Chennai,Tamil Nadu,Serious,Drizzle,Low
3782,2026-03-27,07:14:05,Morning,Hyderabad,Telangana,Serious,Drizzle,Moderate
3783,2026-01-28,06:00:44,Morning,Mumbai,Maharashtra,Minor,Drizzle,Moderate
3784,2026-03-14,14:12:09,Afternoon,Mumbai,Maharashtra,Fatal,Storm,Heavy
3785,2025-12-08,01:54:27,Night,Hyderabad,Telangana,Fatal,Drizzle,Heavy
3786,2025-04-13,13:29:46,Afternoon,Hyderabad,Telangana,Minor,Clear,Low
3787,2025-05-18,22:54:06,Night,Visakhapatnam,Andhra Pradesh,Minor,Storm,Low
3788,2026-03-03,11:57:02,Morning,Hyderabad,Telangana,Minor,Storm,Heavy
3789,2026-03-18,22:48:19,Night,Visakhapatnam,Andhra Pradesh,Minor,Rain,Moderate
3790,2026-03-13,19:45:06,Evening,Mumbai,Maharashtra,Fatal,Clear,Low
3791,2025-04-11,06:13:20,Morning,Delhi,Delhi,Minor,Fog,Low
3792,2025-12-27,15:14:05,Afternoon,Delhi,Delhi,Minor,Rain,Heavy
3793,2025-09-14,17:32:00,Evening,Mumbai,Maharashtra,Fatal,Storm,Low
3794,2025-08-08,01:58:17,Night,Visakhapatnam,Andhra Pradesh,Fatal,Clear,Low
3795,2026-04-04,03:20:53,Night,Mumbai,Maharashtra,Minor,Fog,Moderate
3796,2025-07-21,08:04:55,Morning,Chennai,Tamil Nadu,Serious,Cloudy,Low
3797,2026-02-23,20:43:29,Evening,Visakhapatnam,Andhra Pradesh,Minor,Rain,Moderate
3798,2025-07-06,09:14:30,Morning,Visakhapatnam,Andhra Pradesh,Fatal,Drizzle,Moderate
3799,2025-06-15,14:17:51,Afternoon,Visakhapatnam,Andhra Pradesh,Serious,Drizzle,Heavy
3800,2026-01-05,05:15:26,Morning,Mumbai,Maharashtra,Minor,Cloudy,Low
3801,2025-06-28,12:17:41,Afternoon,Bangalore,Karnataka,Fatal,Fog,Low
3802,2025-05-19,09:38:11,Morning,Visakhapatnam,Andhra Pradesh,Minor,Rain,Low
3803,2026-03-20,07:46:53,Morning,Mumbai,Maharashtra,Serious,Cloudy,Moderate
3804,2025-04-07,23:00:23,Night,Visakhapatnam,Andhra Pradesh,Fatal,Cloudy,Moderate
3805,2026-02-24,01:58:09,Night,Hyderabad,Telangana,Fatal,Fog,Heavy
3806,2026-04-02,00:23:06,Night,Visakhapatnam,Andhra Pradesh,Serious,Rain,Low
3807,2026-04-04,18:52:56,Evening,Visakhapatnam,Andhra Pradesh,Serious,Storm,Moderate
3808,2025-06-20,12:14:19,Afternoon,Delhi,Delhi,Fatal,Clear,Moderate
3809,2025-08-09,06:09:40,Morning,Visakhapatnam,Andhra Pradesh,Serious,Rain,Heavy
3810,2026-02-05,15:52:50,Afternoon,Visakhapatnam,Andhra Pradesh,Minor,Storm,Moderate
3811,2025-08-16,10:16:04,Morning,Delhi,Delhi,Minor,Drizzle,Moderate
3812,2026-01-27,16:02:47,Afternoon,Visakhapatnam,Andhra Pradesh,Minor,Fog,Heavy
3813,2025-12-06,18:43:48,Evening,Chennai,Tamil Nadu,Fatal,Fog,Low
3814,2026-03-30,22:35:22,Night,Hyderabad,Telangana,Minor,Cloudy,Moderate
3815,2025-09-25,02:56:41,Night,Bangalore,Karnataka,Serious,Clear,Low
3816,2025-06-20,14:44:44,Afternoon,Mumbai,Maharashtra,Fatal,Cloudy,Heavy
3817,2025-06-17,15:34:06,Afternoon,Chennai,Tamil Nadu,Minor,Cloudy,Heavy
3818,2025-11-12,06:18:44,Morning,Delhi,Delhi,Serious,Drizzle,Heavy
3819,2025-04-20,17:56:49,Evening,Delhi,Delhi,Serious,Cloudy,Heavy
3820,2026-01-29,23:54:49,Night,Delhi,Delhi,Minor,Drizzle,Moderate
3821,2025-04-21,13:39:09,Afternoon,Hyderabad,Telangana,Fatal,Drizzle,Moderate
3822,2025-12-02,09:48:58,Morning,Visakhapatnam,Andhra Pradesh,Fatal,Fog,Low
3823,2025-10-03,14:18:47,Afternoon,Delhi,Delhi,Minor,Drizzle,Heavy
3824,2025-08-29,07:44:32,Morning,Mumbai,Maharashtra,Fatal,Rain,Heavy
3825,2026-01-19,18:38:52,Evening,Hyderabad,Telangana,Fatal,Rain,Low
3826,2025-04-14,10:14:31,Morning,Delhi,Delhi,Minor,Drizzle,Heavy
3827,2025-07-17,05:25:28,Morning,Delhi,Delhi,Fatal,Drizzle,Moderate
3828,2025-10-16,16:44:56,Afternoon,Hyderabad,Telangana,Fatal,Cloudy,Low
3829,2025-11-07,18:41:24,Evening,Chennai,Tamil Nadu,Fatal,Fog,Low
3830,2025-05-26,13:14:49,Afternoon,Delhi,Delhi,Minor,Storm,Low
3831,2025-04-21,09:58:42,Morning,Delhi,Delhi,Fatal,Storm,Low
3832,2025-10-29,19:16:47,Evening,Mumbai,Maharashtra,Fatal,Fog,Moderate
3833,2026-03-02,19:53:11,Evening,Bangalore,Karnataka,Serious,Drizzle,Low
3834,2025-07-24,11:25:41,Morning,Mumbai,Maharashtra,Minor,Drizzle,Moderate
3835,2025-05-12,10:33:14,Morning,Hyderabad,Telangana,Serious,Clear,Low
3836,2026-01-09,01:13:38,Night,Chennai,Tamil Nadu,Fatal,Storm,Moderate
3837,2026-01-01,07:03:48,Morning,Hyderabad,Telangana,Minor,Clear,Low
3838,2025-08-18,20:12:34,Evening,Visakhapatnam,Andhra Pradesh,Fatal,Drizzle,Moderate
3839,2025-11-10,21:02:21,Night,Delhi,Delhi,Serious,Cloudy,Heavy
3840,2025-09-29,15:20:17,Afternoon,Visakhapatnam,Andhra Pradesh,Serious,Rain,Moderate
3841,2025-10-31,12:31:06,Afternoon,Hyderabad,Telangana,Minor,Cloudy,Low
3842,2025-05-18,01:52:00,Night,Chennai,Tamil Nadu,Fatal,Clear,Heavy
3843,2025-06-16,06:02:15,Morning,Chennai,Tamil Nadu,Minor,Clear,Low
3844,2025-08-19,02:29:03,Night,Bangalore,Karnataka,Serious,Clear,Moderate
3845,2026-03-29,22:13:52,Night,Bangalore,Karnataka,Minor,Rain,Moderate
3846,2026-03-31,16:46:48,Afternoon,Hyderabad,Telangana,Serious,Drizzle,Heavy
3847,2026-02-16,04:07:04,Night,Bangalore,Karnataka,Minor,Cloudy,Heavy
3848,2025-09-06,09:09:31,Morning,Chennai,Tamil Nadu,Serious,Storm,Low
3849,2025-04-22,15:13:10,Afternoon,Chennai,Tamil Nadu,Serious,Cloudy,Moderate
3850,2026-03-05,02:35:22,Night,Bangalore,Karnataka,Serious,Cloudy,Heavy
3851,2026-03-19,09:16:14,Morning,Chennai,Tamil Nadu,Fatal,Fog,Moderate
3852,2025-05-26,17:05:51,Evening,Chennai,Tamil Nadu,Serious,Storm,Heavy
3853,2026-02-14,13:10:48,Afternoon,Bangalore,Karnataka,Minor,Rain,Moderate
3854,2025-07-13,00:49:48,Night,Delhi,Delhi,Serious,Cloudy,Heavy
3855,2025-08-12,23:12:10,Night,Delhi,Delhi,Fatal,Fog,Low
3856,2025-07-22,06:05:43,Morning,Visakhapatnam,Andhra Pradesh,Serious,Cloudy,Moderate
3857,2025-07-05,19:01:51,Evening,Visakhapatnam,Andhra Pradesh,Fatal,Cloudy,Low
3858,2026-01-05,13:56:58,Afternoon,Bangalore,Karnataka,Serious,Drizzle,Heavy
3859,2026-02-25,17:24:59,Evening,Hyderabad,Telangana,Serious,Fog,Heavy
3860,2025-07-22,02:56:18,Night,Bangalore,Karnataka,Minor,Storm,Moderate
3861,2026-02-02,11:11:58,Morning,Visakhapatnam,Andhra Pradesh,Minor,Storm,Moderate
3862,2025-11-04,09:45:48,Morning,Visakhapatnam,Andhra Pradesh,Fatal,Clear,Low
3863,2025-04-08,10:33:58,Morning,Delhi,Delhi,Serious,Storm,Moderate
3864,2025-08-24,21:31:17,Night,Mumbai,Maharashtra,Serious,Clear,Moderate
3865,2025-12-30,21:28:27,Night,Delhi,Delhi,Fatal,Drizzle,Moderate
3866,2025-05-21,09:14:03,Morning,Mumbai,Maharashtra,Serious,Drizzle,Moderate
3867,2025-12-26,15:11:27,Afternoon,Visakhapatnam,Andhra Pradesh,Minor,Storm,Heavy
3868,2025-09-09,07:17:11,Morning,Delhi,Delhi,Minor,Fog,Low
3869,2025-04-16,22:08:41,Night,Hyderabad,Telangana,Minor,Clear,Heavy
3870,2025-12-14,06:18:11,Morning,Delhi,Delhi,Fatal,Storm,Low
3871,2025-07-24,11:49:34,Morning,Mumbai,Maharashtra,Minor,Clear,Moderate
3872,2025-11-30,03:38:33,Night,Bangalore,Karnataka,Serious,Rain,Heavy
3873,2025-12-01,23:30:12,Night,Visakhapatnam,Andhra Pradesh,Minor,Storm,Low
3874,2026-02-18,04:14:08,Night,Chennai,Tamil Nadu,Minor,Fog,Heavy
3875,2026-02-22,08:05:48,Morning,Mumbai,Maharashtra,Fatal,Drizzle,Heavy
3876,2026-04-05,01:51:02,Night,Chennai,Tamil Nadu,Fatal,Cloudy,Moderate
3877,2026-03-04,19:46:19,Evening,Mumbai,Maharashtra,Minor,Clear,Moderate
3878,2025-08-02,15:56:47,Afternoon,Chennai,Tamil Nadu,Minor,Drizzle,Low
3879,2025-11-15,20:30:59,Evening,Bangalore,Karnataka,Fatal,Clear,Moderate
3880,2025-06-13,11:31:24,Morning,Hyderabad,Telangana,Serious,Storm,Moderate
3881,2025-08-03,21:28:32,Night,Visakhapatnam,Andhra Pradesh,Fatal,Drizzle,Heavy
3882,2025-12-07,20:41:44,Evening,Delhi,Delhi,Fatal,Storm,Moderate
3883,2025-11-08,01:49:40,Night,Mumbai,Maharashtra,Minor,Fog,Heavy
3884,2025-08-10,16:35:21,Afternoon,Bangalore,Karnataka,Minor,Drizzle,Heavy
3885,2025-12-16,10:13:43,Morning,Hyderabad,Telangana,Minor,Cloudy,Moderate
3886,2025-05-07,10:31:39,Morning,Hyderabad,Telangana,Minor,Rain,Heavy
3887,2025-06-22,04:35:43,Night,Delhi,Delhi,Serious,Drizzle,Heavy
3888,2026-01-01,21:55:31,Night,Visakhapatnam,Andhra Pradesh,Minor,Rain,Low
3889,2026-04-01,11:48:10,Morning,Chennai,Tamil Nadu,Fatal,Rain,Heavy
3890,2025-08-17,15:50:50,Afternoon,Visakhapatnam,Andhra Pradesh,Minor,Cloudy,Heavy
3891,2025-11-02,21:54:11,Night,Bangalore,Karnataka,Serious,Drizzle,Moderate
3892,2025-12-14,12:55:58,Afternoon,Hyderabad,Telangana,Minor,Clear,Moderate
3893,2025-11-18,15:44:06,Afternoon,Hyderabad,Telangana,Minor,Cloudy,Moderate
3894,2025-09-21,22:57:14,Night,Delhi,Delhi,Serious,Clear,Low
3895,2026-02-18,22:31:47,Night,Mumbai,Maharashtra,Fatal,Rain,Heavy
3896,2025-08-01,19:21:27,Evening,Bangalore,Karnataka,Serious,Cloudy,Moderate
3897,2025-11-09,04:21:59,Night,Bangalore,Karnataka,Minor,Clear,Low
3898,2025-09-24,20:24:09,Evening,Delhi,Delhi,Minor,Rain,Low
3899,2026-02-12,04:56:02,Night,Chennai,Tamil Nadu,Fatal,Fog,Low
3900,2026-04-06,20:18:50,Evening,Hyderabad,Telangana,Serious,Cloudy,Low
3901,2025-06-07,05:44:48,Morning,Delhi,Delhi,Minor,Fog,Moderate
3902,2025-04-29,09:54:10,Morning,Delhi,Delhi,Fatal,Storm,Low
3903,2025-09-05,05:30:10,Morning,Visakhapatnam,Andhra Pradesh,Minor,Fog,Low
3904,2025-11-05,14:44:52,Afternoon,Hyderabad,Telangana,Fatal,Drizzle,Moderate
3905,2025-10-06,18:37:39,Evening,Chennai,Tamil Nadu,Minor,Fog,Low
3906,2025-11-20,03:47:13,Night,Delhi,Delhi,Fatal,Drizzle,Low
3907,2025-06-04,14:10:38,Afternoon,Hyderabad,Telangana,Serious,Cloudy,Moderate
3908,2025-04-25,13:46:16,Afternoon,Delhi,Delhi,Minor,Drizzle,Moderate
3909,2025-04-28,08:54:48,Morning,Visakhapatnam,Andhra Pradesh,Minor,Drizzle,Moderate
3910,2025-10-02,02:30:11,Night,Mumbai,Maharashtra,Fatal,Fog,Moderate
3911,2025-07-25,18:48:18,Evening,Hyderabad,Telangana,Serious,Rain,Low
3912,2025-08-06,22:07:53,Night,Bangalore,Karnataka,Serious,Drizzle,Low
3913,2025-04-09,21:00:44,Night,Visakhapatnam,Andhra Pradesh,Minor,Cloudy,Low
3914,2025-07-08,05:52:47,Morning,Visakhapatnam,Andhra Pradesh,Minor,Fog,Heavy
3915,2026-01-09,19:29:42,Evening,Hyderabad,Telangana,Fatal,Cloudy,Heavy
3916,2025-10-08,17:12:13,Evening,Hyderabad,Telangana,Minor,Clear,Moderate
3917,2025-05-27,03:33:41,Night,Mumbai,Maharashtra,Fatal,Storm,Heavy
3918,2025-06-10,18:51:17,Evening,Hyderabad,Telangana,Serious,Rain,Moderate
3919,2025-06-27,10:09:01,Morning,Hyderabad,Telangana,Serious,Fog,Moderate
3920,2025-04-17,00:37:51,Night,Hyderabad,Telangana,Fatal,Storm,Heavy
3921,2025-07-02,13:13:30,Afternoon,Bangalore,Karnataka,Minor,Clear,Heavy
3922,2025-04-25,12:28:48,Afternoon,Bangalore,Karnataka,Minor,Storm,Moderate
3923,2025-11-24,03:12:21,Night,Visakhapatnam,Andhra Pradesh,Minor,Clear,Heavy
3924,2026-03-01,03:04:19,Night,Delhi,Delhi,Fatal,Fog,Heavy
3925,2025-07-22,10:27:04,Morning,Hyderabad,Telangana,Fatal,Storm,Moderate
3926,2025-08-01,16:25:40,Afternoon,Hyderabad,Telangana,Fatal,Cloudy,Heavy
3927,2026-03-22,13:40:18,Afternoon,Bangalore,Karnataka,Fatal,Cloudy,Low
3928,2025-04-30,22:11:33,Night,Chennai,Tamil Nadu,Minor,Storm,Moderate
3929,2025-05-03,08:19:04,Morning,Bangalore,Karnataka,Minor,Fog,Heavy
3930,2026-02-18,08:55:37,Morning,Delhi,Delhi,Serious,Cloudy,Heavy
3931,2026-03-14,19:50:56,Evening,Bangalore,Karnataka,Minor,Clear,Moderate
3932,2026-02-19,11:54:37,Morning,Hyderabad,Telangana,Minor,Rain,Low
3933,2025-11-23,12:33:50,Afternoon,Chennai,Tamil Nadu,Serious,Fog,Heavy
3934,2025-10-29,02:00:04,Night,Chennai,Tamil Nadu,Minor,Drizzle,Low
3935,2025-08-31,02:42:44,Night,Bangalore,Karnataka,Serious,Clear,Heavy
3936,2025-10-17,23:52:12,Night,Delhi,Delhi,Serious,Drizzle,Low
3937,2025-08-08,21:26:58,Night,Delhi,Delhi,Minor,Fog,Heavy
3938,2026-03-02,10:33:24,Morning,Hyderabad,Telangana,Serious,Rain,Moderate
3939,2025-05-04,07:03:52,Morning,Delhi,Delhi,Serious,Drizzle,Moderate
3940,2026-02-18,23:30:38,Night,Delhi,Delhi,Minor,Cloudy,Low
3941,2025-10-13,06:29:56,Morning,Delhi,Delhi,Serious,Fog,Low
3942,2025-11-01,11:01:27,Morning,Bangalore,Karnataka,Serious,Storm,Moderate
3943,2025-09-20,19:23:41,Evening,Bangalore,Karnataka,Minor,Cloudy,Heavy
3944,2025-10-23,23:14:02,Night,Hyderabad,Telangana,Fatal,Storm,Low
3945,2025-11-15,01:43:04,Night,Hyderabad,Telangana,Fatal,Drizzle,Heavy
3946,2025-04-19,09:39:52,Morning,Chennai,Tamil Nadu,Fatal,Cloudy,Heavy
3947,2026-01-02,03:35:52,Night,Visakhapatnam,Andhra Pradesh,Minor,Clear,Heavy
3948,2026-03-02,01:53:33,Night,Chennai,Tamil Nadu,Minor,Cloudy,Heavy
3949,2025-12-22,10:15:49,Morning,Bangalore,Karnataka,Serious,Storm,Moderate
3950,2025-12-05,16:26:18,Afternoon,Delhi,Delhi,Fatal,Rain,Heavy
3951,2025-06-22,21:23:13,Night,Visakhapatnam,Andhra Pradesh,Serious,Fog,Moderate
3952,2026-01-18,18:51:03,Evening,Visakhapatnam,Andhra Pradesh,Minor,Fog,Moderate
3953,2025-07-01,14:02:28,Afternoon,Visakhapatnam,Andhra Pradesh,Serious,Fog,Moderate
3954,2026-01-22,05:31:18,Morning,Hyderabad,Telangana,Minor,Fog,Heavy
3955,2025-11-17,17:01:27,Evening,Hyderabad,Telangana,Minor,Rain,Low
3956,2025-05-05,01:01:06,Night,Bangalore,Karnataka,Fatal,Rain,Moderate
3957,2025-09-12,12:23:04,Afternoon,Chennai,Tamil Nadu,Fatal,Rain,Moderate
3958,2025-07-15,04:12:20,Night,Chennai,Tamil Nadu,Minor,Cloudy,Heavy
3959,2025-09-08,18:23:25,Evening,Mumbai,Maharashtra,Fatal,Clear,Moderate
3960,2025-04-25,17:46:47,Evening,Chennai,Tamil Nadu,Serious,Rain,Low
3961,2025-06-10,21:33:41,Night,Bangalore,Karnataka,Minor,Cloudy,Moderate
3962,2025-09-21,08:31:24,Morning,Visakhapatnam,Andhra Pradesh,Serious,Storm,Heavy
3963,2026-02-23,21:35:11,Night,Visakhapatnam,Andhra Pradesh,Fatal,Rain,Low
3964,2025-06-13,12:27:52,Afternoon,Mumbai,Maharashtra,Minor,Drizzle,Heavy
3965,2025-04-24,03:53:11,Night,Delhi,Delhi,Minor,Drizzle,Moderate
3966,2025-04-22,13:25:11,Afternoon,Bangalore,Karnataka,Fatal,Fog,Moderate
3967,2025-11-23,15:03:08,Afternoon,Delhi,Delhi,Fatal,Storm,Moderate
3968,2025-11-12,07:26:03,Morning,Mumbai,Maharashtra,Minor,Storm,Low
3969,2025-07-25,11:16:11,Morning,Chennai,Tamil Nadu,Serious,Rain,Heavy
3970,2025-07-13,08:48:55,Morning,Chennai,Tamil Nadu,Minor,Rain,Low
3971,2026-01-02,08:21:34,Morning,Mumbai,Maharashtra,Fatal,Cloudy,Moderate
3972,2025-11-24,03:10:45,Night,Visakhapatnam,Andhra Pradesh,Minor,Cloudy,Heavy
3973,2025-06-26,07:16:53,Morning,Mumbai,Maharashtra,Fatal,Drizzle,Heavy
3974,2025-09-04,12:55:16,Afternoon,Chennai,Tamil Nadu,Serious,Clear,Heavy
3975,2025-08-24,16:50:33,Afternoon,Chennai,Tamil Nadu,Fatal,Fog,Heavy
3976,2025-04-30,12:01:05,Afternoon,Visakhapatnam,Andhra Pradesh,Fatal,Storm,Heavy
3977,2026-03-16,03:31:26,Night,Bangalore,Karnataka,Minor,Fog,Low
3978,2025-04-11,21:20:08,Night,Hyderabad,Telangana,Serious,Rain,Low
3979,2025-08-23,02:29:30,Night,Mumbai,Maharashtra,Fatal,Cloudy,Heavy
3980,2025-08-10,16:34:48,Afternoon,Mumbai,Maharashtra,Serious,Clear,Heavy
3981,2025-07-24,04:50:16,Night,Visakhapatnam,Andhra Pradesh,Fatal,Cloudy,Heavy
3982,2025-04-18,21:01:44,Night,Chennai,Tamil Nadu,Serious,Clear,Moderate
3983,2026-01-17,17:13:25,Evening,Delhi,Delhi,Minor,Cloudy,Moderate
3984,2026-03-25,14:04:31,Afternoon,Visakhapatnam,Andhra Pradesh,Serious,Storm,Moderate
3985,2026-01-19,00:04:25,Night,Chennai,Tamil Nadu,Fatal,Rain,Low
3986,2025-04-13,00:43:43,Night,Chennai,Tamil Nadu,Serious,Drizzle,Moderate
3987,2025-06-09,03:42:52,Night,Visakhapatnam,Andhra Pradesh,Serious,Fog,Heavy
3988,2026-01-07,09:56:06,Morning,Mumbai,Maharashtra,Serious,Clear,Moderate
3989,2025-11-04,08:24:15,Morning,Mumbai,Maharashtra,Minor,Cloudy,Moderate
3990,2025-04-10,07:14:16,Morning,Visakhapatnam,Andhra Pradesh,Minor,Drizzle,Heavy
3991,2025-04-27,16:57:12,Afternoon,Visakhapatnam,Andhra Pradesh,Serious,Drizzle,Moderate
3992,2026-02-20,21:10:38,Night,Delhi,Delhi,Fatal,Storm,Heavy
3993,2026-01-29,01:00:14,Night,Bangalore,Karnataka,Fatal,Clear,Low
3994,2025-09-12,11:11:21,Morning,Delhi,Delhi,Serious,Cloudy,Low
3995,2026-01-14,17:19:51,Evening,Visakhapatnam,Andhra Pradesh,Minor,Drizzle,Moderate
3996,2025-12-09,01:21:11,Night,Mumbai,Maharashtra,Minor,Cloudy,Low
3997,2025-09-26,14:47:19,Afternoon,Mumbai,Maharashtra,Minor,Drizzle,Low
3998,2026-01-25,12:01:39,Afternoon,Hyderabad,Telangana,Serious,Cloudy,Moderate
3999,2026-02-18,08:10:24,Morning,Delhi,Delhi,Minor,Storm,Moderate
4000,2025-09-22,07:07:31,Morning,Chennai,Tamil Nadu,Minor,Fog,Low
4001,2025-06-25,04:57:15,Night,Visakhapatnam,Andhra Pradesh,Minor,Fog,Heavy
4002,2025-09-17,02:05:17,Night,Chennai,Tamil Nadu,Fatal,Rain,Moderate
4003,2025-05-07,23:07:51,Night,Mumbai,Maharashtra,Minor,Rain,Low
4004,2026-01-11,02:48:48,Night,Mumbai,Maharashtra,Fatal,Cloudy,Low
4005,2025-09-07,21:58:30,Night,Bangalore,Karnataka,Fatal,Clear,Moderate
4006,2025-04-12,07:47:46,Morning,Bangalore,Karnataka,Serious,Fog,Low
4007,2025-12-09,14:57:02,Afternoon,Mumbai,Maharashtra,Serious,Cloudy,Low
4008,2025-06-22,14:48:16,Afternoon,Mumbai,Maharashtra,Serious,Storm,Heavy
4009,2026-02-11,15:42:27,Afternoon,Delhi,Delhi,Minor,Cloudy,Low
4010,2025-12-18,17:37:35,Evening,Chennai,Tamil Nadu,Serious,Drizzle,Moderate
4011,2025-12-01,14:27:40,Afternoon,Delhi,Delhi,Minor,Drizzle,Heavy
4012,2025-11-21,13:52:58,Afternoon,Delhi,Delhi,Serious,Drizzle,Heavy
4013,2025-10-15,16:54:38,Afternoon,Visakhapatnam,Andhra Pradesh,Minor,Cloudy,Moderate
4014,2025-11-10,04:51:46,Night,Hyderabad,Telangana,Fatal,Storm,Low
4015,2025-08-31,18:54:00,Evening,Hyderabad,Telangana,Fatal,Cloudy,Moderate
4016,2026-03-04,05:53:49,Morning,Bangalore,Karnataka,Minor,Clear,Moderate
4017,2025-04-20,10:28:14,Morning,Visakhapatnam,Andhra Pradesh,Fatal,Fog,Heavy
4018,2025-12-31,17:20:47,Evening,Bangalore,Karnataka,Serious,Storm,Heavy
4019,2025-04-24,11:16:15,Morning,Visakhapatnam,Andhra Pradesh,Minor,Clear,Heavy
4020,2026-03-09,03:05:32,Night,Mumbai,Maharashtra,Serious,Fog,Low
4021,2025-11-21,22:48:18,Night,Visakhapatnam,Andhra Pradesh,Serious,Clear,Heavy
4022,2026-01-08,15:42:41,Afternoon,Bangalore,Karnataka,Fatal,Storm,Low
4023,2025-04-13,01:48:32,Night,Bangalore,Karnataka,Minor,Clear,Low
4024,2026-03-17,13:20:45,Afternoon,Visakhapatnam,Andhra Pradesh,Minor,Clear,Moderate
4025,2025-11-19,15:04:04,Afternoon,Bangalore,Karnataka,Minor,Storm,Low
4026,2025-12-03,11:00:43,Morning,Visakhapatnam,Andhra Pradesh,Fatal,Fog,Moderate
4027,2025-10-31,23:06:54,Night,Bangalore,Karnataka,Minor,Storm,Heavy
4028,2025-10-08,15:57:54,Afternoon,Hyderabad,Telangana,Minor,Clear,Heavy
4029,2025-08-23,18:55:28,Evening,Visakhapatnam,Andhra Pradesh,Fatal,Storm,Moderate
4030,2025-09-18,09:49:35,Morning,Bangalore,Karnataka,Minor,Storm,Low
4031,2025-05-28,21:12:15,Night,Chennai,Tamil Nadu,Serious,Cloudy,Heavy
4032,2025-11-13,01:02:27,Night,Mumbai,Maharashtra,Minor,Storm,Moderate
4033,2025-04-29,01:03:24,Night,Chennai,Tamil Nadu,Fatal,Storm,Moderate
4034,2025-04-13,13:32:55,Afternoon,Hyderabad,Telangana,Fatal,Cloudy,Low
4035,2025-10-30,07:42:02,Morning,Hyderabad,Telangana,Minor,Drizzle,Low
4036,2025-10-10,02:02:41,Night,Visakhapatnam,Andhra Pradesh,Minor,Cloudy,Moderate
4037,2026-01-30,12:28:09,Afternoon,Hyderabad,Telangana,Serious,Clear,Low
4038,2025-07-02,03:59:38,Night,Hyderabad,Telangana,Minor,Drizzle,Moderate
4039,2025-07-03,15:05:19,Afternoon,Visakhapatnam,Andhra Pradesh,Fatal,Fog,Heavy
4040,2025-11-05,19:39:55,Evening,Mumbai,Maharashtra,Serious,Fog,Heavy
4041,2025-05-28,08:18:40,Morning,Hyderabad,Telangana,Minor,Storm,Heavy
4042,2026-02-28,00:36:04,Night,Bangalore,Karnataka,Fatal,Rain,Low
4043,2025-06-09,00:21:18,Night,Bangalore,Karnataka,Minor,Cloudy,Low
4044,2025-04-14,08:55:27,Morning,Hyderabad,Telangana,Minor,Fog,Heavy
4045,2026-04-02,11:56:49,Morning,Hyderabad,Telangana,Serious,Fog,Heavy
4046,2025-05-05,03:18:06,Night,Bangalore,Karnataka,Fatal,Storm,Heavy
4047,2025-09-26,13:38:34,Afternoon,Hyderabad,Telangana,Minor,Cloudy,Heavy
4048,2025-06-22,03:52:39,Night,Mumbai,Maharashtra,Fatal,Rain,Heavy
4049,2025-04-09,13:24:40,Afternoon,Delhi,Delhi,Serious,Storm,Heavy
4050,2026-03-04,00:35:02,Night,Chennai,Tamil Nadu,Serious,Storm,Heavy
4051,2026-01-07,03:01:12,Night,Chennai,Tamil Nadu,Serious,Clear,Low
4052,2025-11-04,04:03:40,Night,Hyderabad,Telangana,Minor,Rain,Low
4053,2025-08-25,23:48:16,Night,Chennai,Tamil Nadu,Serious,Fog,Moderate
4054,2026-03-02,23:38:13,Night,Visakhapatnam,Andhra Pradesh,Serious,Clear,Heavy
4055,2025-10-05,01:53:55,Night,Bangalore,Karnataka,Fatal,Storm,Heavy
4056,2025-07-17,12:00:25,Afternoon,Delhi,Delhi,Fatal,Fog,Low
4057,2025-10-22,14:32:19,Afternoon,Visakhapatnam,Andhra Pradesh,Minor,Fog,Heavy
4058,2026-03-29,02:24:47,Night,Chennai,Tamil Nadu,Minor,Storm,Low
4059,2025-07-25,09:15:44,Morning,Chennai,Tamil Nadu,Minor,Clear,Moderate
4060,2025-09-02,16:43:16,Afternoon,Visakhapatnam,Andhra Pradesh,Fatal,Rain,Low
4061,2025-05-31,19:08:59,Evening,Bangalore,Karnataka,Fatal,Clear,Heavy
4062,2025-09-10,13:18:34,Afternoon,Bangalore,Karnataka,Fatal,Rain,Heavy
4063,2025-07-02,22:36:43,Night,Delhi,Delhi,Serious,Drizzle,Heavy
4064,2025-11-30,11:17:53,Morning,Mumbai,Maharashtra,Fatal,Drizzle,Low
4065,2025-09-17,15:52:35,Afternoon,Hyderabad,Telangana,Serious,Rain,Heavy
4066,2026-04-02,07:47:59,Morning,Bangalore,Karnataka,Minor,Fog,Moderate
4067,2025-07-06,23:12:50,Night,Chennai,Tamil Nadu,Fatal,Drizzle,Heavy
4068,2025-08-25,22:09:45,Night,Delhi,Delhi,Serious,Clear,Heavy
4069,2025-11-25,00:51:32,Night,Chennai,Tamil Nadu,Minor,Rain,Heavy
4070,2025-11-27,09:17:22,Morning,Delhi,Delhi,Fatal,Drizzle,Low
4071,2025-12-14,12:55:34,Afternoon,Hyderabad,Telangana,Fatal,Clear,Low
4072,2025-04-24,05:22:49,Morning,Delhi,Delhi,Serious,Fog,Heavy
4073,2026-02-21,00:24:39,Night,Mumbai,Maharashtra,Fatal,Fog,Low
4074,2025-08-15,22:03:06,Night,Mumbai,Maharashtra,Minor,Rain,Low
4075,2026-02-12,22:03:37,Night,Visakhapatnam,Andhra Pradesh,Fatal,Rain,Moderate
4076,2025-06-11,09:46:17,Morning,Delhi,Delhi,Serious,Storm,Moderate
4077,2025-04-19,14:39:40,Afternoon,Mumbai,Maharashtra,Minor,Drizzle,Heavy
4078,2025-09-04,10:12:17,Morning,Mumbai,Maharashtra,Serious,Rain,Heavy
4079,2025-08-16,01:46:10,Night,Visakhapatnam,Andhra Pradesh,Fatal,Fog,Heavy
4080,2025-11-25,04:34:06,Night,Chennai,Tamil Nadu,Serious,Cloudy,Heavy
4081,2026-01-01,21:39:30,Night,Delhi,Delhi,Serious,Clear,Moderate
4082,2025-11-25,17:49:24,Evening,Visakhapatnam,Andhra Pradesh,Serious,Rain,Moderate
4083,2025-09-19,10:33:24,Morning,Mumbai,Maharashtra,Serious,Storm,Low
4084,2025-09-06,01:06:07,Night,Delhi,Delhi,Minor,Fog,Heavy
4085,2025-09-15,22:10:17,Night,Visakhapatnam,Andhra Pradesh,Serious,Fog,Moderate
4086,2026-01-13,13:23:36,Afternoon,Bangalore,Karnataka,Fatal,Storm,Low
4087,2025-05-27,15:27:30,Afternoon,Visakhapatnam,Andhra Pradesh,Fatal,Clear,Low
4088,2025-08-10,08:03:36,Morning,Visakhapatnam,Andhra Pradesh,Minor,Cloudy,Low
4089,2025-10-14,10:15:43,Morning,Chennai,Tamil Nadu,Fatal,Storm,Moderate
4090,2025-05-29,20:53:57,Evening,Chennai,Tamil Nadu,Minor,Fog,Moderate
4091,2025-12-21,07:10:01,Morning,Hyderabad,Telangana,Minor,Drizzle,Low
4092,2025-08-20,02:43:55,Night,Bangalore,Karnataka,Serious,Rain,Low
4093,2025-12-12,02:17:33,Night,Chennai,Tamil Nadu,Serious,Rain,Moderate
4094,2025-12-21,02:28:28,Night,Chennai,Tamil Nadu,Minor,Storm,Heavy
4095,2025-10-13,23:14:51,Night,Chennai,Tamil Nadu,Serious,Rain,Moderate
4096,2026-04-01,05:56:36,Morning,Hyderabad,Telangana,Serious,Cloudy,Moderate
4097,2026-01-25,09:36:18,Morning,Delhi,Delhi,Fatal,Clear,Heavy
4098,2025-10-19,06:38:36,Morning,Visakhapatnam,Andhra Pradesh,Serious,Cloudy,Low
4099,2026-02-26,13:23:43,Afternoon,Chennai,Tamil Nadu,Serious,Rain,Heavy
4100,2025-10-05,08:02:00,Morning,Hyderabad,Telangana,Minor,Clear,Low
4101,2025-06-15,19:57:42,Evening,Visakhapatnam,Andhra Pradesh,Fatal,Drizzle,Heavy
4102,2025-09-27,15:44:52,Afternoon,Visakhapatnam,Andhra Pradesh,Minor,Fog,Heavy
4103,2025-05-18,12:20:34,Afternoon,Mumbai,Maharashtra,Minor,Storm,Moderate
4104,2025-10-21,07:36:34,Morning,Visakhapatnam,Andhra Pradesh,Minor,Rain,Moderate
4105,2025-06-18,05:14:43,Morning,Hyderabad,Telangana,Fatal,Storm,Moderate
4106,2025-06-24,14:07:17,Afternoon,Hyderabad,Telangana,Minor,Fog,Moderate
4107,2026-02-22,15:17:59,Afternoon,Delhi,Delhi,Fatal,Cloudy,Moderate
4108,2025-11-07,12:25:39,Afternoon,Bangalore,Karnataka,Serious,Drizzle,Low
4109,2025-12-15,20:29:55,Evening,Mumbai,Maharashtra,Serious,Drizzle,Low
4110,2025-10-25,23:45:48,Night,Visakhapatnam,Andhra Pradesh,Minor,Clear,Moderate
4111,2025-12-25,18:44:49,Evening,Bangalore,Karnataka,Serious,Rain,Moderate
4112,2026-02-22,01:12:49,Night,Hyderabad,Telangana,Minor,Storm,Low
4113,2025-11-08,20:25:57,Evening,Mumbai,Maharashtra,Fatal,Drizzle,Low
4114,2025-12-24,12:44:37,Afternoon,Bangalore,Karnataka,Fatal,Drizzle,Moderate
4115,2025-04-10,18:06:32,Evening,Hyderabad,Telangana,Minor,Rain,Moderate
4116,2026-03-03,03:25:49,Night,Mumbai,Maharashtra,Minor,Drizzle,Heavy
4117,2025-07-09,20:20:45,Evening,Delhi,Delhi,Serious,Storm,Heavy
4118,2025-04-09,05:14:01,Morning,Bangalore,Karnataka,Fatal,Fog,Moderate
4119,2025-09-15,07:13:11,Morning,Hyderabad,Telangana,Fatal,Clear,Moderate
4120,2025-09-09,09:58:56,Morning,Mumbai,Maharashtra,Minor,Drizzle,Low
4121,2025-08-14,18:09:44,Evening,Delhi,Delhi,Serious,Storm,Low
4122,2025-05-28,16:23:53,Afternoon,Delhi,Delhi,Fatal,Fog,Low
4123,2025-12-08,04:50:36,Night,Mumbai,Maharashtra,Serious,Storm,Heavy
4124,2025-09-24,00:04:23,Night,Delhi,Delhi,Fatal,Cloudy,Heavy
4125,2025-04-10,22:06:45,Night,Chennai,Tamil Nadu,Serious,Rain,Moderate
4126,2026-01-21,03:46:34,Night,Hyderabad,Telangana,Fatal,Drizzle,Low
4127,2025-05-27,09:11:20,Morning,Bangalore,Karnataka,Fatal,Drizzle,Low
4128,2025-08-09,13:27:41,Afternoon,Visakhapatnam,Andhra Pradesh,Minor,Storm,Moderate
4129,2026-01-11,22:04:45,Night,Visakhapatnam,Andhra Pradesh,Fatal,Cloudy,Heavy
4130,2025-12-07,05:45:15,Morning,Bangalore,Karnataka,Fatal,Drizzle,Low
4131,2025-09-23,08:00:55,Morning,Bangalore,Karnataka,Fatal,Drizzle,Low
4132,2026-04-03,17:13:19,Evening,Chennai,Tamil Nadu,Minor,Drizzle,Low
4133,2025-09-06,12:45:51,Afternoon,Hyderabad,Telangana,Minor,Cloudy,Moderate
4134,2025-05-10,15:47:39,Afternoon,Chennai,Tamil Nadu,Fatal,Cloudy,Moderate
4135,2025-06-02,09:44:11,Morning,Chennai,Tamil Nadu,Minor,Rain,Moderate
4136,2026-04-07,23:43:22,Night,Delhi,Delhi,Serious,Cloudy,Moderate
4137,2025-09-16,01:37:41,Night,Chennai,Tamil Nadu,Serious,Clear,Low
4138,2025-05-29,15:37:20,Afternoon,Visakhapatnam,Andhra Pradesh,Serious,Drizzle,Moderate
4139,2025-09-15,02:48:09,Night,Chennai,Tamil Nadu,Serious,Rain,Low
4140,2025-10-15,07:02:20,Morning,Delhi,Delhi,Minor,Cloudy,Heavy
4141,2025-04-22,16:47:55,Afternoon,Visakhapatnam,Andhra Pradesh,Minor,Clear,Heavy
4142,2026-02-16,17:35:51,Evening,Chennai,Tamil Nadu,Serious,Fog,Moderate
4143,2025-04-25,05:32:21,Morning,Hyderabad,Telangana,Fatal,Drizzle,Heavy
4144,2025-12-20,21:46:07,Night,Hyderabad,Telangana,Fatal,Rain,Moderate
4145,2025-06-14,04:00:49,Night,Visakhapatnam,Andhra Pradesh,Fatal,Rain,Heavy
4146,2026-02-11,06:18:44,Morning,Delhi,Delhi,Minor,Rain,Low
4147,2025-05-17,06:15:43,Morning,Mumbai,Maharashtra,Minor,Drizzle,Low
4148,2025-09-29,01:32:43,Night,Visakhapatnam,Andhra Pradesh,Serious,Clear,Low
4149,2025-11-30,08:19:58,Morning,Bangalore,Karnataka,Minor,Storm,Moderate
4150,2025-12-21,04:19:52,Night,Hyderabad,Telangana,Minor,Storm,Low
4151,2025-08-21,02:07:18,Night,Bangalore,Karnataka,Fatal,Storm,Low
4152,2025-08-28,08:52:20,Morning,Chennai,Tamil Nadu,Serious,Rain,Low
4153,2025-06-13,04:49:17,Night,Chennai,Tamil Nadu,Serious,Drizzle,Moderate
4154,2025-10-24,18:45:34,Evening,Bangalore,Karnataka,Serious,Drizzle,Moderate
4155,2025-08-07,15:43:07,Afternoon,Chennai,Tamil Nadu,Minor,Rain,Moderate
4156,2025-08-24,04:24:24,Night,Delhi,Delhi,Fatal,Storm,Heavy
4157,2025-09-02,12:50:35,Afternoon,Chennai,Tamil Nadu,Serious,Cloudy,Low
4158,2025-09-29,03:41:11,Night,Chennai,Tamil Nadu,Minor,Clear,Moderate
4159,2025-12-16,03:48:21,Night,Bangalore,Karnataka,Serious,Drizzle,Low
4160,2025-05-09,05:27:17,Morning,Delhi,Delhi,Fatal,Rain,Low
4161,2025-09-11,11:44:58,Morning,Bangalore,Karnataka,Fatal,Storm,Low
4162,2026-01-30,23:14:25,Night,Visakhapatnam,Andhra Pradesh,Minor,Fog,Moderate
4163,2025-10-24,06:11:38,Morning,Chennai,Tamil Nadu,Minor,Cloudy,Low
4164,2025-07-12,21:09:40,Night,Bangalore,Karnataka,Serious,Rain,Low
4165,2026-01-13,14:40:01,Afternoon,Delhi,Delhi,Minor,Fog,Low
4166,2025-12-03,00:28:59,Night,Bangalore,Karnataka,Fatal,Rain,Moderate
4167,2026-01-11,04:29:40,Night,Bangalore,Karnataka,Minor,Cloudy,Heavy
4168,2025-06-05,02:17:57,Night,Visakhapatnam,Andhra Pradesh,Minor,Drizzle,Heavy
4169,2025-12-12,11:54:47,Morning,Bangalore,Karnataka,Serious,Clear,Heavy
4170,2026-03-09,02:51:01,Night,Delhi,Delhi,Serious,Fog,Low
4171,2026-02-20,10:37:30,Morning,Hyderabad,Telangana,Fatal,Clear,Moderate
4172,2026-03-07,23:13:19,Night,Hyderabad,Telangana,Serious,Cloudy,Low
4173,2026-02-14,08:27:12,Morning,Mumbai,Maharashtra,Minor,Fog,Heavy
4174,2025-07-03,15:23:26,Afternoon,Delhi,Delhi,Serious,Fog,Heavy
4175,2025-06-20,04:05:55,Night,Hyderabad,Telangana,Minor,Storm,Heavy
4176,2025-06-20,09:46:56,Morning,Hyderabad,Telangana,Minor,Clear,Low
4177,2025-11-23,20:25:46,Evening,Bangalore,Karnataka,Minor,Fog,Heavy
4178,2025-05-31,19:22:57,Evening,Visakhapatnam,Andhra Pradesh,Minor,Cloudy,Moderate
4179,2025-12-02,10:19:25,Morning,Mumbai,Maharashtra,Minor,Fog,Moderate
4180,2025-12-10,13:58:44,Afternoon,Chennai,Tamil Nadu,Serious,Clear,Low
4181,2025-11-08,01:35:28,Night,Mumbai,Maharashtra,Fatal,Cloudy,Moderate
4182,2025-09-30,05:49:04,Morning,Bangalore,Karnataka,Serious,Fog,Moderate
4183,2025-08-19,12:57:13,Afternoon,Chennai,Tamil Nadu,Fatal,Rain,Low
4184,2026-03-10,11:14:47,Morning,Mumbai,Maharashtra,Fatal,Fog,Moderate
4185,2025-10-03,22:35:33,Night,Bangalore,Karnataka,Fatal,Clear,Moderate
4186,2025-05-25,09:43:07,Morning,Bangalore,Karnataka,Minor,Cloudy,Low
4187,2025-11-11,01:04:28,Night,Bangalore,Karnataka,Serious,Clear,Heavy
4188,2025-06-26,23:03:17,Night,Visakhapatnam,Andhra Pradesh,Serious,Clear,Low
4189,2025-08-01,08:58:48,Morning,Bangalore,Karnataka,Fatal,Storm,Heavy
4190,2025-12-30,19:16:20,Evening,Visakhapatnam,Andhra Pradesh,Fatal,Cloudy,Heavy
4191,2026-01-29,19:41:19,Evening,Bangalore,Karnataka,Fatal,Cloudy,Heavy
4192,2025-04-24,16:50:16,Afternoon,Visakhapatnam,Andhra Pradesh,Serious,Clear,Heavy
4193,2026-01-28,09:21:04,Morning,Mumbai,Maharashtra,Fatal,Rain,Heavy
4194,2025-05-30,13:22:14,Afternoon,Hyderabad,Telangana,Serious,Rain,Moderate
4195,2025-07-14,12:15:12,Afternoon,Hyderabad,Telangana,Fatal,Rain,Moderate
4196,2025-09-23,11:02:00,Morning,Bangalore,Karnataka,Minor,Cloudy,Low
4197,2025-09-06,16:46:33,Afternoon,Visakhapatnam,Andhra Pradesh,Minor,Fog,Moderate
4198,2026-01-31,19:18:22,Evening,Hyderabad,Telangana,Minor,Drizzle,Low
4199,2025-04-17,20:42:29,Evening,Visakhapatnam,Andhra Pradesh,Minor,Storm,Moderate
4200,2025-07-29,02:21:29,Night,Visakhapatnam,Andhra Pradesh,Fatal,Clear,Heavy
4201,2025-10-06,11:37:00,Morning,Hyderabad,Telangana,Serious,Clear,Low
4202,2025-05-27,11:21:12,Morning,Mumbai,Maharashtra,Fatal,Rain,Moderate
4203,2025-04-08,16:13:27,Afternoon,Hyderabad,Telangana,Minor,Clear,Low
4204,2025-10-19,14:19:40,Afternoon,Bangalore,Karnataka,Serious,Drizzle,Heavy
4205,2025-04-16,22:53:31,Night,Bangalore,Karnataka,Minor,Cloudy,Low
4206,2025-04-11,00:25:47,Night,Bangalore,Karnataka,Minor,Fog,Moderate
4207,2025-11-09,02:13:22,Night,Delhi,Delhi,Minor,Clear,Low
4208,2026-02-23,18:23:49,Evening,Delhi,Delhi,Minor,Rain,Heavy
4209,2025-05-18,15:48:29,Afternoon,Mumbai,Maharashtra,Minor,Rain,Heavy
4210,2025-07-03,16:04:02,Afternoon,Visakhapatnam,Andhra Pradesh,Fatal,Drizzle,Moderate
4211,2025-06-28,16:43:14,Afternoon,Hyderabad,Telangana,Fatal,Storm,Heavy
4212,2025-07-13,13:21:29,Afternoon,Chennai,Tamil Nadu,Serious,Rain,Low
4213,2025-07-04,19:09:29,Evening,Chennai,Tamil Nadu,Minor,Cloudy,Heavy
4214,2025-11-30,15:44:42,Afternoon,Mumbai,Maharashtra,Serious,Cloudy,Heavy
4215,2025-08-09,01:02:23,Night,Mumbai,Maharashtra,Fatal,Rain,Low
4216,2025-06-15,20:58:00,Evening,Hyderabad,Telangana,Fatal,Fog,Moderate
4217,2025-07-11,15:01:16,Afternoon,Bangalore,Karnataka,Fatal,Rain,Heavy
4218,2025-05-01,04:42:39,Night,Chennai,Tamil Nadu,Serious,Storm,Moderate
4219,2025-11-05,02:00:49,Night,Delhi,Delhi,Serious,Fog,Moderate
4220,2025-05-12,21:17:18,Night,Mumbai,Maharashtra,Minor,Fog,Moderate
4221,2026-01-26,08:20:07,Morning,Bangalore,Karnataka,Minor,Rain,Heavy
4222,2025-07-27,23:26:40,Night,Chennai,Tamil Nadu,Minor,Storm,Low
4223,2025-05-04,08:02:23,Morning,Chennai,Tamil Nadu,Serious,Cloudy,Heavy
4224,2026-02-28,16:18:19,Afternoon,Mumbai,Maharashtra,Minor,Fog,Low
4225,2025-05-02,20:22:19,Evening,Chennai,Tamil Nadu,Minor,Cloudy,Low
4226,2025-07-30,02:28:11,Night,Visakhapatnam,Andhra Pradesh,Fatal,Fog,Moderate
4227,2025-05-01,09:16:32,Morning,Visakhapatnam,Andhra Pradesh,Minor,Fog,Heavy
4228,2025-09-23,14:59:52,Afternoon,Mumbai,Maharashtra,Serious,Rain,Moderate
4229,2025-09-06,07:12:14,Morning,Visakhapatnam,Andhra Pradesh,Minor,Rain,Low
4230,2026-04-04,13:53:17,Afternoon,Delhi,Delhi,Minor,Drizzle,Moderate
4231,2026-03-09,12:42:03,Afternoon,Delhi,Delhi,Fatal,Clear,Moderate
4232,2025-11-05,06:39:23,Morning,Chennai,Tamil Nadu,Serious,Clear,Heavy
4233,2025-04-18,22:31:52,Night,Bangalore,Karnataka,Serious,Storm,Low
4234,2025-11-16,05:38:41,Morning,Mumbai,Maharashtra,Serious,Cloudy,Moderate
4235,2025-04-10,18:51:13,Evening,Mumbai,Maharashtra,Minor,Rain,Moderate
4236,2025-10-29,04:10:24,Night,Bangalore,Karnataka,Minor,Drizzle,Heavy
4237,2025-09-25,06:34:43,Morning,Bangalore,Karnataka,Minor,Fog,Low
4238,2025-04-09,01:57:40,Night,Hyderabad,Telangana,Fatal,Cloudy,Low
4239,2026-02-28,21:07:22,Night,Chennai,Tamil Nadu,Serious,Rain,Heavy
4240,2025-12-26,18:45:43,Evening,Hyderabad,Telangana,Fatal,Drizzle,Heavy
4241,2025-06-26,21:00:49,Night,Visakhapatnam,Andhra Pradesh,Fatal,Drizzle,Heavy
4242,2026-04-02,20:26:38,Evening,Delhi,Delhi,Serious,Clear,Heavy
4243,2025-09-02,13:47:47,Afternoon,Visakhapatnam,Andhra Pradesh,Minor,Drizzle,Moderate
4244,2025-09-25,22:17:17,Night,Hyderabad,Telangana,Minor,Rain,Heavy
4245,2026-04-03,05:53:28,Morning,Delhi,Delhi,Minor,Drizzle,Moderate
4246,2026-02-12,07:33:48,Morning,Delhi,Delhi,Minor,Cloudy,Moderate
4247,2026-02-25,12:37:08,Afternoon,Mumbai,Maharashtra,Fatal,Clear,Moderate
4248,2025-05-25,09:57:00,Morning,Visakhapatnam,Andhra Pradesh,Minor,Fog,Heavy
4249,2025-12-25,05:18:19,Morning,Chennai,Tamil Nadu,Minor,Storm,Moderate
4250,2026-03-10,12:38:58,Afternoon,Visakhapatnam,Andhra Pradesh,Fatal,Cloudy,Low
4251,2025-09-17,01:08:52,Night,Hyderabad,Telangana,Minor,Drizzle,Moderate
4252,2025-10-06,13:02:58,Afternoon,Hyderabad,Telangana,Fatal,Cloudy,Low
4253,2026-01-10,15:46:48,Afternoon,Visakhapatnam,Andhra Pradesh,Serious,Rain,Moderate
4254,2025-12-17,23:59:32,Night,Hyderabad,Telangana,Minor,Drizzle,Low
4255,2025-07-02,02:03:17,Night,Bangalore,Karnataka,Minor,Cloudy,Low
4256,2025-07-03,03:16:32,Night,Hyderabad,Telangana,Serious,Drizzle,Moderate
4257,2025-08-27,04:37:09,Night,Delhi,Delhi,Fatal,Rain,Low
4258,2025-10-08,10:52:39,Morning,Mumbai,Maharashtra,Minor,Drizzle,Moderate
4259,2025-08-27,10:17:29,Morning,Hyderabad,Telangana,Fatal,Cloudy,Moderate
4260,2025-07-22,23:46:40,Night,Hyderabad,Telangana,Fatal,Storm,Heavy
4261,2026-03-11,05:19:38,Morning,Chennai,Tamil Nadu,Minor,Storm,Heavy
4262,2025-05-31,19:32:21,Evening,Bangalore,Karnataka,Serious,Rain,Heavy
4263,2025-08-10,13:32:15,Afternoon,Chennai,Tamil Nadu,Minor,Clear,Heavy
4264,2025-12-25,15:19:05,Afternoon,Delhi,Delhi,Minor,Cloudy,Moderate
4265,2025-08-21,15:43:57,Afternoon,Visakhapatnam,Andhra Pradesh,Fatal,Fog,Moderate
4266,2025-06-26,09:14:08,Morning,Visakhapatnam,Andhra Pradesh,Fatal,Storm,Low
4267,2025-05-14,21:54:40,Night,Visakhapatnam,Andhra Pradesh,Fatal,Storm,Heavy
4268,2025-07-22,13:26:27,Afternoon,Visakhapatnam,Andhra Pradesh,Fatal,Fog,Heavy
4269,2025-05-09,10:34:52,Morning,Visakhapatnam,Andhra Pradesh,Serious,Clear,Moderate
4270,2025-09-03,01:47:27,Night,Visakhapatnam,Andhra Pradesh,Minor,Rain,Heavy
4271,2025-09-29,03:28:45,Night,Chennai,Tamil Nadu,Serious,Storm,Heavy
4272,2025-08-11,05:00:50,Morning,Delhi,Delhi,Minor,Cloudy,Heavy
4273,2025-06-29,23:09:25,Night,Visakhapatnam,Andhra Pradesh,Minor,Clear,Heavy
4274,2025-10-02,22:58:04,Night,Hyderabad,Telangana,Minor,Rain,Moderate
4275,2025-09-17,05:57:46,Morning,Chennai,Tamil Nadu,Fatal,Drizzle,Moderate
4276,2025-10-31,01:50:17,Night,Delhi,Delhi,Minor,Fog,Moderate
4277,2025-04-28,17:36:25,Evening,Delhi,Delhi,Serious,Drizzle,Heavy
4278,2025-06-09,04:24:28,Night,Delhi,Delhi,Serious,Cloudy,Low
4279,2025-06-28,11:56:45,Morning,Chennai,Tamil Nadu,Minor,Drizzle,Moderate
4280,2025-09-22,22:27:31,Night,Chennai,Tamil Nadu,Fatal,Storm,Moderate
4281,2025-05-08,10:28:41,Morning,Hyderabad,Telangana,Serious,Drizzle,Moderate
4282,2025-09-15,03:33:32,Night,Chennai,Tamil Nadu,Fatal,Drizzle,Low
4283,2025-10-07,22:32:52,Night,Hyderabad,Telangana,Fatal,Clear,Moderate
4284,2025-12-29,09:15:42,Morning,Delhi,Delhi,Fatal,Drizzle,Moderate
4285,2025-08-20,23:55:42,Night,Bangalore,Karnataka,Serious,Cloudy,Moderate
4286,2025-06-26,20:35:40,Evening,Visakhapatnam,Andhra Pradesh,Serious,Drizzle,Low
4287,2025-08-28,18:00:37,Evening,Visakhapatnam,Andhra Pradesh,Serious,Drizzle,Heavy
4288,2025-12-27,18:27:29,Evening,Visakhapatnam,Andhra Pradesh,Minor,Clear,Moderate
4289,2025-10-27,18:44:07,Evening,Mumbai,Maharashtra,Fatal,Clear,Heavy
4290,2025-09-22,18:21:20,Evening,Bangalore,Karnataka,Minor,Cloudy,Moderate
4291,2026-01-05,20:47:47,Evening,Delhi,Delhi,Fatal,Storm,Moderate
4292,2026-02-24,16:06:43,Afternoon,Mumbai,Maharashtra,Fatal,Drizzle,Low
4293,2025-12-16,05:35:48,Morning,Visakhapatnam,Andhra Pradesh,Minor,Cloudy,Heavy
4294,2025-12-13,06:37:52,Morning,Hyderabad,Telangana,Minor,Clear,Heavy
4295,2025-07-01,14:38:13,Afternoon,Chennai,Tamil Nadu,Minor,Rain,Low
4296,2025-10-11,05:51:40,Morning,Bangalore,Karnataka,Serious,Storm,Moderate
4297,2025-07-16,22:37:03,Night,Bangalore,Karnataka,Serious,Clear,Heavy
4298,2025-10-14,12:39:15,Afternoon,Mumbai,Maharashtra,Minor,Drizzle,Heavy
4299,2025-11-04,07:38:25,Morning,Mumbai,Maharashtra,Fatal,Fog,Moderate
4300,2025-12-01,04:51:45,Night,Mumbai,Maharashtra,Minor,Drizzle,Heavy
4301,2025-06-09,23:30:21,Night,Bangalore,Karnataka,Minor,Rain,Moderate
4302,2025-07-05,13:41:13,Afternoon,Hyderabad,Telangana,Minor,Drizzle,Low
4303,2026-02-23,03:41:04,Night,Mumbai,Maharashtra,Minor,Fog,Heavy
4304,2026-01-16,09:02:12,Morning,Hyderabad,Telangana,Minor,Drizzle,Low
4305,2025-05-18,09:40:21,Morning,Mumbai,Maharashtra,Fatal,Drizzle,Low
4306,2026-01-19,00:43:14,Night,Bangalore,Karnataka,Minor,Fog,Low
4307,2025-10-09,13:57:49,Afternoon,Chennai,Tamil Nadu,Minor,Fog,Low
4308,2026-02-02,08:41:31,Morning,Chennai,Tamil Nadu,Serious,Rain,Moderate
4309,2026-02-04,06:17:04,Morning,Bangalore,Karnataka,Serious,Storm,Low
4310,2025-04-24,00:49:59,Night,Chennai,Tamil Nadu,Fatal,Rain,Low
4311,2025-09-25,09:32:47,Morning,Bangalore,Karnataka,Minor,Rain,Moderate
4312,2025-06-12,12:53:54,Afternoon,Bangalore,Karnataka,Serious,Fog,Low
4313,2026-02-11,06:16:39,Morning,Mumbai,Maharashtra,Serious,Cloudy,Moderate
4314,2026-02-19,16:32:59,Afternoon,Chennai,Tamil Nadu,Serious,Rain,Low
4315,2025-09-27,11:57:59,Morning,Visakhapatnam,Andhra Pradesh,Fatal,Cloudy,Low
4316,2026-03-14,01:44:14,Night,Chennai,Tamil Nadu,Minor,Cloudy,Heavy
4317,2025-04-13,02:21:30,Night,Bangalore,Karnataka,Minor,Storm,Heavy
4318,2025-04-08,12:03:46,Afternoon,Bangalore,Karnataka,Fatal,Rain,Heavy
4319,2025-07-09,05:02:38,Morning,Hyderabad,Telangana,Minor,Fog,Low
4320,2025-05-28,07:15:35,Morning,Bangalore,Karnataka,Serious,Fog,Heavy
4321,2025-06-28,10:35:22,Morning,Hyderabad,Telangana,Minor,Fog,Moderate
4322,2025-12-03,08:11:38,Morning,Chennai,Tamil Nadu,Minor,Fog,Low
4323,2025-09-08,17:43:36,Evening,Hyderabad,Telangana,Minor,Rain,Moderate
4324,2026-04-02,07:36:20,Morning,Bangalore,Karnataka,Serious,Storm,Heavy
4325,2025-05-19,23:36:03,Night,Bangalore,Karnataka,Minor,Cloudy,Low
4326,2026-01-03,18:48:45,Evening,Visakhapatnam,Andhra Pradesh,Fatal,Clear,Moderate
4327,2026-01-24,18:10:43,Evening,Delhi,Delhi,Fatal,Rain,Low
4328,2025-08-11,15:34:26,Afternoon,Delhi,Delhi,Fatal,Drizzle,Heavy
4329,2026-01-09,19:49:28,Evening,Bangalore,Karnataka,Serious,Cloudy,Low
4330,2025-10-13,00:13:46,Night,Hyderabad,Telangana,Minor,Clear,Low
4331,2025-06-21,18:03:03,Evening,Hyderabad,Telangana,Minor,Rain,Low
4332,2026-01-31,04:09:07,Night,Mumbai,Maharashtra,Fatal,Clear,Moderate
4333,2025-08-17,08:00:14,Morning,Bangalore,Karnataka,Minor,Storm,Low
4334,2026-03-17,13:16:03,Afternoon,Visakhapatnam,Andhra Pradesh,Serious,Clear,Moderate
4335,2026-04-03,13:53:08,Afternoon,Chennai,Tamil Nadu,Serious,Clear,Moderate
4336,2026-02-20,22:42:11,Night,Mumbai,Maharashtra,Serious,Clear,Moderate
4337,2025-08-12,14:53:49,Afternoon,Hyderabad,Telangana,Minor,Fog,Heavy
4338,2025-12-14,22:05:31,Night,Delhi,Delhi,Serious,Fog,Heavy
4339,2026-03-06,06:12:49,Morning,Hyderabad,Telangana,Minor,Rain,Heavy
4340,2025-11-08,17:28:59,Evening,Bangalore,Karnataka,Minor,Rain,Moderate
4341,2025-06-15,23:48:15,Night,Mumbai,Maharashtra,Minor,Clear,Moderate
4342,2025-08-22,12:49:15,Afternoon,Chennai,Tamil Nadu,Serious,Clear,Heavy
4343,2025-12-28,02:59:13,Night,Visakhapatnam,Andhra Pradesh,Minor,Drizzle,Low
4344,2025-09-07,22:52:20,Night,Hyderabad,Telangana,Serious,Cloudy,Moderate
4345,2026-01-15,12:42:07,Afternoon,Chennai,Tamil Nadu,Serious,Clear,Moderate
4346,2026-02-26,02:32:48,Night,Chennai,Tamil Nadu,Serious,Cloudy,Low
4347,2026-03-22,18:13:50,Evening,Visakhapatnam,Andhra Pradesh,Serious,Storm,Moderate
4348,2025-04-24,21:48:14,Night,Visakhapatnam,Andhra Pradesh,Minor,Rain,Low
4349,2025-09-10,12:36:22,Afternoon,Mumbai,Maharashtra,Serious,Fog,Heavy
4350,2025-06-27,15:29:51,Afternoon,Mumbai,Maharashtra,Fatal,Cloudy,Moderate
4351,2025-05-17,13:05:53,Afternoon,Visakhapatnam,Andhra Pradesh,Serious,Cloudy,Low
4352,2025-09-01,11:43:05,Morning,Delhi,Delhi,Minor,Storm,Moderate
4353,2025-10-19,06:14:22,Morning,Chennai,Tamil Nadu,Minor,Fog,Low
4354,2025-06-11,06:25:59,Morning,Chennai,Tamil Nadu,Serious,Storm,Moderate
4355,2025-05-11,01:14:51,Night,Hyderabad,Telangana,Minor,Rain,Low
4356,2025-10-02,06:36:57,Morning,Hyderabad,Telangana,Fatal,Storm,Low
4357,2026-02-10,14:49:07,Afternoon,Hyderabad,Telangana,Minor,Storm,Heavy
4358,2025-10-21,00:30:11,Night,Visakhapatnam,Andhra Pradesh,Serious,Drizzle,Moderate
4359,2025-12-31,10:53:15,Morning,Chennai,Tamil Nadu,Fatal,Cloudy,Heavy
4360,2025-06-05,16:08:10,Afternoon,Mumbai,Maharashtra,Minor,Fog,Low
4361,2025-05-04,03:50:42,Night,Hyderabad,Telangana,Fatal,Fog,Heavy
4362,2025-11-19,11:49:47,Morning,Hyderabad,Telangana,Fatal,Storm,Heavy
4363,2025-07-30,14:36:42,Afternoon,Visakhapatnam,Andhra Pradesh,Serious,Fog,Heavy
4364,2025-11-09,07:27:55,Morning,Mumbai,Maharashtra,Fatal,Fog,Heavy
4365,2026-01-19,14:39:36,Afternoon,Mumbai,Maharashtra,Serious,Fog,Low
4366,2025-04-21,05:11:57,Morning,Visakhapatnam,Andhra Pradesh,Serious,Cloudy,Heavy
4367,2025-12-13,14:50:30,Afternoon,Mumbai,Maharashtra,Serious,Cloudy,Heavy
4368,2025-07-22,14:08:26,Afternoon,Delhi,Delhi,Serious,Rain,Moderate
4369,2025-05-07,10:57:56,Morning,Visakhapatnam,Andhra Pradesh,Fatal,Cloudy,Moderate
4370,2025-09-29,22:03:58,Night,Visakhapatnam,Andhra Pradesh,Serious,Storm,Low
4371,2025-07-23,02:59:21,Night,Mumbai,Maharashtra,Minor,Cloudy,Moderate
4372,2025-05-23,15:01:58,Afternoon,Visakhapatnam,Andhra Pradesh,Minor,Storm,Low
4373,2025-05-23,11:08:30,Morning,Mumbai,Maharashtra,Minor,Storm,Moderate
4374,2025-05-29,14:24:59,Afternoon,Chennai,Tamil Nadu,Minor,Rain,Moderate
4375,2025-07-18,15:40:36,Afternoon,Visakhapatnam,Andhra Pradesh,Minor,Fog,Low
4376,2025-10-26,20:24:59,Evening,Visakhapatnam,Andhra Pradesh,Serious,Fog,Moderate
4377,2025-05-17,21:03:59,Night,Chennai,Tamil Nadu,Serious,Drizzle,Low
4378,2025-12-02,18:44:17,Evening,Chennai,Tamil Nadu,Fatal,Storm,Heavy
4379,2025-10-26,21:11:43,Night,Delhi,Delhi,Serious,Drizzle,Heavy
4380,2025-09-15,10:02:37,Morning,Hyderabad,Telangana,Minor,Storm,Heavy
4381,2025-08-18,17:26:51,Evening,Chennai,Tamil Nadu,Minor,Fog,Moderate
4382,2025-11-26,10:27:50,Morning,Chennai,Tamil Nadu,Serious,Storm,Heavy
4383,2025-12-08,10:05:05,Morning,Mumbai,Maharashtra,Minor,Fog,Moderate
4384,2025-04-28,05:09:05,Morning,Mumbai,Maharashtra,Serious,Drizzle,Low
4385,2025-04-17,02:09:37,Night,Bangalore,Karnataka,Minor,Storm,Moderate
4386,2025-10-10,08:49:04,Morning,Visakhapatnam,Andhra Pradesh,Fatal,Drizzle,Moderate
4387,2026-01-22,20:21:51,Evening,Mumbai,Maharashtra,Fatal,Cloudy,Moderate
4388,2025-12-29,23:04:43,Night,Mumbai,Maharashtra,Fatal,Clear,Heavy
4389,2026-03-06,04:57:35,Night,Bangalore,Karnataka,Fatal,Rain,Low
4390,2025-05-05,05:51:56,Morning,Chennai,Tamil Nadu,Serious,Clear,Heavy
4391,2026-01-02,22:52:03,Night,Mumbai,Maharashtra,Serious,Fog,Moderate
4392,2026-02-03,23:07:04,Night,Delhi,Delhi,Fatal,Rain,Low
4393,2026-04-04,06:50:21,Morning,Hyderabad,Telangana,Fatal,Rain,Heavy
4394,2025-08-01,20:43:21,Evening,Bangalore,Karnataka,Minor,Storm,Heavy
4395,2025-04-16,17:20:00,Evening,Hyderabad,Telangana,Fatal,Rain,Heavy
4396,2025-06-09,11:59:26,Morning,Mumbai,Maharashtra,Fatal,Rain,Heavy
4397,2025-06-01,22:04:29,Night,Bangalore,Karnataka,Minor,Drizzle,Heavy
4398,2025-06-25,08:11:59,Morning,Bangalore,Karnataka,Fatal,Storm,Moderate
4399,2025-07-24,03:59:58,Night,Mumbai,Maharashtra,Minor,Clear,Heavy
4400,2025-09-05,09:34:01,Morning,Mumbai,Maharashtra,Minor,Clear,Low
4401,2025-12-29,04:36:53,Night,Hyderabad,Telangana,Fatal,Drizzle,Heavy
4402,2025-07-01,06:59:32,Morning,Hyderabad,Telangana,Serious,Drizzle,Heavy
4403,2026-03-03,14:48:58,Afternoon,Hyderabad,Telangana,Minor,Clear,Low
4404,2025-05-20,00:51:34,Night,Chennai,Tamil Nadu,Fatal,Storm,Moderate
4405,2025-11-01,19:01:21,Evening,Chennai,Tamil Nadu,Serious,Clear,Moderate
4406,2026-01-11,08:09:15,Morning,Mumbai,Maharashtra,Minor,Drizzle,Moderate
4407,2025-11-02,10:43:53,Morning,Visakhapatnam,Andhra Pradesh,Serious,Rain,Heavy
4408,2025-10-19,13:57:52,Afternoon,Mumbai,Maharashtra,Fatal,Storm,Heavy
4409,2026-02-03,15:07:12,Afternoon,Delhi,Delhi,Minor,Drizzle,Heavy
4410,2025-04-12,00:45:44,Night,Delhi,Delhi,Minor,Rain,Low
4411,2025-09-16,09:44:52,Morning,Visakhapatnam,Andhra Pradesh,Serious,Storm,Moderate
4412,2026-01-16,17:05:32,Evening,Mumbai,Maharashtra,Serious,Clear,Low
4413,2025-05-05,03:14:58,Night,Bangalore,Karnataka,Fatal,Fog,Heavy
4414,2025-10-28,08:39:06,Morning,Delhi,Delhi,Serious,Rain,Low
4415,2025-11-09,20:21:52,Evening,Bangalore,Karnataka,Minor,Cloudy,Low
4416,2026-01-05,22:33:18,Night,Mumbai,Maharashtra,Minor,Storm,Low
4417,2025-09-20,02:12:31,Night,Visakhapatnam,Andhra Pradesh,Serious,Storm,Moderate
4418,2025-06-06,23:43:23,Night,Hyderabad,Telangana,Serious,Drizzle,Heavy
4419,2025-05-01,10:21:07,Morning,Bangalore,Karnataka,Serious,Drizzle,Moderate
4420,2025-06-29,20:22:24,Evening,Hyderabad,Telangana,Minor,Fog,Moderate
4421,2025-08-20,04:35:53,Night,Visakhapatnam,Andhra Pradesh,Serious,Cloudy,Heavy
4422,2026-03-02,11:07:59,Morning,Bangalore,Karnataka,Minor,Fog,Low
4423,2025-08-21,11:15:13,Morning,Mumbai,Maharashtra,Fatal,Clear,Low
4424,2026-03-25,16:17:33,Afternoon,Hyderabad,Telangana,Serious,Rain,Heavy
4425,2025-04-18,23:09:53,Night,Bangalore,Karnataka,Serious,Storm,Low
4426,2025-10-01,11:15:57,Morning,Bangalore,Karnataka,Serious,Storm,Moderate
4427,2025-08-02,01:59:21,Night,Bangalore,Karnataka,Minor,Drizzle,Moderate
4428,2025-05-24,18:20:32,Evening,Hyderabad,Telangana,Serious,Clear,Low
4429,2026-01-30,13:36:43,Afternoon,Bangalore,Karnataka,Serious,Drizzle,Heavy
4430,2026-02-14,04:12:21,Night,Bangalore,Karnataka,Minor,Cloudy,Low
4431,2025-12-23,01:04:34,Night,Hyderabad,Telangana,Fatal,Drizzle,Low
4432,2025-11-16,22:59:36,Night,Visakhapatnam,Andhra Pradesh,Minor,Clear,Moderate
4433,2026-01-29,10:10:06,Morning,Mumbai,Maharashtra,Serious,Drizzle,Heavy
4434,2025-07-31,09:52:12,Morning,Delhi,Delhi,Fatal,Rain,Low
4435,2025-04-15,12:08:58,Afternoon,Chennai,Tamil Nadu,Fatal,Rain,Heavy
4436,2025-05-26,09:45:06,Morning,Hyderabad,Telangana,Serious,Drizzle,Heavy
4437,2025-11-20,21:27:14,Night,Delhi,Delhi,Minor,Clear,Moderate
4438,2026-03-21,21:22:37,Night,Delhi,Delhi,Minor,Storm,Heavy
4439,2026-01-19,20:55:47,Evening,Delhi,Delhi,Fatal,Cloudy,Heavy
4440,2025-04-29,20:41:29,Evening,Bangalore,Karnataka,Minor,Fog,Moderate
4441,2026-01-11,07:46:25,Morning,Chennai,Tamil Nadu,Serious,Drizzle,Heavy
4442,2026-01-26,14:32:24,Afternoon,Hyderabad,Telangana,Fatal,Clear,Moderate
4443,2025-06-18,22:54:37,Night,Delhi,Delhi,Fatal,Clear,Low
4444,2026-03-13,11:17:13,Morning,Chennai,Tamil Nadu,Serious,Rain,Moderate
4445,2025-04-14,05:13:21,Morning,Visakhapatnam,Andhra Pradesh,Fatal,Fog,Low
4446,2025-05-24,03:02:33,Night,Chennai,Tamil Nadu,Serious,Clear,Low
4447,2026-01-25,13:25:00,Afternoon,Mumbai,Maharashtra,Fatal,Fog,Heavy
4448,2025-05-11,08:25:49,Morning,Chennai,Tamil Nadu,Fatal,Fog,Low
4449,2025-07-29,22:14:45,Night,Mumbai,Maharashtra,Serious,Clear,Moderate
4450,2025-06-09,23:41:01,Night,Chennai,Tamil Nadu,Fatal,Drizzle,Low
4451,2026-03-28,22:37:23,Night,Bangalore,Karnataka,Minor,Fog,Moderate
4452,2025-07-19,05:26:42,Morning,Bangalore,Karnataka,Serious,Fog,Moderate
4453,2025-04-18,13:12:41,Afternoon,Delhi,Delhi,Serious,Clear,Heavy
4454,2025-05-09,09:35:53,Morning,Visakhapatnam,Andhra Pradesh,Serious,Drizzle,Low
4455,2025-12-17,15:35:50,Afternoon,Mumbai,Maharashtra,Minor,Drizzle,Low
4456,2026-02-22,01:24:42,Night,Hyderabad,Telangana,Fatal,Fog,Heavy
4457,2025-11-19,10:40:33,Morning,Mumbai,Maharashtra,Minor,Fog,Low
4458,2025-07-01,01:56:45,Night,Mumbai,Maharashtra,Minor,Cloudy,Moderate
4459,2025-06-01,05:46:59,Morning,Chennai,Tamil Nadu,Minor,Rain,Heavy
4460,2026-01-10,02:48:51,Night,Chennai,Tamil Nadu,Serious,Drizzle,Heavy
4461,2025-06-14,19:19:07,Evening,Mumbai,Maharashtra,Minor,Cloudy,Low
4462,2025-08-18,02:34:22,Night,Bangalore,Karnataka,Serious,Storm,Heavy
4463,2025-11-21,14:51:18,Afternoon,Chennai,Tamil Nadu,Fatal,Cloudy,Heavy
4464,2025-11-21,03:50:40,Night,Mumbai,Maharashtra,Serious,Drizzle,Heavy
4465,2025-08-11,12:33:30,Afternoon,Mumbai,Maharashtra,Minor,Storm,Heavy
4466,2025-12-27,18:59:23,Evening,Mumbai,Maharashtra,Minor,Cloudy,Low
4467,2025-05-06,12:33:14,Afternoon,Hyderabad,Telangana,Fatal,Clear,Low
4468,2026-03-29,14:43:44,Afternoon,Mumbai,Maharashtra,Serious,Clear,Moderate
4469,2026-03-23,07:52:06,Morning,Visakhapatnam,Andhra Pradesh,Serious,Clear,Low
4470,2025-06-29,03:29:32,Night,Delhi,Delhi,Minor,Rain,Moderate
4471,2025-04-14,14:02:51,Afternoon,Chennai,Tamil Nadu,Minor,Clear,Moderate
4472,2025-04-17,17:06:57,Evening,Mumbai,Maharashtra,Minor,Fog,Low
4473,2025-11-23,21:19:14,Night,Hyderabad,Telangana,Serious,Fog,Heavy
4474,2025-06-10,15:37:09,Afternoon,Delhi,Delhi,Serious,Drizzle,Moderate
4475,2025-07-08,14:24:43,Afternoon,Mumbai,Maharashtra,Minor,Rain,Low
4476,2025-11-05,13:55:19,Afternoon,Chennai,Tamil Nadu,Fatal,Cloudy,Moderate
4477,2026-01-07,19:59:42,Evening,Chennai,Tamil Nadu,Serious,Cloudy,Moderate
4478,2025-08-31,19:59:44,Evening,Bangalore,Karnataka,Serious,Drizzle,Moderate
4479,2025-11-06,12:56:21,Afternoon,Chennai,Tamil Nadu,Minor,Cloudy,Moderate
4480,2025-12-12,00:59:06,Night,Mumbai,Maharashtra,Minor,Drizzle,Low
4481,2025-07-08,16:33:41,Afternoon,Chennai,Tamil Nadu,Minor,Rain,Heavy
4482,2025-10-01,15:41:48,Afternoon,Hyderabad,Telangana,Serious,Storm,Low
4483,2025-09-23,19:03:27,Evening,Delhi,Delhi,Serious,Cloudy,Heavy
4484,2025-04-15,10:28:53,Morning,Visakhapatnam,Andhra Pradesh,Fatal,Cloudy,Low
4485,2026-02-13,04:12:11,Night,Hyderabad,Telangana,Serious,Fog,Moderate
4486,2025-04-09,22:06:25,Night,Bangalore,Karnataka,Fatal,Drizzle,Moderate
4487,2025-05-14,01:01:12,Night,Delhi,Delhi,Serious,Storm,Heavy
4488,2025-12-14,17:52:58,Evening,Chennai,Tamil Nadu,Serious,Cloudy,Low
4489,2025-10-27,04:38:04,Night,Bangalore,Karnataka,Fatal,Cloudy,Low
4490,2025-10-30,01:32:04,Night,Mumbai,Maharashtra,Fatal,Cloudy,Low
4491,2026-04-02,04:59:27,Night,Visakhapatnam,Andhra Pradesh,Minor,Fog,Heavy
4492,2025-09-11,09:22:49,Morning,Hyderabad,Telangana,Minor,Storm,Low
4493,2025-06-13,07:50:20,Morning,Visakhapatnam,Andhra Pradesh,Fatal,Drizzle,Low
4494,2025-11-27,12:23:56,Afternoon,Delhi,Delhi,Minor,Clear,Moderate
4495,2025-10-21,08:58:39,Morning,Hyderabad,Telangana,Serious,Cloudy,Moderate
4496,2025-11-10,15:40:06,Afternoon,Delhi,Delhi,Fatal,Rain,Low
4497,2026-02-17,10:11:20,Morning,Visakhapatnam,Andhra Pradesh,Fatal,Drizzle,Moderate
4498,2025-10-17,04:13:44,Night,Chennai,Tamil Nadu,Minor,Clear,Moderate
4499,2025-07-22,22:51:07,Night,Mumbai,Maharashtra,Serious,Fog,Heavy
4500,2025-04-17,18:19:11,Evening,Mumbai,Maharashtra,Serious,Cloudy,Moderate
4501,2025-07-12,09:18:03,Morning,Mumbai,Maharashtra,Minor,Cloudy,Low
4502,2025-10-24,04:25:27,Night,Visakhapatnam,Andhra Pradesh,Fatal,Drizzle,Heavy
4503,2025-09-06,13:01:52,Afternoon,Delhi,Delhi,Fatal,Cloudy,Moderate
4504,2025-05-30,18:13:41,Evening,Bangalore,Karnataka,Fatal,Drizzle,Heavy
4505,2025-05-26,19:16:11,Evening,Visakhapatnam,Andhra Pradesh,Minor,Drizzle,Heavy
4506,2025-05-15,07:54:44,Morning,Visakhapatnam,Andhra Pradesh,Serious,Rain,Heavy
4507,2025-05-22,03:25:47,Night,Hyderabad,Telangana,Minor,Storm,Moderate
4508,2025-10-18,11:19:47,Morning,Mumbai,Maharashtra,Serious,Drizzle,Low
4509,2025-08-02,20:44:47,Evening,Delhi,Delhi,Serious,Cloudy,Heavy
4510,2026-03-31,00:46:56,Night,Visakhapatnam,Andhra Pradesh,Fatal,Fog,Heavy
4511,2025-05-21,12:49:58,Afternoon,Mumbai,Maharashtra,Serious,Clear,Low
4512,2025-09-09,00:20:48,Night,Chennai,Tamil Nadu,Serious,Fog,Low
4513,2025-08-18,09:43:14,Morning,Visakhapatnam,Andhra Pradesh,Minor,Rain,Moderate
4514,2025-05-01,01:45:33,Night,Visakhapatnam,Andhra Pradesh,Fatal,Fog,Heavy
4515,2025-09-26,19:05:03,Evening,Visakhapatnam,Andhra Pradesh,Minor,Cloudy,Moderate
4516,2025-11-21,13:20:27,Afternoon,Mumbai,Maharashtra,Serious,Fog,Heavy
4517,2025-12-17,06:22:42,Morning,Chennai,Tamil Nadu,Fatal,Storm,Moderate
4518,2026-02-05,03:38:02,Night,Mumbai,Maharashtra,Fatal,Storm,Low
4519,2025-10-25,19:32:22,Evening,Bangalore,Karnataka,Fatal,Rain,Heavy
4520,2025-05-18,05:44:33,Morning,Mumbai,Maharashtra,Minor,Drizzle,Low
4521,2025-05-14,08:25:55,Morning,Delhi,Delhi,Serious,Cloudy,Low
4522,2025-07-15,20:16:36,Evening,Hyderabad,Telangana,Fatal,Clear,Heavy
4523,2025-12-24,08:00:33,Morning,Visakhapatnam,Andhra Pradesh,Fatal,Rain,Low
4524,2025-09-03,08:07:57,Morning,Delhi,Delhi,Serious,Cloudy,Moderate
4525,2025-08-22,12:18:26,Afternoon,Delhi,Delhi,Fatal,Drizzle,Heavy
4526,2026-02-25,23:27:14,Night,Chennai,Tamil Nadu,Serious,Rain,Moderate
4527,2025-06-04,03:08:58,Night,Chennai,Tamil Nadu,Fatal,Fog,Low
4528,2025-06-12,16:46:13,Afternoon,Delhi,Delhi,Minor,Cloudy,Low
4529,2026-02-19,11:29:05,Morning,Delhi,Delhi,Fatal,Storm,Moderate
4530,2026-01-10,20:22:49,Evening,Visakhapatnam,Andhra Pradesh,Minor,Cloudy,Low
4531,2025-11-07,18:28:02,Evening,Visakhapatnam,Andhra Pradesh,Serious,Fog,Low
4532,2025-04-20,20:21:55,Evening,Bangalore,Karnataka,Minor,Storm,Heavy
4533,2025-07-13,08:15:12,Morning,Delhi,Delhi,Minor,Cloudy,Heavy
4534,2025-12-03,23:14:07,Night,Hyderabad,Telangana,Minor,Cloudy,Low
4535,2026-02-06,17:29:39,Evening,Delhi,Delhi,Fatal,Cloudy,Heavy
4536,2025-12-13,04:03:04,Night,Hyderabad,Telangana,Minor,Storm,Heavy
4537,2025-07-02,07:34:02,Morning,Bangalore,Karnataka,Fatal,Drizzle,Moderate
4538,2026-01-15,15:47:09,Afternoon,Chennai,Tamil Nadu,Serious,Rain,Heavy
4539,2025-07-18,13:32:28,Afternoon,Bangalore,Karnataka,Minor,Cloudy,Low
4540,2025-05-02,08:44:33,Morning,Visakhapatnam,Andhra Pradesh,Fatal,Fog,Low
4541,2025-07-23,12:11:05,Afternoon,Chennai,Tamil Nadu,Minor,Cloudy,Low
4542,2025-11-05,20:49:10,Evening,Bangalore,Karnataka,Serious,Cloudy,Heavy
4543,2026-01-13,13:06:47,Afternoon,Bangalore,Karnataka,Minor,Drizzle,Low
4544,2025-11-22,16:49:48,Afternoon,Chennai,Tamil Nadu,Minor,Drizzle,Heavy
4545,2025-11-21,22:33:36,Night,Mumbai,Maharashtra,Fatal,Drizzle,Heavy
4546,2025-09-08,21:48:12,Night,Bangalore,Karnataka,Serious,Rain,Heavy
4547,2026-01-11,17:12:36,Evening,Hyderabad,Telangana,Serious,Drizzle,Low
4548,2025-08-13,23:02:43,Night,Hyderabad,Telangana,Fatal,Cloudy,Low
4549,2025-07-12,01:12:04,Night,Chennai,Tamil Nadu,Minor,Clear,Heavy
4550,2025-10-29,06:06:25,Morning,Chennai,Tamil Nadu,Serious,Rain,Heavy
4551,2026-01-28,04:35:07,Night,Delhi,Delhi,Fatal,Drizzle,Moderate
4552,2025-12-29,08:02:43,Morning,Visakhapatnam,Andhra Pradesh,Fatal,Cloudy,Heavy
4553,2025-07-11,16:14:23,Afternoon,Bangalore,Karnataka,Serious,Drizzle,Heavy
4554,2025-10-20,01:26:16,Night,Mumbai,Maharashtra,Serious,Clear,Moderate
4555,2025-08-12,09:57:42,Morning,Visakhapatnam,Andhra Pradesh,Serious,Storm,Low
4556,2026-03-22,17:12:48,Evening,Mumbai,Maharashtra,Minor,Cloudy,Heavy
4557,2025-12-09,22:33:26,Night,Chennai,Tamil Nadu,Fatal,Storm,Moderate
4558,2025-04-24,12:51:01,Afternoon,Hyderabad,Telangana,Fatal,Rain,Moderate
4559,2026-02-08,03:52:21,Night,Delhi,Delhi,Minor,Cloudy,Low
4560,2025-10-12,21:27:54,Night,Delhi,Delhi,Minor,Drizzle,Low
4561,2026-04-06,19:04:39,Evening,Mumbai,Maharashtra,Serious,Rain,Low
4562,2025-09-12,19:04:14,Evening,Chennai,Tamil Nadu,Minor,Cloudy,Moderate
4563,2025-06-15,08:35:06,Morning,Bangalore,Karnataka,Minor,Rain,Moderate
4564,2025-12-19,18:40:29,Evening,Delhi,Delhi,Serious,Rain,Heavy
4565,2025-07-08,20:23:16,Evening,Mumbai,Maharashtra,Serious,Rain,Moderate
4566,2025-09-06,16:06:14,Afternoon,Visakhapatnam,Andhra Pradesh,Minor,Rain,Heavy
4567,2025-07-11,08:23:21,Morning,Mumbai,Maharashtra,Fatal,Rain,Low
4568,2025-10-02,17:41:57,Evening,Delhi,Delhi,Fatal,Fog,Low
4569,2025-06-24,03:20:47,Night,Mumbai,Maharashtra,Fatal,Rain,Heavy
4570,2025-05-26,04:32:11,Night,Chennai,Tamil Nadu,Serious,Rain,Heavy
4571,2025-04-30,06:49:46,Morning,Mumbai,Maharashtra,Serious,Rain,Low
4572,2025-06-13,22:27:38,Night,Delhi,Delhi,Fatal,Drizzle,Heavy
4573,2025-07-24,13:21:10,Afternoon,Mumbai,Maharashtra,Serious,Clear,Moderate
4574,2025-04-25,08:06:00,Morning,Hyderabad,Telangana,Serious,Fog,Heavy
4575,2026-03-25,16:30:24,Afternoon,Mumbai,Maharashtra,Serious,Clear,Heavy
4576,2025-08-16,12:23:36,Afternoon,Chennai,Tamil Nadu,Serious,Storm,Heavy
4577,2025-06-12,17:36:41,Evening,Chennai,Tamil Nadu,Fatal,Clear,Heavy
4578,2025-11-05,07:22:16,Morning,Bangalore,Karnataka,Fatal,Drizzle,Low
4579,2025-08-24,15:57:46,Afternoon,Hyderabad,Telangana,Minor,Fog,Low
4580,2026-02-03,17:09:44,Evening,Visakhapatnam,Andhra Pradesh,Fatal,Storm,Moderate
4581,2026-03-28,01:05:33,Night,Hyderabad,Telangana,Fatal,Cloudy,Low
4582,2025-12-16,16:09:14,Afternoon,Visakhapatnam,Andhra Pradesh,Serious,Storm,Heavy
4583,2025-10-22,10:56:31,Morning,Hyderabad,Telangana,Minor,Storm,Heavy
4584,2025-07-23,05:20:22,Morning,Mumbai,Maharashtra,Serious,Storm,Heavy
4585,2025-04-22,16:03:21,Afternoon,Bangalore,Karnataka,Serious,Clear,Low
4586,2026-03-20,02:19:18,Night,Hyderabad,Telangana,Serious,Cloudy,Moderate
4587,2026-03-25,17:32:42,Evening,Visakhapatnam,Andhra Pradesh,Minor,Rain,Moderate
4588,2025-11-21,01:57:12,Night,Visakhapatnam,Andhra Pradesh,Serious,Cloudy,Low
4589,2025-09-05,00:45:55,Night,Chennai,Tamil Nadu,Minor,Clear,Heavy
4590,2026-01-26,02:16:33,Night,Delhi,Delhi,Fatal,Fog,Heavy
4591,2025-07-26,23:42:05,Night,Visakhapatnam,Andhra Pradesh,Fatal,Fog,Moderate
4592,2026-01-06,16:32:30,Afternoon,Mumbai,Maharashtra,Minor,Drizzle,Moderate
4593,2025-05-12,12:13:18,Afternoon,Mumbai,Maharashtra,Serious,Clear,Moderate
4594,2025-11-03,10:55:51,Morning,Delhi,Delhi,Fatal,Storm,Moderate
4595,2025-11-01,01:10:02,Night,Chennai,Tamil Nadu,Fatal,Rain,Moderate
4596,2025-06-06,13:24:53,Afternoon,Delhi,Delhi,Serious,Fog,Low
4597,2025-08-03,22:06:09,Night,Bangalore,Karnataka,Serious,Drizzle,Moderate
4598,2025-09-28,19:23:21,Evening,Delhi,Delhi,Serious,Fog,Low
4599,2025-06-22,13:49:18,Afternoon,Chennai,Tamil Nadu,Fatal,Rain,Moderate
4600,2026-03-13,10:20:20,Morning,Delhi,Delhi,Serious,Rain,Low
4601,2025-09-06,14:29:50,Afternoon,Chennai,Tamil Nadu,Fatal,Storm,Low
4602,2025-08-06,23:04:55,Night,Bangalore,Karnataka,Fatal,Fog,Heavy
4603,2025-11-20,13:46:07,Afternoon,Mumbai,Maharashtra,Fatal,Drizzle,Heavy
4604,2025-08-14,20:30:42,Evening,Bangalore,Karnataka,Serious,Cloudy,Heavy
4605,2025-09-30,10:15:28,Morning,Visakhapatnam,Andhra Pradesh,Fatal,Storm,Low
4606,2026-04-04,11:03:25,Morning,Chennai,Tamil Nadu,Serious,Drizzle,Heavy
4607,2025-11-08,14:16:00,Afternoon,Chennai,Tamil Nadu,Fatal,Rain,Heavy
4608,2026-01-27,22:46:56,Night,Delhi,Delhi,Minor,Storm,Heavy
4609,2025-10-01,10:44:59,Morning,Delhi,Delhi,Minor,Fog,Low
4610,2025-10-06,18:28:58,Evening,Chennai,Tamil Nadu,Serious,Clear,Moderate
4611,2025-12-03,22:03:37,Night,Bangalore,Karnataka,Minor,Storm,Low
4612,2026-01-08,14:35:30,Afternoon,Mumbai,Maharashtra,Serious,Storm,Moderate
4613,2025-09-10,13:50:24,Afternoon,Delhi,Delhi,Minor,Drizzle,Low
4614,2025-06-06,12:33:26,Afternoon,Bangalore,Karnataka,Fatal,Rain,Moderate
4615,2025-06-04,19:51:47,Evening,Chennai,Tamil Nadu,Minor,Storm,Heavy
4616,2025-06-13,04:48:20,Night,Bangalore,Karnataka,Serious,Cloudy,Moderate
4617,2026-03-22,09:52:55,Morning,Chennai,Tamil Nadu,Minor,Clear,Low
4618,2025-07-17,07:25:50,Morning,Mumbai,Maharashtra,Minor,Drizzle,Moderate
4619,2026-02-18,02:38:58,Night,Hyderabad,Telangana,Fatal,Storm,Moderate
4620,2025-08-24,00:47:33,Night,Delhi,Delhi,Serious,Clear,Moderate
4621,2026-02-12,03:54:29,Night,Chennai,Tamil Nadu,Fatal,Rain,Low
4622,2025-07-04,07:57:04,Morning,Delhi,Delhi,Fatal,Storm,Heavy
4623,2025-04-16,00:57:51,Night,Chennai,Tamil Nadu,Minor,Cloudy,Low
4624,2025-06-21,19:20:05,Evening,Mumbai,Maharashtra,Serious,Drizzle,Heavy
4625,2025-04-21,18:13:15,Evening,Bangalore,Karnataka,Fatal,Fog,Moderate
4626,2025-08-31,21:16:17,Night,Mumbai,Maharashtra,Minor,Clear,Heavy
4627,2026-02-20,02:32:52,Night,Delhi,Delhi,Serious,Rain,Moderate
4628,2025-06-05,04:06:56,Night,Hyderabad,Telangana,Fatal,Storm,Moderate
4629,2026-04-03,13:28:35,Afternoon,Visakhapatnam,Andhra Pradesh,Fatal,Cloudy,Heavy
4630,2025-06-30,16:34:46,Afternoon,Bangalore,Karnataka,Serious,Cloudy,Moderate
4631,2025-10-09,10:06:18,Morning,Hyderabad,Telangana,Fatal,Fog,Heavy
4632,2025-05-06,21:26:50,Night,Delhi,Delhi,Minor,Storm,Heavy
4633,2025-12-05,08:29:43,Morning,Bangalore,Karnataka,Minor,Cloudy,Moderate
4634,2026-01-18,11:55:23,Morning,Chennai,Tamil Nadu,Serious,Drizzle,Heavy
4635,2025-05-21,14:11:48,Afternoon,Delhi,Delhi,Fatal,Storm,Moderate
4636,2025-07-31,06:01:46,Morning,Bangalore,Karnataka,Minor,Clear,Moderate
4637,2026-01-13,01:50:57,Night,Chennai,Tamil Nadu,Fatal,Rain,Moderate
4638,2026-01-10,19:12:14,Evening,Mumbai,Maharashtra,Fatal,Fog,Moderate
4639,2025-11-14,09:51:40,Morning,Delhi,Delhi,Minor,Drizzle,Moderate
4640,2026-03-02,00:06:10,Night,Bangalore,Karnataka,Serious,Rain,Low
4641,2025-07-11,17:00:08,Evening,Delhi,Delhi,Fatal,Fog,Low
4642,2026-03-02,22:11:45,Night,Bangalore,Karnataka,Serious,Clear,Heavy
4643,2025-04-30,16:59:06,Afternoon,Mumbai,Maharashtra,Fatal,Storm,Heavy
4644,2025-04-12,19:14:26,Evening,Hyderabad,Telangana,Minor,Rain,Low
4645,2025-08-17,12:25:29,Afternoon,Hyderabad,Telangana,Fatal,Clear,Moderate
4646,2025-11-07,15:11:43,Afternoon,Visakhapatnam,Andhra Pradesh,Fatal,Cloudy,Heavy
4647,2025-12-27,08:01:47,Morning,Chennai,Tamil Nadu,Serious,Clear,Moderate
4648,2025-12-09,14:42:26,Afternoon,Mumbai,Maharashtra,Minor,Rain,Moderate
4649,2025-04-08,02:05:14,Night,Mumbai,Maharashtra,Serious,Cloudy,Heavy
4650,2026-02-20,02:54:41,Night,Hyderabad,Telangana,Serious,Rain,Heavy
4651,2025-05-17,20:40:57,Evening,Hyderabad,Telangana,Fatal,Drizzle,Heavy
4652,2025-12-29,16:18:15,Afternoon,Bangalore,Karnataka,Minor,Rain,Heavy
4653,2025-10-25,02:38:04,Night,Mumbai,Maharashtra,Serious,Rain,Heavy
4654,2026-01-15,15:13:31,Afternoon,Chennai,Tamil Nadu,Serious,Clear,Heavy
4655,2025-04-11,18:38:51,Evening,Delhi,Delhi,Fatal,Storm,Heavy
4656,2025-06-27,10:08:29,Morning,Visakhapatnam,Andhra Pradesh,Serious,Fog,Moderate
4657,2025-11-11,14:19:44,Afternoon,Mumbai,Maharashtra,Fatal,Fog,Moderate
4658,2026-01-04,13:11:49,Afternoon,Delhi,Delhi,Serious,Clear,Heavy
4659,2025-11-28,19:57:55,Evening,Bangalore,Karnataka,Fatal,Fog,Low
4660,2025-12-17,06:25:53,Morning,Chennai,Tamil Nadu,Serious,Fog,Heavy
4661,2025-08-09,12:51:13,Afternoon,Mumbai,Maharashtra,Minor,Storm,Moderate
4662,2025-11-04,10:47:40,Morning,Visakhapatnam,Andhra Pradesh,Fatal,Storm,Heavy
4663,2026-01-02,14:01:46,Afternoon,Mumbai,Maharashtra,Fatal,Cloudy,Moderate
4664,2025-10-12,09:54:59,Morning,Hyderabad,Telangana,Minor,Drizzle,Moderate
4665,2025-09-09,10:02:02,Morning,Chennai,Tamil Nadu,Serious,Fog,Low
4666,2025-09-05,11:07:06,Morning,Hyderabad,Telangana,Fatal,Storm,Moderate
4667,2025-08-09,04:30:42,Night,Chennai,Tamil Nadu,Minor,Cloudy,Heavy
4668,2026-03-06,06:45:35,Morning,Bangalore,Karnataka,Serious,Fog,Moderate
4669,2025-11-18,02:37:27,Night,Visakhapatnam,Andhra Pradesh,Minor,Drizzle,Moderate
4670,2025-09-14,18:11:25,Evening,Hyderabad,Telangana,Fatal,Rain,Low
4671,2025-12-12,22:12:23,Night,Delhi,Delhi,Fatal,Clear,Moderate
4672,2025-07-27,12:53:56,Afternoon,Mumbai,Maharashtra,Fatal,Drizzle,Heavy
4673,2025-07-17,16:49:13,Afternoon,Mumbai,Maharashtra,Minor,Drizzle,Heavy
4674,2025-11-11,02:20:30,Night,Visakhapatnam,Andhra Pradesh,Fatal,Rain,Heavy
4675,2025-07-04,23:48:45,Night,Delhi,Delhi,Serious,Clear,Heavy
4676,2026-02-05,14:06:51,Afternoon,Visakhapatnam,Andhra Pradesh,Minor,Storm,Heavy
4677,2026-01-12,20:44:30,Evening,Visakhapatnam,Andhra Pradesh,Fatal,Rain,Low
4678,2025-09-03,07:47:26,Morning,Chennai,Tamil Nadu,Fatal,Rain,Moderate
4679,2026-01-03,22:48:33,Night,Visakhapatnam,Andhra Pradesh,Fatal,Fog,Heavy
4680,2026-03-12,05:15:47,Morning,Delhi,Delhi,Minor,Clear,Moderate
4681,2025-10-28,10:54:28,Morning,Mumbai,Maharashtra,Serious,Rain,Low
4682,2025-09-28,12:36:43,Afternoon,Bangalore,Karnataka,Fatal,Clear,Low
4683,2025-06-08,21:44:04,Night,Delhi,Delhi,Minor,Clear,Heavy
4684,2025-05-15,19:40:11,Evening,Delhi,Delhi,Minor,Cloudy,Heavy
4685,2026-02-08,23:40:43,Night,Visakhapatnam,Andhra Pradesh,Minor,Clear,Low
4686,2026-02-07,08:18:59,Morning,Delhi,Delhi,Serious,Clear,Heavy
4687,2025-07-19,13:12:20,Afternoon,Visakhapatnam,Andhra Pradesh,Minor,Clear,Moderate
4688,2026-03-09,11:23:20,Morning,Hyderabad,Telangana,Minor,Cloudy,Heavy
4689,2026-02-22,22:45:20,Night,Visakhapatnam,Andhra Pradesh,Minor,Clear,Heavy
4690,2025-09-30,19:48:02,Evening,Visakhapatnam,Andhra Pradesh,Fatal,Drizzle,Heavy
4691,2026-03-22,09:03:11,Morning,Chennai,Tamil Nadu,Serious,Storm,Moderate
4692,2026-02-04,23:10:31,Night,Mumbai,Maharashtra,Minor,Fog,Heavy
4693,2026-02-15,11:45:49,Morning,Visakhapatnam,Andhra Pradesh,Serious,Rain,Heavy
4694,2025-10-22,11:20:43,Morning,Chennai,Tamil Nadu,Minor,Fog,Moderate
4695,2025-04-13,18:12:30,Evening,Bangalore,Karnataka,Minor,Fog,Low
4696,2025-10-24,03:50:11,Night,Mumbai,Maharashtra,Fatal,Storm,Low
4697,2026-01-22,12:19:49,Afternoon,Visakhapatnam,Andhra Pradesh,Minor,Cloudy,Heavy
4698,2025-05-08,03:22:18,Night,Delhi,Delhi,Serious,Storm,Heavy
4699,2025-11-25,12:46:00,Afternoon,Hyderabad,Telangana,Serious,Clear,Heavy
4700,2025-09-13,08:30:28,Morning,Bangalore,Karnataka,Minor,Cloudy,Heavy
4701,2025-04-10,11:43:48,Morning,Chennai,Tamil Nadu,Fatal,Cloudy,Heavy
4702,2025-05-16,06:48:01,Morning,Visakhapatnam,Andhra Pradesh,Fatal,Clear,Moderate
4703,2025-11-11,16:39:37,Afternoon,Hyderabad,Telangana,Serious,Storm,Low
4704,2025-12-07,10:46:34,Morning,Delhi,Delhi,Serious,Rain,Heavy
4705,2026-01-03,10:21:14,Morning,Hyderabad,Telangana,Minor,Clear,Moderate
4706,2026-03-11,20:18:34,Evening,Delhi,Delhi,Fatal,Rain,Low
4707,2026-01-09,07:20:14,Morning,Delhi,Delhi,Fatal,Fog,Heavy
4708,2025-12-12,21:19:14,Night,Bangalore,Karnataka,Minor,Clear,Low
4709,2025-09-28,16:23:34,Afternoon,Hyderabad,Telangana,Serious,Drizzle,Heavy
4710,2026-02-05,00:32:41,Night,Mumbai,Maharashtra,Minor,Storm,Low
4711,2026-01-04,05:08:05,Morning,Mumbai,Maharashtra,Fatal,Storm,Heavy
4712,2026-02-11,13:14:35,Afternoon,Bangalore,Karnataka,Fatal,Rain,Heavy
4713,2025-12-02,17:30:40,Evening,Visakhapatnam,Andhra Pradesh,Serious,Clear,Low
4714,2026-03-07,01:41:04,Night,Delhi,Delhi,Serious,Rain,Heavy
4715,2026-03-22,21:33:30,Night,Mumbai,Maharashtra,Serious,Storm,Heavy
4716,2026-03-19,21:17:37,Night,Mumbai,Maharashtra,Fatal,Rain,Moderate
4717,2025-06-19,03:36:40,Night,Bangalore,Karnataka,Minor,Cloudy,Moderate
4718,2025-05-11,07:31:53,Morning,Mumbai,Maharashtra,Serious,Drizzle,Low
4719,2025-09-21,15:04:56,Afternoon,Delhi,Delhi,Minor,Cloudy,Heavy
4720,2025-05-06,10:39:38,Morning,Visakhapatnam,Andhra Pradesh,Fatal,Clear,Heavy
4721,2026-04-04,00:09:38,Night,Chennai,Tamil Nadu,Fatal,Cloudy,Heavy
4722,2026-03-08,07:22:13,Morning,Bangalore,Karnataka,Serious,Clear,Low
4723,2025-11-30,01:32:00,Night,Delhi,Delhi,Fatal,Storm,Heavy
4724,2025-05-15,09:12:12,Morning,Mumbai,Maharashtra,Serious,Rain,Moderate
4725,2025-05-12,10:02:51,Morning,Visakhapatnam,Andhra Pradesh,Fatal,Cloudy,Moderate
4726,2025-12-23,06:10:29,Morning,Chennai,Tamil Nadu,Minor,Rain,Low
4727,2026-03-03,07:32:03,Morning,Hyderabad,Telangana,Minor,Rain,Moderate
4728,2025-05-09,16:00:40,Afternoon,Hyderabad,Telangana,Minor,Rain,Moderate
4729,2026-01-08,21:34:14,Night,Chennai,Tamil Nadu,Fatal,Clear,Moderate
4730,2026-03-22,02:14:25,Night,Visakhapatnam,Andhra Pradesh,Serious,Drizzle,Low
4731,2025-08-24,21:30:38,Night,Visakhapatnam,Andhra Pradesh,Minor,Storm,Heavy
4732,2025-06-21,03:19:29,Night,Mumbai,Maharashtra,Fatal,Drizzle,Low
4733,2025-12-30,10:54:54,Morning,Mumbai,Maharashtra,Fatal,Drizzle,Heavy
4734,2025-07-05,15:52:35,Afternoon,Chennai,Tamil Nadu,Minor,Fog,Moderate
4735,2025-06-09,08:47:19,Morning,Hyderabad,Telangana,Serious,Fog,Moderate
4736,2025-07-23,07:20:53,Morning,Visakhapatnam,Andhra Pradesh,Serious,Clear,Moderate
4737,2025-10-13,20:59:45,Evening,Mumbai,Maharashtra,Minor,Drizzle,Heavy
4738,2025-08-03,14:55:23,Afternoon,Mumbai,Maharashtra,Minor,Fog,Moderate
4739,2026-03-13,08:01:50,Morning,Delhi,Delhi,Minor,Drizzle,Low
4740,2025-05-14,02:28:24,Night,Bangalore,Karnataka,Fatal,Fog,Heavy
4741,2025-12-01,21:47:13,Night,Visakhapatnam,Andhra Pradesh,Fatal,Storm,Heavy
4742,2026-02-07,02:41:19,Night,Mumbai,Maharashtra,Serious,Storm,Moderate
4743,2026-01-27,06:42:12,Morning,Chennai,Tamil Nadu,Fatal,Storm,Low
4744,2025-06-01,14:26:34,Afternoon,Visakhapatnam,Andhra Pradesh,Minor,Clear,Moderate
4745,2026-02-14,04:32:01,Night,Visakhapatnam,Andhra Pradesh,Minor,Rain,Heavy
4746,2025-12-31,18:15:09,Evening,Visakhapatnam,Andhra Pradesh,Fatal,Cloudy,Low
4747,2025-12-01,00:35:42,Night,Chennai,Tamil Nadu,Fatal,Drizzle,Moderate
4748,2025-04-23,00:35:12,Night,Chennai,Tamil Nadu,Minor,Fog,Moderate
4749,2025-06-29,00:43:47,Night,Visakhapatnam,Andhra Pradesh,Serious,Drizzle,Moderate
4750,2025-12-27,05:44:41,Morning,Visakhapatnam,Andhra Pradesh,Fatal,Cloudy,Moderate
4751,2025-09-17,20:23:45,Evening,Delhi,Delhi,Minor,Storm,Moderate
4752,2026-02-15,04:57:14,Night,Delhi,Delhi,Minor,Storm,Moderate
4753,2025-05-16,05:51:42,Morning,Hyderabad,Telangana,Serious,Cloudy,Moderate
4754,2025-10-24,06:29:07,Morning,Bangalore,Karnataka,Fatal,Rain,Heavy
4755,2025-04-11,22:47:35,Night,Mumbai,Maharashtra,Minor,Storm,Low
4756,2025-10-14,07:34:26,Morning,Bangalore,Karnataka,Fatal,Drizzle,Low
4757,2025-09-14,16:52:49,Afternoon,Bangalore,Karnataka,Minor,Drizzle,Low
4758,2025-07-06,04:18:30,Night,Visakhapatnam,Andhra Pradesh,Fatal,Clear,Heavy
4759,2025-12-10,15:46:41,Afternoon,Hyderabad,Telangana,Fatal,Cloudy,Moderate
4760,2025-12-26,17:05:15,Evening,Chennai,Tamil Nadu,Fatal,Drizzle,Moderate
4761,2026-02-02,13:01:55,Afternoon,Bangalore,Karnataka,Serious,Drizzle,Heavy
4762,2026-03-30,22:17:33,Night,Mumbai,Maharashtra,Minor,Fog,Low
4763,2026-02-10,19:31:55,Evening,Mumbai,Maharashtra,Minor,Cloudy,Moderate
4764,2025-12-26,12:24:30,Afternoon,Visakhapatnam,Andhra Pradesh,Serious,Rain,Moderate
4765,2025-10-17,16:50:55,Afternoon,Mumbai,Maharashtra,Minor,Cloudy,Moderate
4766,2026-03-13,17:47:14,Evening,Hyderabad,Telangana,Fatal,Drizzle,Heavy
4767,2025-11-17,03:40:30,Night,Hyderabad,Telangana,Minor,Storm,Heavy
4768,2026-01-27,08:15:47,Morning,Chennai,Tamil Nadu,Fatal,Rain,Moderate
4769,2025-06-22,17:56:49,Evening,Hyderabad,Telangana,Serious,Cloudy,Heavy
4770,2025-10-02,22:56:29,Night,Delhi,Delhi,Minor,Rain,Low
4771,2025-06-24,12:22:46,Afternoon,Chennai,Tamil Nadu,Fatal,Rain,Low
4772,2025-12-22,19:56:01,Evening,Delhi,Delhi,Serious,Rain,Heavy
4773,2025-12-28,09:34:03,Morning,Chennai,Tamil Nadu,Serious,Fog,Low
4774,2025-12-01,23:08:39,Night,Delhi,Delhi,Serious,Drizzle,Heavy
4775,2025-11-29,14:20:02,Afternoon,Mumbai,Maharashtra,Fatal,Fog,Moderate
4776,2026-01-06,20:57:30,Evening,Bangalore,Karnataka,Minor,Fog,Low
4777,2026-01-06,23:05:10,Night,Delhi,Delhi,Serious,Cloudy,Moderate
4778,2025-09-27,17:22:40,Evening,Delhi,Delhi,Fatal,Cloudy,Moderate
4779,2026-03-02,19:22:50,Evening,Hyderabad,Telangana,Minor,Clear,Low
4780,2026-01-29,07:07:03,Morning,Visakhapatnam,Andhra Pradesh,Minor,Rain,Heavy
4781,2025-05-15,21:55:00,Night,Delhi,Delhi,Serious,Fog,Heavy
4782,2025-09-23,15:15:15,Afternoon,Hyderabad,Telangana,Serious,Cloudy,Heavy
4783,2025-09-12,11:04:11,Morning,Bangalore,Karnataka,Fatal,Cloudy,Heavy
4784,2025-04-27,05:43:26,Morning,Chennai,Tamil Nadu,Fatal,Drizzle,Low
4785,2025-05-28,00:06:01,Night,Visakhapatnam,Andhra Pradesh,Minor,Fog,Moderate
4786,2026-01-02,04:09:36,Night,Bangalore,Karnataka,Fatal,Drizzle,Low
4787,2025-05-01,08:32:47,Morning,Mumbai,Maharashtra,Serious,Storm,Moderate
4788,2025-12-06,08:43:11,Morning,Chennai,Tamil Nadu,Minor,Drizzle,Heavy
4789,2025-05-12,10:09:35,Morning,Visakhapatnam,Andhra Pradesh,Minor,Cloudy,Heavy
4790,2025-08-15,12:21:24,Afternoon,Delhi,Delhi,Serious,Cloudy,Moderate
4791,2025-08-05,04:23:27,Night,Chennai,Tamil Nadu,Minor,Clear,Heavy
4792,2026-02-20,15:38:37,Afternoon,Mumbai,Maharashtra,Serious,Cloudy,Low
4793,2025-07-30,23:53:05,Night,Hyderabad,Telangana,Minor,Clear,Heavy
4794,2025-10-12,13:08:18,Afternoon,Delhi,Delhi,Fatal,Fog,Moderate
4795,2025-05-08,13:57:22,Afternoon,Visakhapatnam,Andhra Pradesh,Minor,Cloudy,Heavy
4796,2026-02-18,22:22:11,Night,Hyderabad,Telangana,Fatal,Drizzle,Low
4797,2026-03-20,04:50:24,Night,Visakhapatnam,Andhra Pradesh,Serious,Fog,Moderate
4798,2026-03-23,03:06:35,Night,Mumbai,Maharashtra,Serious,Fog,Low
4799,2025-11-19,04:32:12,Night,Visakhapatnam,Andhra Pradesh,Minor,Fog,Low
4800,2025-10-27,19:21:50,Evening,Bangalore,Karnataka,Serious,Storm,Low
4801,2025-08-09,23:42:33,Night,Mumbai,Maharashtra,Fatal,Fog,Heavy
4802,2025-08-14,14:49:38,Afternoon,Chennai,Tamil Nadu,Minor,Clear,Heavy
4803,2025-06-12,10:46:59,Morning,Visakhapatnam,Andhra Pradesh,Minor,Storm,Heavy
4804,2025-12-26,13:52:23,Afternoon,Visakhapatnam,Andhra Pradesh,Fatal,Drizzle,Low
4805,2025-12-01,08:45:49,Morning,Hyderabad,Telangana,Serious,Clear,Heavy
4806,2026-02-04,17:00:53,Evening,Visakhapatnam,Andhra Pradesh,Minor,Cloudy,Heavy
4807,2025-08-27,01:05:20,Night,Delhi,Delhi,Fatal,Drizzle,Heavy
4808,2026-03-07,21:24:33,Night,Visakhapatnam,Andhra Pradesh,Fatal,Clear,Low
4809,2026-02-27,21:41:49,Night,Bangalore,Karnataka,Fatal,Clear,Heavy
4810,2026-02-09,19:25:34,Evening,Hyderabad,Telangana,Fatal,Storm,Moderate
4811,2025-04-23,17:44:35,Evening,Visakhapatnam,Andhra Pradesh,Fatal,Fog,Low
4812,2025-09-05,01:20:22,Night,Bangalore,Karnataka,Serious,Fog,Heavy
4813,2026-02-19,17:30:35,Evening,Visakhapatnam,Andhra Pradesh,Fatal,Fog,Moderate
4814,2025-12-28,23:01:54,Night,Hyderabad,Telangana,Fatal,Cloudy,Moderate
4815,2026-03-31,15:47:10,Afternoon,Mumbai,Maharashtra,Fatal,Storm,Low
4816,2026-03-28,16:24:39,Afternoon,Chennai,Tamil Nadu,Minor,Fog,Heavy
4817,2025-11-10,05:49:34,Morning,Visakhapatnam,Andhra Pradesh,Serious,Drizzle,Moderate
4818,2025-08-01,12:59:26,Afternoon,Visakhapatnam,Andhra Pradesh,Minor,Rain,Low
4819,2026-02-07,21:16:19,Night,Chennai,Tamil Nadu,Minor,Drizzle,Heavy
4820,2025-12-16,13:17:53,Afternoon,Hyderabad,Telangana,Serious,Fog,Moderate
4821,2025-09-27,22:11:39,Night,Visakhapatnam,Andhra Pradesh,Fatal,Clear,Moderate
4822,2025-05-12,21:19:10,Night,Hyderabad,Telangana,Serious,Clear,Heavy
4823,2025-08-26,19:37:43,Evening,Chennai,Tamil Nadu,Serious,Cloudy,Heavy
4824,2025-09-20,20:00:38,Evening,Mumbai,Maharashtra,Fatal,Storm,Moderate
4825,2025-11-02,22:04:20,Night,Bangalore,Karnataka,Serious,Cloudy,Heavy
4826,2025-07-08,00:50:42,Night,Hyderabad,Telangana,Minor,Storm,Heavy
4827,2026-04-07,21:53:32,Night,Bangalore,Karnataka,Fatal,Drizzle,Low
4828,2026-04-04,16:59:55,Afternoon,Chennai,Tamil Nadu,Minor,Clear,Moderate
4829,2026-04-05,09:17:20,Morning,Hyderabad,Telangana,Minor,Cloudy,Heavy
4830,2025-06-01,16:04:24,Afternoon,Hyderabad,Telangana,Minor,Drizzle,Moderate
4831,2025-05-08,21:01:21,Night,Bangalore,Karnataka,Minor,Rain,Heavy
4832,2025-05-08,22:21:34,Night,Delhi,Delhi,Minor,Cloudy,Heavy
4833,2025-11-04,15:27:44,Afternoon,Visakhapatnam,Andhra Pradesh,Fatal,Rain,Heavy
4834,2026-03-03,21:01:46,Night,Chennai,Tamil Nadu,Minor,Clear,Heavy
4835,2026-03-02,09:13:42,Morning,Hyderabad,Telangana,Fatal,Drizzle,Heavy
4836,2025-04-15,22:17:09,Night,Delhi,Delhi,Serious,Drizzle,Low
4837,2026-03-27,20:49:53,Evening,Bangalore,Karnataka,Fatal,Clear,Low
4838,2025-09-26,04:27:56,Night,Hyderabad,Telangana,Fatal,Fog,Heavy
4839,2026-03-11,03:33:44,Night,Hyderabad,Telangana,Serious,Rain,Low
4840,2025-12-28,18:47:21,Evening,Bangalore,Karnataka,Fatal,Fog,Low
4841,2025-08-28,16:23:36,Afternoon,Chennai,Tamil Nadu,Serious,Cloudy,Heavy
4842,2025-04-23,12:30:08,Afternoon,Delhi,Delhi,Serious,Clear,Moderate
4843,2026-02-04,09:52:26,Morning,Delhi,Delhi,Minor,Fog,Moderate
4844,2025-04-09,22:52:12,Night,Bangalore,Karnataka,Minor,Clear,Heavy
4845,2026-02-07,07:24:56,Morning,Visakhapatnam,Andhra Pradesh,Minor,Clear,Low
4846,2026-01-15,07:32:59,Morning,Bangalore,Karnataka,Fatal,Drizzle,Heavy
4847,2026-02-21,17:53:14,Evening,Mumbai,Maharashtra,Minor,Clear,Heavy
4848,2026-01-31,16:14:44,Afternoon,Mumbai,Maharashtra,Fatal,Fog,Moderate
4849,2025-09-09,22:08:43,Night,Hyderabad,Telangana,Fatal,Fog,Low
4850,2025-12-27,00:11:31,Night,Visakhapatnam,Andhra Pradesh,Fatal,Fog,Moderate
4851,2025-10-22,07:03:22,Morning,Hyderabad,Telangana,Minor,Fog,Heavy
4852,2025-06-02,09:22:22,Morning,Mumbai,Maharashtra,Fatal,Fog,Heavy
4853,2025-05-21,00:01:10,Night,Bangalore,Karnataka,Minor,Clear,Low
4854,2025-10-24,00:51:43,Night,Chennai,Tamil Nadu,Fatal,Clear,Heavy
4855,2025-10-13,20:59:56,Evening,Mumbai,Maharashtra,Fatal,Fog,Low
4856,2025-08-25,11:39:21,Morning,Bangalore,Karnataka,Fatal,Cloudy,Moderate
4857,2026-01-01,07:45:48,Morning,Hyderabad,Telangana,Minor,Rain,Low
4858,2026-03-27,02:03:47,Night,Chennai,Tamil Nadu,Serious,Drizzle,Moderate
4859,2025-10-07,06:22:54,Morning,Hyderabad,Telangana,Serious,Storm,Heavy
4860,2025-10-23,18:20:25,Evening,Visakhapatnam,Andhra Pradesh,Serious,Clear,Low
4861,2026-02-09,01:33:28,Night,Mumbai,Maharashtra,Serious,Fog,Heavy
4862,2025-05-01,16:33:30,Afternoon,Visakhapatnam,Andhra Pradesh,Fatal,Drizzle,Heavy
4863,2025-07-17,22:28:29,Night,Mumbai,Maharashtra,Serious,Clear,Low
4864,2025-07-17,18:33:46,Evening,Mumbai,Maharashtra,Minor,Clear,Low
4865,2025-08-07,10:30:47,Morning,Hyderabad,Telangana,Minor,Rain,Moderate
4866,2025-08-05,18:42:11,Evening,Visakhapatnam,Andhra Pradesh,Serious,Cloudy,Heavy
4867,2025-08-08,04:29:40,Night,Bangalore,Karnataka,Minor,Drizzle,Moderate
4868,2025-06-18,06:19:02,Morning,Hyderabad,Telangana,Minor,Drizzle,Heavy
4869,2025-10-29,09:55:25,Morning,Mumbai,Maharashtra,Minor,Storm,Heavy
4870,2025-07-14,03:23:56,Night,Mumbai,Maharashtra,Serious,Drizzle,Heavy
4871,2026-04-02,10:59:05,Morning,Hyderabad,Telangana,Serious,Cloudy,Moderate
4872,2026-02-21,16:36:25,Afternoon,Delhi,Delhi,Fatal,Storm,Moderate
4873,2025-08-31,13:47:08,Afternoon,Bangalore,Karnataka,Serious,Storm,Moderate
4874,2026-03-11,20:22:52,Evening,Delhi,Delhi,Fatal,Drizzle,Heavy
4875,2025-08-13,17:18:47,Evening,Delhi,Delhi,Fatal,Cloudy,Moderate
4876,2025-10-14,03:30:14,Night,Mumbai,Maharashtra,Fatal,Drizzle,Heavy
4877,2025-11-11,21:16:08,Night,Hyderabad,Telangana,Minor,Drizzle,Moderate
4878,2025-04-27,22:56:52,Night,Chennai,Tamil Nadu,Fatal,Rain,Moderate
4879,2025-07-25,00:09:23,Night,Visakhapatnam,Andhra Pradesh,Serious,Cloudy,Moderate
4880,2025-08-20,07:07:07,Morning,Hyderabad,Telangana,Fatal,Fog,Low
4881,2025-04-21,22:03:11,Night,Hyderabad,Telangana,Fatal,Rain,Low
4882,2025-12-08,09:50:01,Morning,Hyderabad,Telangana,Fatal,Fog,Heavy
4883,2025-08-18,08:47:06,Morning,Mumbai,Maharashtra,Fatal,Drizzle,Low
4884,2025-10-30,18:34:50,Evening,Visakhapatnam,Andhra Pradesh,Serious,Cloudy,Low
4885,2026-02-03,10:42:30,Morning,Hyderabad,Telangana,Serious,Drizzle,Moderate
4886,2025-11-07,21:58:46,Night,Mumbai,Maharashtra,Serious,Storm,Moderate
4887,2026-02-11,11:43:01,Morning,Visakhapatnam,Andhra Pradesh,Fatal,Drizzle,Moderate
4888,2026-02-03,23:30:31,Night,Mumbai,Maharashtra,Serious,Storm,Low
4889,2025-10-13,20:51:21,Evening,Hyderabad,Telangana,Serious,Clear,Heavy
4890,2025-10-07,23:34:31,Night,Hyderabad,Telangana,Serious,Rain,Heavy
4891,2025-11-01,13:36:35,Afternoon,Visakhapatnam,Andhra Pradesh,Minor,Rain,Heavy
4892,2025-08-19,16:45:10,Afternoon,Visakhapatnam,Andhra Pradesh,Minor,Storm,Low
4893,2025-06-25,13:14:42,Afternoon,Chennai,Tamil Nadu,Minor,Fog,Heavy
4894,2025-06-03,14:57:13,Afternoon,Chennai,Tamil Nadu,Fatal,Cloudy,Moderate
4895,2025-08-06,03:48:09,Night,Hyderabad,Telangana,Fatal,Drizzle,Low
4896,2025-09-17,11:14:16,Morning,Chennai,Tamil Nadu,Fatal,Cloudy,Low
4897,2025-10-13,21:01:04,Night,Delhi,Delhi,Minor,Drizzle,Heavy
4898,2026-03-30,17:43:14,Evening,Mumbai,Maharashtra,Serious,Cloudy,Heavy
4899,2025-07-21,12:29:38,Afternoon,Visakhapatnam,Andhra Pradesh,Fatal,Fog,Heavy
4900,2026-01-07,15:37:52,Afternoon,Mumbai,Maharashtra,Fatal,Fog,Moderate
4901,2025-04-18,00:01:49,Night,Chennai,Tamil Nadu,Minor,Clear,Moderate
4902,2026-03-19,07:31:25,Morning,Delhi,Delhi,Serious,Rain,Moderate
4903,2025-04-14,05:45:19,Morning,Delhi,Delhi,Fatal,Cloudy,Heavy
4904,2025-08-27,05:01:20,Morning,Visakhapatnam,Andhra Pradesh,Serious,Rain,Heavy
4905,2025-06-08,00:44:35,Night,Bangalore,Karnataka,Minor,Cloudy,Heavy
4906,2025-11-30,17:38:51,Evening,Mumbai,Maharashtra,Fatal,Fog,Moderate
4907,2025-04-09,09:23:16,Morning,Mumbai,Maharashtra,Fatal,Clear,Heavy
4908,2026-03-21,10:56:18,Morning,Hyderabad,Telangana,Minor,Rain,Heavy
4909,2025-07-02,14:51:22,Afternoon,Visakhapatnam,Andhra Pradesh,Fatal,Clear,Moderate
4910,2025-10-10,17:15:53,Evening,Bangalore,Karnataka,Fatal,Cloudy,Moderate
4911,2026-01-24,11:38:01,Morning,Mumbai,Maharashtra,Fatal,Cloudy,Heavy
4912,2025-08-13,09:54:48,Morning,Chennai,Tamil Nadu,Fatal,Drizzle,Low
4913,2025-12-09,11:37:43,Morning,Delhi,Delhi,Fatal,Cloudy,Moderate
4914,2025-08-22,14:38:04,Afternoon,Chennai,Tamil Nadu,Serious,Fog,Low
4915,2025-07-02,11:24:42,Morning,Chennai,Tamil Nadu,Serious,Fog,Heavy
4916,2026-01-25,08:27:06,Morning,Visakhapatnam,Andhra Pradesh,Fatal,Clear,Low
4917,2025-09-05,04:21:24,Night,Chennai,Tamil Nadu,Minor,Fog,Moderate
4918,2025-08-02,18:00:54,Evening,Mumbai,Maharashtra,Serious,Fog,Heavy
4919,2025-10-06,06:19:09,Morning,Delhi,Delhi,Minor,Storm,Heavy
4920,2025-12-04,06:32:06,Morning,Mumbai,Maharashtra,Minor,Rain,Low
4921,2025-11-14,18:39:54,Evening,Delhi,Delhi,Serious,Fog,Heavy
4922,2026-03-21,14:40:14,Afternoon,Hyderabad,Telangana,Minor,Drizzle,Low
4923,2026-03-03,18:07:16,Evening,Visakhapatnam,Andhra Pradesh,Fatal,Cloudy,Moderate
4924,2025-04-10,22:57:34,Night,Chennai,Tamil Nadu,Fatal,Fog,Moderate
4925,2026-02-03,05:15:33,Morning,Hyderabad,Telangana,Minor,Storm,Moderate
4926,2026-01-04,20:52:15,Evening,Mumbai,Maharashtra,Serious,Fog,Heavy
4927,2025-09-21,08:02:42,Morning,Bangalore,Karnataka,Minor,Fog,Heavy
4928,2025-11-07,07:26:42,Morning,Bangalore,Karnataka,Minor,Cloudy,Heavy
4929,2026-01-15,15:47:25,Afternoon,Visakhapatnam,Andhra Pradesh,Fatal,Fog,Heavy
4930,2025-12-27,20:44:14,Evening,Delhi,Delhi,Fatal,Drizzle,Heavy
4931,2025-06-04,20:07:47,Evening,Visakhapatnam,Andhra Pradesh,Serious,Clear,Heavy
4932,2026-02-18,20:53:29,Evening,Delhi,Delhi,Serious,Drizzle,Heavy
4933,2026-02-19,21:04:25,Night,Bangalore,Karnataka,Serious,Rain,Heavy
4934,2025-09-22,23:43:28,Night,Bangalore,Karnataka,Fatal,Drizzle,Heavy
4935,2025-11-13,09:47:24,Morning,Mumbai,Maharashtra,Fatal,Rain,Heavy
4936,2025-11-03,00:01:05,Night,Mumbai,Maharashtra,Minor,Fog,Low
4937,2025-11-07,07:23:51,Morning,Visakhapatnam,Andhra Pradesh,Serious,Rain,Low
4938,2025-06-02,21:15:22,Night,Hyderabad,Telangana,Minor,Fog,Low
4939,2025-12-11,06:57:18,Morning,Bangalore,Karnataka,Fatal,Fog,Moderate
4940,2025-11-12,22:12:18,Night,Chennai,Tamil Nadu,Minor,Cloudy,Heavy
4941,2025-10-02,02:28:23,Night,Hyderabad,Telangana,Minor,Storm,Low
4942,2025-05-08,15:59:24,Afternoon,Chennai,Tamil Nadu,Serious,Drizzle,Low
4943,2025-06-27,00:37:42,Night,Chennai,Tamil Nadu,Minor,Drizzle,Heavy
4944,2025-08-19,14:10:23,Afternoon,Chennai,Tamil Nadu,Serious,Rain,Heavy
4945,2025-06-14,22:27:41,Night,Chennai,Tamil Nadu,Fatal,Fog,Moderate
4946,2025-07-31,06:03:42,Morning,Delhi,Delhi,Serious,Drizzle,Low
4947,2025-07-07,08:53:56,Morning,Delhi,Delhi,Minor,Cloudy,Low
4948,2025-07-29,07:55:05,Morning,Mumbai,Maharashtra,Fatal,Drizzle,Moderate
4949,2026-01-04,14:55:04,Afternoon,Hyderabad,Telangana,Serious,Fog,Moderate
4950,2025-10-09,18:01:12,Evening,Visakhapatnam,Andhra Pradesh,Minor,Rain,Low
4951,2025-12-04,02:33:04,Night,Delhi,Delhi,Minor,Drizzle,Moderate
4952,2025-11-10,11:21:07,Morning,Bangalore,Karnataka,Serious,Storm,Low
4953,2025-11-23,16:33:02,Afternoon,Chennai,Tamil Nadu,Minor,Storm,Low
4954,2025-08-14,19:02:57,Evening,Delhi,Delhi,Fatal,Cloudy,Low
4955,2025-04-15,15:28:33,Afternoon,Mumbai,Maharashtra,Serious,Fog,Moderate
4956,2025-08-20,18:30:12,Evening,Mumbai,Maharashtra,Fatal,Rain,Heavy
4957,2025-04-21,02:14:43,Night,Bangalore,Karnataka,Minor,Drizzle,Heavy
4958,2025-04-27,13:29:56,Afternoon,Mumbai,Maharashtra,Minor,Storm,Heavy
4959,2026-01-23,22:05:43,Night,Hyderabad,Telangana,Minor,Cloudy,Heavy
4960,2025-06-17,07:02:45,Morning,Hyderabad,Telangana,Serious,Drizzle,Moderate
4961,2025-05-08,22:18:28,Night,Delhi,Delhi,Fatal,Clear,Low
4962,2025-06-16,02:21:26,Night,Hyderabad,Telangana,Minor,Drizzle,Low
4963,2025-10-06,23:06:50,Night,Chennai,Tamil Nadu,Minor,Cloudy,Moderate
4964,2026-02-20,16:05:18,Afternoon,Hyderabad,Telangana,Minor,Clear,Moderate
4965,2025-07-23,22:42:38,Night,Bangalore,Karnataka,Serious,Drizzle,Low
4966,2025-08-24,17:23:06,Evening,Mumbai,Maharashtra,Fatal,Fog,Low
4967,2025-10-21,18:26:11,Evening,Bangalore,Karnataka,Fatal,Drizzle,Low
4968,2025-09-09,09:47:02,Morning,Visakhapatnam,Andhra Pradesh,Serious,Clear,Low
4969,2025-08-22,22:06:00,Night,Hyderabad,Telangana,Minor,Drizzle,Low
4970,2026-01-26,23:09:22,Night,Mumbai,Maharashtra,Fatal,Fog,Moderate
4971,2025-07-13,09:09:54,Morning,Bangalore,Karnataka,Serious,Fog,Low
4972,2025-05-18,03:27:16,Night,Hyderabad,Telangana,Serious,Rain,Low
4973,2026-03-14,06:14:25,Morning,Delhi,Delhi,Minor,Storm,Moderate
4974,2025-11-08,13:36:27,Afternoon,Bangalore,Karnataka,Serious,Fog,Moderate
4975,2025-06-05,09:36:11,Morning,Hyderabad,Telangana,Minor,Fog,Heavy
4976,2026-02-04,03:07:19,Night,Hyderabad,Telangana,Serious,Drizzle,Moderate
4977,2025-08-27,00:14:16,Night,Hyderabad,Telangana,Serious,Fog,Low
4978,2025-06-04,19:13:34,Evening,Bangalore,Karnataka,Fatal,Cloudy,Heavy
4979,2025-12-08,19:06:03,Evening,Visakhapatnam,Andhra Pradesh,Serious,Rain,Low
4980,2025-05-30,04:26:52,Night,Visakhapatnam,Andhra Pradesh,Serious,Rain,Heavy
4981,2025-05-09,17:24:47,Evening,Bangalore,Karnataka,Minor,Fog,Heavy
4982,2026-01-29,16:47:34,Afternoon,Visakhapatnam,Andhra Pradesh,Minor,Storm,Heavy
4983,2025-12-24,01:55:41,Night,Bangalore,Karnataka,Fatal,Drizzle,Low
4984,2026-02-19,10:34:16,Morning,Visakhapatnam,Andhra Pradesh,Fatal,Rain,Moderate
4985,2025-12-25,20:56:07,Evening,Delhi,Delhi,Minor,Cloudy,Moderate
4986,2026-03-14,08:38:50,Morning,Chennai,Tamil Nadu,Serious,Rain,Moderate
4987,2026-03-31,16:27:36,Afternoon,Delhi,Delhi,Minor,Cloudy,Heavy
4988,2025-11-11,08:12:39,Morning,Hyderabad,Telangana,Minor,Fog,Moderate
4989,2025-06-30,05:32:14,Morning,Visakhapatnam,Andhra Pradesh,Minor,Cloudy,Moderate
4990,2025-08-03,18:58:31,Evening,Bangalore,Karnataka,Minor,Drizzle,Heavy
4991,2026-02-09,02:15:08,Night,Bangalore,Karnataka,Serious,Cloudy,Heavy
4992,2025-08-06,18:03:53,Evening,Mumbai,Maharashtra,Minor,Cloudy,Heavy
4993,2025-11-05,02:55:51,Night,Mumbai,Maharashtra,Minor,Drizzle,Low
4994,2025-10-26,15:01:13,Afternoon,Chennai,Tamil Nadu,Serious,Drizzle,Heavy
4995,2026-02-07,11:20:07,Morning,Chennai,Tamil Nadu,Minor,Cloudy,Moderate
4996,2025-11-05,08:05:51,Morning,Chennai,Tamil Nadu,Fatal,Rain,Heavy
4997,2025-07-25,17:13:10,Evening,Hyderabad,Telangana,Fatal,Rain,Low
4998,2025-08-02,21:08:32,Night,Mumbai,Maharashtra,Serious,Storm,Heavy
4999,2025-09-29,01:56:59,Night,Delhi,Delhi,Fatal,Drizzle,Low
5000,2025-10-30,01:50:46,Night,Visakhapatnam,Andhra Pradesh,Serious,Drizzle,Moderate
